score,english,sindhi,english_definition,final_decision,final_reason,quality_decision,quality_reason,cleanup_decision,cleanup_reason,stage4_decision,stage4_reason
13,arriving,سَهيڙو,Arriving.,ACCEPT,Definition directly matches the English headword.,REVIEW,Definition is essentially the English headword.,,,FINAL,Exact English headword definition.
13,atlantic,اوقيانوس,Atlantic.,ACCEPT,Definition directly matches the English headword.,REVIEW,Definition is essentially the English headword.,,,FINAL,Exact English headword definition.
13,blanco,کَڙۇ,Blanco.,ACCEPT,Definition directly matches the English headword.,REVIEW,Definition is essentially the English headword.,,,FINAL,Exact English headword definition.
13,breaking,ٽوڙَڦوڙَ,Breaking.,ACCEPT,Definition directly matches the English headword.,REVIEW,Definition is essentially the English headword. English headword requires contextual/sense review.,,,FINAL,Exact English headword definition.
13,bullying,دَهْمانُ,Bullying.,ACCEPT,Definition directly matches the English headword.,REVIEW,Definition is essentially the English headword.,,,FINAL,Exact English headword definition.
13,butts,گوليِ مارِ,Butts.,ACCEPT,Definition directly matches the English headword.,REVIEW,Definition is essentially the English headword. English headword requires contextual/sense review.,,,FINAL,Exact English headword definition.
13,complaining,شڪايتيِ,Complaining.,ACCEPT,Definition directly matches the English headword.,REVIEW,Definition is essentially the English headword.,,,FINAL,Exact English headword definition.
13,compliments,آداب,Compliments.,ACCEPT,Definition directly matches the English headword.,REVIEW,Definition is essentially the English headword.,,,FINAL,Exact English headword definition.
13,congratulations,سُواڏائيِ,Congratulations.,ACCEPT,Definition directly matches the English headword.,REVIEW,Definition is essentially the English headword.,,,FINAL,Exact English headword definition.
13,convex,اُپيٽو,Convex.,ACCEPT,Definition directly matches the English headword.,REVIEW,Definition is essentially the English headword.,,,FINAL,Exact English headword definition.
13,convex,ماهيِ پُشْتِ,Convex.,ACCEPT,Definition directly matches the English headword.,REVIEW,Definition is essentially the English headword.,,,FINAL,Exact English headword definition.
13,coral,ڳُڻيٺيٍِ,Coral.,ACCEPT,Definition directly matches the English headword.,REVIEW,Definition is essentially the English headword.,,,FINAL,Exact English headword definition.
13,coral,مَرْجانِ,Coral.,ACCEPT,Definition directly matches the English headword.,REVIEW,Definition is essentially the English headword.,,,FINAL,Exact English headword definition.
13,crisp,کڙڪيدار,Crisp.,ACCEPT,Definition directly matches the English headword.,REVIEW,Definition is essentially the English headword.,,,FINAL,Exact English headword definition.
13,crooked,وِنگو,Crooked.,ACCEPT,Definition directly matches the English headword.,REVIEW,Definition is essentially the English headword.,,,FINAL,Exact English headword definition.
13,crooked,پۇڄا,Crooked.,ACCEPT,Definition directly matches the English headword.,REVIEW,Definition is essentially the English headword.,,,FINAL,Exact English headword definition.
13,curse,بددعا,Curse.,ACCEPT,Definition directly matches the English headword.,REVIEW,Definition is essentially the English headword.,,,FINAL,Exact English headword definition.
13,cursed,ڀِِيڻيِ ڀَِِڳَو,Cursed.,ACCEPT,Definition directly matches the English headword.,REVIEW,Definition is essentially the English headword.,,,FINAL,Exact English headword definition.
13,cursed,پِٽِڻيِ,Cursed.,ACCEPT,Definition directly matches the English headword.,REVIEW,Definition is essentially the English headword.,,,FINAL,Exact English headword definition.
13,cursed,لَعْنتي,Cursed.,ACCEPT,Definition directly matches the English headword.,REVIEW,Definition is essentially the English headword.,,,FINAL,Exact English headword definition.
13,curved,خمدار,Curved.,ACCEPT,Definition directly matches the English headword.,REVIEW,Definition is essentially the English headword.,,,FINAL,Exact English headword definition.
13,drinking,پِئَٹيِ,Drinking.,ACCEPT,Definition directly matches the English headword.,REVIEW,Definition is essentially the English headword.,,,FINAL,Exact English headword definition.
13,drinking,پيڄُ,Drinking.,ACCEPT,Definition directly matches the English headword.,REVIEW,Definition is essentially the English headword.,,,FINAL,Exact English headword definition.
13,ebony,آبنوُس,Ebony.,ACCEPT,Definition directly matches the English headword.,REVIEW,Definition is essentially the English headword.,,,FINAL,Exact English headword definition.
13,egypt,مِصْرُ,Egypt.,ACCEPT,Definition directly matches the English headword.,REVIEW,Definition is essentially the English headword.,,,FINAL,Exact English headword definition.
13,england,اِنگلستانُ,England.,ACCEPT,Definition directly matches the English headword.,REVIEW,Definition is essentially the English headword.,,,FINAL,Exact English headword definition.
13,equine,گهوڙيجو,Equine.,ACCEPT,Definition directly matches the English headword.,REVIEW,Definition is essentially the English headword.,,,FINAL,Exact English headword definition.
13,everywhere,جاءِبَجاءِ,Everywhere.,ACCEPT,Definition directly matches the English headword.,REVIEW,Definition is essentially the English headword.,,,FINAL,Exact English headword definition.
13,everywhere,هرجاءِ,Everywhere.,ACCEPT,Definition directly matches the English headword.,REVIEW,Definition is essentially the English headword.,,,FINAL,Exact English headword definition.
13,everywhere,هرگاه,Everywhere.,ACCEPT,Definition directly matches the English headword.,REVIEW,Definition is essentially the English headword.,,,FINAL,Exact English headword definition.
13,everywhere,هنڌين ماڳين,Everywhere.,ACCEPT,Definition directly matches the English headword.,REVIEW,Definition is essentially the English headword.,,,FINAL,Exact English headword definition.
13,everywhere,پاڙي پَنڌِ,Everywhere.,ACCEPT,Definition directly matches the English headword.,REVIEW,Definition is essentially the English headword.,,,FINAL,Exact English headword definition.
13,exactly,يَٿارَٿِ,Exactly.,ACCEPT,Definition directly matches the English headword.,REVIEW,Definition is essentially the English headword.,,,FINAL,Exact English headword definition.
13,fireworks,آتشبازي,Fireworks.,ACCEPT,Definition directly matches the English headword.,REVIEW,Definition is essentially the English headword.,,,FINAL,Exact English headword definition.
13,flaming,آتش بار,Flaming.,ACCEPT,Definition directly matches the English headword.,REVIEW,Definition is essentially the English headword. English headword requires contextual/sense review.,,,FINAL,Exact English headword definition.
13,forgiveness,بَخِشَ,Forgiveness.,ACCEPT,Definition directly matches the English headword.,REVIEW,Definition is essentially the English headword.,,,FINAL,Exact English headword definition.
13,giving,ڏئڻيِ,Giving.,ACCEPT,Definition directly matches the English headword.,REVIEW,Definition is essentially the English headword.,,,FINAL,Exact English headword definition.
13,giving,ڏيتيِ,Giving.,ACCEPT,Definition directly matches the English headword.,REVIEW,Definition is essentially the English headword.,,,FINAL,Exact English headword definition.
13,greater,اَڪِبَرُ,Greater.,ACCEPT,Definition directly matches the English headword.,REVIEW,Definition is essentially the English headword. English headword requires contextual/sense review.,,,FINAL,Exact English headword definition.
13,greece,يۇنانُ,Greece.,ACCEPT,Definition directly matches the English headword.,REVIEW,Definition is essentially the English headword.,,,FINAL,Exact English headword definition.
13,kissing,چُمڻيِ,Kissing.,ACCEPT,Definition directly matches the English headword.,REVIEW,Definition is essentially the English headword.,,,FINAL,Exact English headword definition.
13,licking,چَٽَ,Licking.,ACCEPT,Definition directly matches the English headword.,REVIEW,Definition is essentially the English headword.,,,FINAL,Exact English headword definition.
13,liter,پوشِ,liter,ACCEPT,Definition directly matches the English headword.,REVIEW,Definition is essentially the English headword. English headword requires contextual/sense review.,,,FINAL,Exact English headword definition.
13,nineteenth,اُوڻيِهون,Nineteenth.,ACCEPT,Definition directly matches the English headword.,REVIEW,Definition is essentially the English headword.,,,FINAL,Exact English headword definition.
13,nowadays,اَڄ,Nowadays.,ACCEPT,Definition directly matches the English headword.,REVIEW,Definition is essentially the English headword.,,,FINAL,Exact English headword definition.
13,parents,ماتا پِتا,Parents.,ACCEPT,Definition directly matches the English headword.,REVIEW,Definition is essentially the English headword.,,,FINAL,Exact English headword definition.
13,parents,والِدَيْنِ,Parents.,ACCEPT,Definition directly matches the English headword.,REVIEW,Definition is essentially the English headword.,,,FINAL,Exact English headword definition.
13,persia,اِيران,Persia.,ACCEPT,Definition directly matches the English headword.,REVIEW,Definition is essentially the English headword.,,,FINAL,Exact English headword definition.
13,preaching,وَعِظُ,Preaching.,ACCEPT,Definition directly matches the English headword.,REVIEW,Definition is essentially the English headword.,,,FINAL,Exact English headword definition.
13,preaching,وَعَظُ,Preaching.,ACCEPT,Definition directly matches the English headword.,REVIEW,Definition is essentially the English headword.,,,FINAL,Exact English headword definition.
13,preaching,پِرْچارُ,Preaching.,ACCEPT,Definition directly matches the English headword.,REVIEW,Definition is essentially the English headword.,,,FINAL,Exact English headword definition.
13,prophets,اَنْبِيا,Prophets.,ACCEPT,Definition directly matches the English headword.,REVIEW,Definition is essentially the English headword.,,,FINAL,Exact English headword definition.
13,proving,اِثباتي,Proving.,ACCEPT,Definition directly matches the English headword.,REVIEW,Definition is essentially the English headword.,,,FINAL,Exact English headword definition.
13,pulling,ساهَ,Pulling.,ACCEPT,Definition directly matches the English headword.,REVIEW,Definition is essentially the English headword. English headword requires contextual/sense review.,,,FINAL,Exact English headword definition.
13,remembered,يادِ,Remembered.,ACCEPT,Definition directly matches the English headword.,REVIEW,Definition is essentially the English headword. English headword requires contextual/sense review.,,,FINAL,Exact English headword definition.
13,risen,اُٿِياڪُ,Risen.,ACCEPT,Definition directly matches the English headword.,REVIEW,Definition is essentially the English headword. English headword requires contextual/sense review.,,,FINAL,Exact English headword definition.
13,ruined,زافُ,Ruined.,ACCEPT,Definition directly matches the English headword.,REVIEW,Definition is essentially the English headword. English headword requires contextual/sense review.,,,FINAL,Exact English headword definition.
13,savings,بَچَت,Savings.,ACCEPT,Definition directly matches the English headword.,REVIEW,Definition is essentially the English headword.,,,FINAL,Exact English headword definition.
13,savings,ڪَٽيِ,Savings.,ACCEPT,Definition directly matches the English headword.,REVIEW,Definition is essentially the English headword.,,,FINAL,Exact English headword definition.
13,secondly,ٻيوتہ,Secondly.,ACCEPT,Definition directly matches the English headword.,REVIEW,Definition is essentially the English headword.,,,FINAL,Exact English headword definition.
13,secretly,پَر۾,Secretly.,ACCEPT,Definition directly matches the English headword.,REVIEW,Definition is essentially the English headword.,,,FINAL,Exact English headword definition.
13,shaking,ڌُڏِ ڌُڏِ,Shaking.,ACCEPT,Definition directly matches the English headword.,REVIEW,Definition is essentially the English headword.,,,FINAL,Exact English headword definition.
13,shaking,لوڏَ,Shaking.,ACCEPT,Definition directly matches the English headword.,REVIEW,Definition is essentially the English headword.,,,FINAL,Exact English headword definition.
13,slaves,ٻانَهوثِ,Slaves.,ACCEPT,Definition directly matches the English headword.,REVIEW,Definition is essentially the English headword.,,,FINAL,Exact English headword definition.
13,sometimes,بعضي بعضي,Sometimes.,ACCEPT,Definition directly matches the English headword.,REVIEW,Definition is essentially the English headword.,,,FINAL,Exact English headword definition.
13,sometimes,گاهيِ گاهيِ,Sometimes.,ACCEPT,Definition directly matches the English headword.,REVIEW,Definition is essentially the English headword.,,,FINAL,Exact English headword definition.
13,sound,ڪَرَلُ,Sound.,ACCEPT,Definition directly matches the English headword.,REVIEW,Definition is essentially the English headword. English headword requires contextual/sense review.,,,FINAL,Exact English headword definition.
13,sound,ڪَڙْڪَڙِ,Sound.,ACCEPT,Definition directly matches the English headword.,REVIEW,Definition is essentially the English headword. English headword requires contextual/sense review.,,,FINAL,Exact English headword definition.
13,sounding,تانَگهہ,Sounding.,ACCEPT,Definition directly matches the English headword.,REVIEW,Definition is essentially the English headword.,,,FINAL,Exact English headword definition.
13,spinach,اِسفناج,Spinach.,ACCEPT,Definition directly matches the English headword.,REVIEW,Definition is essentially the English headword.,,,FINAL,Exact English headword definition.
13,still,توءِ,Still.,ACCEPT,Definition directly matches the English headword.,REVIEW,Definition is essentially the English headword. English headword requires contextual/sense review.,,,FINAL,Exact English headword definition.
13,storing,سَٿَ,Storing.,ACCEPT,Definition directly matches the English headword.,REVIEW,Definition is essentially the English headword. English headword requires contextual/sense review.,,,FINAL,Exact English headword definition.
13,successful,ڪرتارٿ,Successful.,ACCEPT,Definition directly matches the English headword.,REVIEW,Definition is essentially the English headword. English headword requires contextual/sense review.,,,FINAL,Exact English headword definition.
13,suitable,بابَ خو,Suitable.,ACCEPT,Definition directly matches the English headword.,REVIEW,Definition is essentially the English headword. English headword requires contextual/sense review.,,,FINAL,Exact English headword definition.
13,swallowing,ڳِهَڻِ,Swallowing.,ACCEPT,Definition directly matches the English headword.,REVIEW,Definition is essentially the English headword.,,,FINAL,Exact English headword definition.
13,swallowing,اُرِڪَ,Swallowing.,ACCEPT,Definition directly matches the English headword.,REVIEW,Definition is essentially the English headword.,,,FINAL,Exact English headword definition.
13,syria,شامُ,Syria.,ACCEPT,Definition directly matches the English headword.,REVIEW,Definition is essentially the English headword.,,,FINAL,Exact English headword definition.
13,tailed,پُڇِرُ,Tailed.,ACCEPT,Definition directly matches the English headword.,REVIEW,Definition is essentially the English headword. English headword requires contextual/sense review.,,,FINAL,Exact English headword definition.
13,talk,گويا,Talk.,ACCEPT,Definition directly matches the English headword.,REVIEW,Definition is essentially the English headword. English headword requires contextual/sense review.,,,FINAL,Exact English headword definition.
13,talk,سُرْجيِتُ,Talk,ACCEPT,Definition directly matches the English headword.,REVIEW,Definition is essentially the English headword. English headword requires contextual/sense review.,,,FINAL,Exact English headword definition.
13,theatrical,ناٽڪيِ,Theatrical.,ACCEPT,Definition directly matches the English headword.,REVIEW,Definition is essentially the English headword.,,,FINAL,Exact English headword definition.
13,thunder,رَعْدُ,Thunder.,ACCEPT,Definition directly matches the English headword.,REVIEW,Definition is essentially the English headword.,,,FINAL,Exact English headword definition.
13,tickling,ڪِتِڪوئيِ,Tickling.,ACCEPT,Definition directly matches the English headword.,REVIEW,Definition is essentially the English headword.,,,FINAL,Exact English headword definition.
13,tolerant,سهن سيل,Tolerant.,ACCEPT,Definition directly matches the English headword.,REVIEW,Definition is essentially the English headword.,,,FINAL,Exact English headword definition.
13,tomato,ٽَماٽو,Tomato.,ACCEPT,Definition directly matches the English headword.,REVIEW,Definition is essentially the English headword.,,,FINAL,Exact English headword definition.
13,tomorrow,فَرْدا,Tomorrow.,ACCEPT,Definition directly matches the English headword.,REVIEW,Definition is essentially the English headword.,,,FINAL,Exact English headword definition.
13,transferred,مُنْتَقِلُ,Transferred.,ACCEPT,Definition directly matches the English headword.,REVIEW,Definition is essentially the English headword. English headword requires contextual/sense review.,,,FINAL,Exact English headword definition.
13,travelling,اُجهاڳو,Travelling.,ACCEPT,Definition directly matches the English headword.,REVIEW,Definition is essentially the English headword.,,,FINAL,Exact English headword definition.
13,travelling,سفريِ,Travelling.,ACCEPT,Definition directly matches the English headword.,REVIEW,Definition is essentially the English headword.,,,FINAL,Exact English headword definition.
13,trees,وَڻاهُ,Trees.,ACCEPT,Definition directly matches the English headword.,REVIEW,Definition is essentially the English headword.,,,FINAL,Exact English headword definition.
13,trouble,تَنگَ,Trouble.,ACCEPT,Definition directly matches the English headword.,REVIEW,Definition is essentially the English headword. English headword requires contextual/sense review.,,,FINAL,Exact English headword definition.
13,twentieth,ويِهون,Twentieth.,ACCEPT,Definition directly matches the English headword.,REVIEW,Definition is essentially the English headword.,,,FINAL,Exact English headword definition.
13,vomiting,مُنهَن ڦُلَ,Vomiting.,ACCEPT,Definition directly matches the English headword.,REVIEW,Definition is essentially the English headword.,,,FINAL,Exact English headword definition.
13,vomiting,منهن کار,Vomiting.,ACCEPT,Definition directly matches the English headword.,REVIEW,Definition is essentially the English headword.,,,FINAL,Exact English headword definition.
13,wandering,ٽولاڪو,Wandering.,ACCEPT,Definition directly matches the English headword.,REVIEW,Definition is essentially the English headword.,,,FINAL,Exact English headword definition.
13,wandering,جهوتَ,Wandering.,ACCEPT,Definition directly matches the English headword.,REVIEW,Definition is essentially the English headword.,,,FINAL,Exact English headword definition.
13,watching,نگهبانيِ,Watching.,ACCEPT,Definition directly matches the English headword.,REVIEW,Definition is essentially the English headword. English headword requires contextual/sense review.,,,FINAL,Exact English headword definition.
13,weighing,جوکَہ,Weighing.,ACCEPT,Definition directly matches the English headword.,REVIEW,Definition is essentially the English headword.,,,FINAL,Exact English headword definition.
13,worry,گينداڙَ,Worry.,ACCEPT,Definition directly matches the English headword.,REVIEW,Definition is essentially the English headword.,,,FINAL,Exact English headword definition.
13,wrestling,ڪُشْتيِ,Wrestling.,ACCEPT,Definition directly matches the English headword.,REVIEW,Definition is essentially the English headword.,,,FINAL,Exact English headword definition.
13,wrestling,مَلَ,Wrestling.,ACCEPT,Definition directly matches the English headword.,REVIEW,Definition is essentially the English headword.,,,FINAL,Exact English headword definition.
8,pulling,کِنچاتاڻَ,"Pulling, pressure.",ACCEPT,Definition directly matches the English headword.,REVIEW,English headword requires contextual/sense review.,,,FINAL,Definition directly matches English headword.
8,ruined,بَرِباد,"Ruined, destroyed, lost.",ACCEPT,Definition directly matches the English headword.,REVIEW,English headword requires contextual/sense review.,,,FINAL,Definition directly matches English headword.
8,ruined,ڀَثِڻِ,"Ruined, destroyed.",ACCEPT,Definition directly matches the English headword.,REVIEW,English headword requires contextual/sense review.,,,FINAL,Definition directly matches English headword.
8,ruined,تَباهُ,"Ruined, undone.",ACCEPT,Definition directly matches the English headword.,REVIEW,English headword requires contextual/sense review.,,,FINAL,Definition directly matches English headword.
8,sound,اَروﮖ,"Sound, healthy.",ACCEPT,Definition directly matches the English headword.,REVIEW,English headword requires contextual/sense review.,,,FINAL,Definition directly matches English headword.
8,sound,ڪَڙلاءُ,"Sound, voice.",ACCEPT,Definition directly matches the English headword.,REVIEW,English headword requires contextual/sense review.,,,FINAL,Definition directly matches English headword.
8,sound,کَڙاکَڙيِ,"Sound, strong.",ACCEPT,Definition directly matches the English headword.,REVIEW,English headword requires contextual/sense review.,,,FINAL,Definition directly matches English headword.
8,sound,آلابُ,"Sound, cry.",ACCEPT,Definition directly matches the English headword.,REVIEW,English headword requires contextual/sense review.,,,FINAL,Definition directly matches English headword.
8,successful,سَمُرادو,Successful. Amiable.,ACCEPT,Candidate retained after final rule-based refinement.,REVIEW,English headword requires contextual/sense review.,,,FINAL,Definition directly matches English headword.
8,talk,آلاءُ,"Talk, conversation.",ACCEPT,Definition directly matches the English headword.,REVIEW,English headword requires contextual/sense review.,,,FINAL,Definition directly matches English headword.
8,talk,چَوْپَچَؤ,"Talk, conversation.",ACCEPT,Definition directly matches the English headword.,REVIEW,English headword requires contextual/sense review.,,,FINAL,Definition directly matches English headword.
8,talk,گُفْتارُ,"Talk, chat.",ACCEPT,Definition directly matches the English headword.,REVIEW,English headword requires contextual/sense review.,,,FINAL,Definition directly matches English headword.
8,talk,ڳائووائو,"Talk, mention.",ACCEPT,Definition directly matches the English headword.,REVIEW,English headword requires contextual/sense review.,,,FINAL,Definition directly matches English headword.
8,trouble,اَهَنْجُ,"Trouble, inconvenience; pain.",ACCEPT,Definition directly matches the English headword.,REVIEW,English headword requires contextual/sense review.,,,FINAL,Definition directly matches English headword.
8,trouble,اِيذاءُ,"Trouble, nuisance; pain.",ACCEPT,Definition directly matches the English headword.,REVIEW,English headword requires contextual/sense review.,,,FINAL,Definition directly matches English headword.
8,trouble,تَصْديِعَ,"Trouble, difficulty.",ACCEPT,Definition directly matches the English headword.,REVIEW,English headword requires contextual/sense review.,,,FINAL,Definition directly matches English headword.
8,trouble,تَڪْلِيفَ,"Trouble, difficulty, hardship.",ACCEPT,Definition directly matches the English headword.,REVIEW,English headword requires contextual/sense review.,,,FINAL,Definition directly matches English headword.
8,trouble,جاکوڙَ,"Trouble, difficulty, vexation.",ACCEPT,Definition directly matches the English headword.,REVIEW,English headword requires contextual/sense review.,,,FINAL,Definition directly matches English headword.
8,trouble,سُتۇنُ,Trouble. Speech.,ACCEPT,Candidate retained after final rule-based refinement.,REVIEW,English headword requires contextual/sense review.,,,FINAL,Definition directly matches English headword.
8,trouble,ڪاڪاهو,"Trouble, pain, difficulty.",ACCEPT,Definition directly matches the English headword.,REVIEW,English headword requires contextual/sense review.,,,FINAL,Definition directly matches English headword.
7,pulling,گوشِماليِ,Pulling the ears; chastisement; reproof.,ACCEPT,Definition directly matches the English headword.,REVIEW,English headword requires contextual/sense review.,,,FINAL,Definition directly matches English headword.
7,pulling,ڎاڙهئيِ پَٽَ,"Pulling of beards; quarrelling, scuffle.",ACCEPT,Definition directly matches the English headword.,REVIEW,English headword requires contextual/sense review.,,,FINAL,Definition directly matches English headword.
7,risen,آڪِرو,"Risen in price, dear; cross-dispositioned.",ACCEPT,Definition directly matches the English headword.,REVIEW,English headword requires contextual/sense review.,,,FINAL,Definition directly matches English headword.
7,sound,اَروﮘا ئيِ,"Sound health, freedom from sickness.",ACCEPT,Definition directly matches the English headword.,REVIEW,English headword requires contextual/sense review.,,,FINAL,Definition directly matches English headword.
7,sound,چَرْٻمِ,Sound made in eating.,ACCEPT,Definition directly matches the English headword.,REVIEW,English headword requires contextual/sense review.,,,FINAL,Definition directly matches English headword.
7,sound,سُمَتيِ,Sound sense or judgment.,ACCEPT,Definition directly matches the English headword.,REVIEW,English headword requires contextual/sense review.,,,FINAL,Definition directly matches English headword.
7,sound,صَدا,"Sound, voice, echo. Mendicant's cry.",ACCEPT,Definition directly matches the English headword.,REVIEW,English headword requires contextual/sense review.,,,FINAL,Definition directly matches English headword.
7,sound,گهِڻْگِهڻِ,"Sound of a bell, ding-dong.",ACCEPT,Definition directly matches the English headword.,REVIEW,English headword requires contextual/sense review.,,,FINAL,Definition directly matches English headword.
7,still,تِهائيِن,"Still more, the more.",ACCEPT,Definition directly matches the English headword.,REVIEW,English headword requires contextual/sense review.,,,FINAL,Definition directly matches English headword.
7,still,ڪُهائيِ,Still born (an infant).,ACCEPT,Definition directly matches the English headword.,REVIEW,English headword requires contextual/sense review.,,,FINAL,Definition directly matches English headword.
7,suitable,جوڳو,"Suitable, fit, proper, sufficient; liable.",ACCEPT,Definition directly matches the English headword.,REVIEW,English headword requires contextual/sense review.,,,FINAL,Definition directly matches English headword.
7,talk,چَرْچو,"Talk, report; joking, ridicule, jesting, raillery.",ACCEPT,Definition directly matches the English headword.,REVIEW,English headword requires contextual/sense review.,,,FINAL,Definition directly matches English headword.
7,talk,ڏندچرچا,"Talk of the town; gossip, scandal.",ACCEPT,Definition directly matches the English headword.,REVIEW,English headword requires contextual/sense review.,,,FINAL,Definition directly matches English headword.
7,talk,ڪن جۇن ڳالهيۇن,"Talk in whispers, private talk.",ACCEPT,Definition directly matches the English headword.,REVIEW,English headword requires contextual/sense review.,,,FINAL,Definition directly matches English headword.
7,talk,ڳالَهُ,"Talk, chat; abusive language.",ACCEPT,Definition directly matches the English headword.,REVIEW,English headword requires contextual/sense review.,,,FINAL,Definition directly matches English headword.
7,talk,ڳالهاءُ,"Talk, sound of speaking.",ACCEPT,Definition directly matches the English headword.,REVIEW,English headword requires contextual/sense review.,,,FINAL,Definition directly matches English headword.
7,talk,ڳالِهہ ٻولِهہ مُهارِ,"Talk, chit-chat, conversation; negotiations.",ACCEPT,Definition directly matches the English headword.,REVIEW,English headword requires contextual/sense review.,,,FINAL,Definition directly matches English headword.
7,trouble,جَفا,"Trouble, hardship; molestation, injustice.",ACCEPT,Definition directly matches the English headword.,REVIEW,English headword requires contextual/sense review.,,,FINAL,Definition directly matches English headword.
7,trouble,جَنَجَلُ,"Trouble, difficulty, embarrassment, mess.",ACCEPT,Definition directly matches the English headword.,REVIEW,English headword requires contextual/sense review.,,,FINAL,Definition directly matches English headword.
7,trouble,دِقَتَ,"Trouble, annoyance; pain, ache.",ACCEPT,Definition directly matches the English headword.,REVIEW,English headword requires contextual/sense review.,,,FINAL,Definition directly matches English headword.
7,trouble,هڻ ڌڻ,"Trouble, bother. False weighing or. measuring.",ACCEPT,Definition directly matches the English headword.,REVIEW,English headword requires contextual/sense review.,,,FINAL,Definition directly matches English headword.
7,watching,سنڀال,"Watching, taking care, guarding",ACCEPT,Definition directly matches the English headword.,REVIEW,English headword requires contextual/sense review.,,,FINAL,Definition directly matches English headword.
6,breaking,ڀَڃُگَهڙِ,"Breaking up and remaking; adding and deducting; prudence, sense.",ACCEPT,Definition directly matches the English headword.,REVIEW,English headword requires contextual/sense review.,,,FINAL,Definition directly matches English headword.
6,pulling,گهيچو,"Pulling and pushing backwards and forwards, or in and out, irregular oscillation, the uneasy motion or jolting of a camel, &c.",ACCEPT,Definition directly matches the English headword.,REVIEW,English headword requires contextual/sense review.,,,FINAL,Definition directly matches English headword.
6,sound,ٽيِن ٽيِن,Sound of a fart. Idle foolish chattering.,ACCEPT,Definition directly matches the English headword.,REVIEW,English headword requires contextual/sense review.,,,FINAL,Definition directly matches English headword.
6,still,هيڪاريِ,"Still, more, still greater, still less, still further. For good.",ACCEPT,Definition directly matches the English headword.,REVIEW,English headword requires contextual/sense review.,,,FINAL,Definition directly matches English headword.
6,talk,آلاپُ,"Talk, conversation. A prelude to music, sweet strains.",ACCEPT,Definition directly matches the English headword.,REVIEW,English headword requires contextual/sense review.,,,FINAL,Definition directly matches English headword.
6,talk,پَچارَ,"Talk, speech; improper or unpleasing talk, irritating language.",ACCEPT,Definition directly matches the English headword.,REVIEW,English headword requires contextual/sense review.,,,FINAL,Definition directly matches English headword.
6,talk,ذِڪِرُ,"Talk, saying, mention, remembrance; reading of the Quran and reciting the praises and names of God.",ACCEPT,Definition directly matches the English headword.,REVIEW,English headword requires contextual/sense review.,,,FINAL,Definition directly matches English headword.
6,talk,ڳالهوڙ,"Talk without end, great prolixity of tongue; a serious affair.",ACCEPT,Definition directly matches the English headword.,REVIEW,English headword requires contextual/sense review.,,,FINAL,Definition directly matches English headword.
6,twist,وَرُ,"Twist, curve, bend, turn, circuit, coil curl, ringlet, winding. A boon, blessing, especially in the gift of a Brahmin or deity. ( com ) Quality or number of cloth. Circumvention, deceiving. A bridegroom or husband.",ACCEPT,Definition directly matches the English headword.,REVIEW,Definition contains dictionary abbreviation marker.,,,FINAL,Definition directly matches English headword.
4,hindu,ڀُڄَڻُ,(Hindu).,ACCEPT,Definition directly matches the English headword.,REVIEW,Definition is essentially the English headword.,,,FINAL,Exact English headword definition.
4,hindu,مَعْرِڪو,(Hindu).,ACCEPT,Definition directly matches the English headword.,REVIEW,Definition is essentially the English headword.,,,FINAL,Exact English headword definition.
4,successful,سَڪاجُ,"Successful, complete, accomplished. One whose actions are good.",ACCEPT,Definition directly matches the English headword.,REVIEW,English headword requires contextual/sense review.,,,FINAL,Definition directly matches English headword.
