row,english,sindhi,english_definition,semantic_status,semantic_reason,stage8_status,stage8_reason
1,arriving,سَهيڙو,Arriving.,PASS,,PASS,Passed previous semantic audit.
2,atlantic,اوقيانوس,Atlantic.,PASS,,PASS,Passed previous semantic audit.
3,blanco,کَڙۇ,Blanco.,PASS,,PASS,Passed previous semantic audit.
5,bullying,دَهْمانُ,Bullying.,PASS,,PASS,Passed previous semantic audit.
6,butts,گوليِ مارِ,Butts.,PASS,,PASS,Passed previous semantic audit.
7,complaining,شڪايتيِ,Complaining.,PASS,,PASS,Passed previous semantic audit.
8,compliments,آداب,Compliments.,PASS,,PASS,Passed previous semantic audit.
9,congratulations,سُواڏائيِ,Congratulations.,PASS,,PASS,Passed previous semantic audit.
10,convex,اُپيٽو,Convex.,PASS,,PASS,Passed previous semantic audit.
11,convex,ماهيِ پُشْتِ,Convex.,PASS,,PASS,Passed previous semantic audit.
12,coral,ڳُڻيٺيٍِ,Coral.,PASS,,PASS,Passed previous semantic audit.
13,coral,مَرْجانِ,Coral.,PASS,,PASS,Passed previous semantic audit.
14,crisp,کڙڪيدار,Crisp.,PASS,,PASS,Passed previous semantic audit.
15,crooked,وِنگو,Crooked.,PASS,,PASS,Passed previous semantic audit.
16,crooked,پۇڄا,Crooked.,PASS,,PASS,Passed previous semantic audit.
17,curse,بددعا,Curse.,PASS,,PASS,Passed previous semantic audit.
18,cursed,ڀِِيڻيِ ڀَِِڳَو,Cursed.,PASS,,PASS,Passed previous semantic audit.
19,cursed,پِٽِڻيِ,Cursed.,PASS,,PASS,Passed previous semantic audit.
20,cursed,لَعْنتي,Cursed.,PASS,,PASS,Passed previous semantic audit.
21,curved,خمدار,Curved.,PASS,,PASS,Passed previous semantic audit.
22,drinking,پِئَٹيِ,Drinking.,PASS,,PASS,Passed previous semantic audit.
23,drinking,پيڄُ,Drinking.,PASS,,PASS,Passed previous semantic audit.
24,ebony,آبنوُس,Ebony.,PASS,,PASS,Passed previous semantic audit.
25,egypt,مِصْرُ,Egypt.,PASS,,PASS,Passed previous semantic audit.
26,england,اِنگلستانُ,England.,PASS,,PASS,Passed previous semantic audit.
27,equine,گهوڙيجو,Equine.,PASS,,PASS,Passed previous semantic audit.
28,everywhere,جاءِبَجاءِ,Everywhere.,PASS,,PASS,Passed previous semantic audit.
29,everywhere,هرجاءِ,Everywhere.,PASS,,PASS,Passed previous semantic audit.
30,everywhere,هرگاه,Everywhere.,PASS,,PASS,Passed previous semantic audit.
31,everywhere,هنڌين ماڳين,Everywhere.,PASS,,PASS,Passed previous semantic audit.
32,everywhere,پاڙي پَنڌِ,Everywhere.,PASS,,PASS,Passed previous semantic audit.
33,exactly,يَٿارَٿِ,Exactly.,PASS,,PASS,Passed previous semantic audit.
34,fireworks,آتشبازي,Fireworks.,PASS,,PASS,Passed previous semantic audit.
35,flaming,آتش بار,Flaming.,PASS,,PASS,Passed previous semantic audit.
36,forgiveness,بَخِشَ,Forgiveness.,PASS,,PASS,Passed previous semantic audit.
37,giving,ڏئڻيِ,Giving.,PASS,,PASS,Passed previous semantic audit.
38,giving,ڏيتيِ,Giving.,PASS,,PASS,Passed previous semantic audit.
39,greater,اَڪِبَرُ,Greater.,PASS,,PASS,Passed previous semantic audit.
40,greece,يۇنانُ,Greece.,PASS,,PASS,Passed previous semantic audit.
41,kissing,چُمڻيِ,Kissing.,PASS,,PASS,Passed previous semantic audit.
42,licking,چَٽَ,Licking.,PASS,,PASS,Passed previous semantic audit.
43,liter,پوشِ,liter,PASS,,PASS,Passed previous semantic audit.
44,nineteenth,اُوڻيِهون,Nineteenth.,PASS,,PASS,Passed previous semantic audit.
45,nowadays,اَڄ,Nowadays.,PASS,,PASS,Passed previous semantic audit.
46,parents,ماتا پِتا,Parents.,PASS,,PASS,Passed previous semantic audit.
47,parents,والِدَيْنِ,Parents.,PASS,,PASS,Passed previous semantic audit.
48,persia,اِيران,Persia.,PASS,,PASS,Passed previous semantic audit.
49,preaching,وَعِظُ,Preaching.,PASS,,PASS,Passed previous semantic audit.
50,preaching,وَعَظُ,Preaching.,PASS,,PASS,Passed previous semantic audit.
51,preaching,پِرْچارُ,Preaching.,PASS,,PASS,Passed previous semantic audit.
52,prophets,اَنْبِيا,Prophets.,PASS,,PASS,Passed previous semantic audit.
53,proving,اِثباتي,Proving.,PASS,,PASS,Passed previous semantic audit.
55,remembered,يادِ,Remembered.,PASS,,PASS,Passed previous semantic audit.
58,savings,بَچَت,Savings.,PASS,,PASS,Passed previous semantic audit.
59,savings,ڪَٽيِ,Savings.,PASS,,PASS,Passed previous semantic audit.
60,secondly,ٻيوتہ,Secondly.,PASS,,PASS,Passed previous semantic audit.
61,secretly,پَر۾,Secretly.,PASS,,PASS,Passed previous semantic audit.
62,shaking,ڌُڏِ ڌُڏِ,Shaking.,PASS,,PASS,Passed previous semantic audit.
63,shaking,لوڏَ,Shaking.,PASS,,PASS,Passed previous semantic audit.
64,slaves,ٻانَهوثِ,Slaves.,PASS,,PASS,Passed previous semantic audit.
65,sometimes,بعضي بعضي,Sometimes.,PASS,,PASS,Passed previous semantic audit.
66,sometimes,گاهيِ گاهيِ,Sometimes.,PASS,,PASS,Passed previous semantic audit.
69,sounding,تانَگهہ,Sounding.,PASS,,PASS,Passed previous semantic audit.
70,spinach,اِسفناج,Spinach.,PASS,,PASS,Passed previous semantic audit.
72,storing,سَٿَ,Storing.,PASS,,PASS,Passed previous semantic audit.
75,swallowing,ڳِهَڻِ,Swallowing.,PASS,,PASS,Passed previous semantic audit.
76,swallowing,اُرِڪَ,Swallowing.,PASS,,PASS,Passed previous semantic audit.
77,syria,شامُ,Syria.,PASS,,PASS,Passed previous semantic audit.
78,tailed,پُڇِرُ,Tailed.,PASS,,PASS,Passed previous semantic audit.
81,theatrical,ناٽڪيِ,Theatrical.,PASS,,PASS,Passed previous semantic audit.
82,thunder,رَعْدُ,Thunder.,PASS,,PASS,Passed previous semantic audit.
83,tickling,ڪِتِڪوئيِ,Tickling.,PASS,,PASS,Passed previous semantic audit.
84,tolerant,سهن سيل,Tolerant.,PASS,,PASS,Passed previous semantic audit.
85,tomato,ٽَماٽو,Tomato.,PASS,,PASS,Passed previous semantic audit.
86,tomorrow,فَرْدا,Tomorrow.,PASS,,PASS,Passed previous semantic audit.
87,transferred,مُنْتَقِلُ,Transferred.,PASS,,PASS,Passed previous semantic audit.
88,travelling,اُجهاڳو,Travelling.,PASS,,PASS,Passed previous semantic audit.
89,travelling,سفريِ,Travelling.,PASS,,PASS,Passed previous semantic audit.
90,trees,وَڻاهُ,Trees.,PASS,,PASS,Passed previous semantic audit.
92,twentieth,ويِهون,Twentieth.,PASS,,PASS,Passed previous semantic audit.
93,vomiting,مُنهَن ڦُلَ,Vomiting.,PASS,,PASS,Passed previous semantic audit.
94,vomiting,منهن کار,Vomiting.,PASS,,PASS,Passed previous semantic audit.
98,weighing,جوکَہ,Weighing.,PASS,,PASS,Passed previous semantic audit.
99,worry,گينداڙَ,Worry.,PASS,,PASS,Passed previous semantic audit.
100,wrestling,ڪُشْتيِ,Wrestling.,PASS,,PASS,Passed previous semantic audit.
101,wrestling,مَلَ,Wrestling.,PASS,,PASS,Passed previous semantic audit.
152,twist,وَرُ,"Twist, curve, bend, turn, circuit, coil curl, ringlet, winding. A boon, blessing, especially in the gift of a Brahmin or deity. ( com ) Quality or number of cloth. Circumvention, deceiving. A bridegroom or husband.",PASS,,PASS,Passed previous semantic audit.
153,hindu,ڀُڄَڻُ,(Hindu).,PASS,,PASS,Passed previous semantic audit.
154,hindu,مَعْرِڪو,(Hindu).,PASS,,PASS,Passed previous semantic audit.
186,transferred,بدلي ٿيڻ,To be transferred.,PASS,,PASS,Passed previous semantic audit.
