score,english,sindhi,english_definition,final_decision,final_reason,quality_decision,quality_reason
8,abs,کَرائيِ,abs. n of,ACCEPT,Candidate retained after final rule-based refinement.,REMOVE,Likely dictionary abbreviation or extraction fragment.
8,abs,کَڙائيِ,abs. n of,ACCEPT,Candidate retained after final rule-based refinement.,REMOVE,Likely dictionary abbreviation or extraction fragment.
8,abs,نِروڳو,abs. n,ACCEPT,Candidate retained after final rule-based refinement.,REMOVE,Likely dictionary abbreviation or extraction fragment.
8,abs,وِسائيِ,abs. n of,ACCEPT,Candidate retained after final rule-based refinement.,REMOVE,Likely dictionary abbreviation or extraction fragment.
8,adv,تَٿان پَٿان,adv. In extremis,ACCEPT,Candidate retained after final rule-based refinement.,REMOVE,Likely dictionary abbreviation or extraction fragment.
8,bot,نَرُوارُ,bot ) Stamen,ACCEPT,Definition directly matches the English headword.,REMOVE,Likely dictionary abbreviation or extraction fragment.
8,nom,آنئًَين,nom. pl ) of,ACCEPT,Candidate retained after final rule-based refinement.,REMOVE,Likely dictionary abbreviation or extraction fragment.
8,nom,ساڍا,nom. plu. mas (,ACCEPT,Candidate retained after final rule-based refinement.,REMOVE,Likely dictionary abbreviation or extraction fragment.
8,nom,ساڍَيۇن,nom. plu. fem,ACCEPT,Candidate retained after final rule-based refinement.,REMOVE,Likely dictionary abbreviation or extraction fragment.
8,opp,ماٽير,opp to,ACCEPT,Definition directly matches the English headword.,REMOVE,Likely dictionary abbreviation or extraction fragment.
8,pl,اَنواع,pl. of,ACCEPT,Candidate retained after final rule-based refinement.,REMOVE,Likely dictionary abbreviation or extraction fragment.
8,tal,ڊِگهُہ,Tal (in contempt).,ACCEPT,Definition directly matches the English headword.,REMOVE,Likely dictionary abbreviation or extraction fragment.
7,ab,گِشْڪو,"Ab asion, rubbing, friction.",ACCEPT,Definition directly matches the English headword.,REMOVE,Likely dictionary abbreviation or extraction fragment.
7,com,خاصيِ ڪرڻ,com ) To accept (a hundi,ACCEPT,Definition directly matches the English headword.,REMOVE,Likely dictionary abbreviation or extraction fragment.
7,com,مَتُ,com ) A partnership deed.,ACCEPT,Definition directly matches the English headword.,REMOVE,Likely dictionary abbreviation or extraction fragment.
7,com,جنس ميل,com ) A stock-book,ACCEPT,Definition directly matches the English headword.,REMOVE,Likely dictionary abbreviation or extraction fragment.
7,com,ميل ڪڍڻ,com To take stock.,ACCEPT,Definition directly matches the English headword.,REMOVE,Likely dictionary abbreviation or extraction fragment.
7,com,وهي واٽ,com ) Correspondence. A public road.,ACCEPT,Definition directly matches the English headword.,REMOVE,Likely dictionary abbreviation or extraction fragment.
7,lit,چارپئسا,lit Four pice) Money; competence.,ACCEPT,Definition directly matches the English headword.,REMOVE,Likely dictionary abbreviation or extraction fragment.
7,lit,خۇدڪشيدو,lit Self-drawn). Fancy blend (liquor).,ACCEPT,Definition directly matches the English headword.,REMOVE,Likely dictionary abbreviation or extraction fragment.
7,lit,نِشَسْتِ بَرْخاسِتِ,"lit Sitting and rising). Etiquette, manners.",ACCEPT,Definition directly matches the English headword.,REMOVE,Likely dictionary abbreviation or extraction fragment.
7,lit,هَمَهَ اۇاَسْتِ,lit All is He) Pantheism.,ACCEPT,Definition directly matches the English headword.,REMOVE,Likely dictionary abbreviation or extraction fragment.
7,lit,اوتِ پوتِ,lit warp & woof) Thoroughly.,ACCEPT,Definition directly matches the English headword.,REMOVE,Likely dictionary abbreviation or extraction fragment.
7,st,پاپيِتو,St. Ignatius's bean.,ACCEPT,Candidate retained after final rule-based refinement.,REMOVE,Likely dictionary abbreviation or extraction fragment.
7,ups,نَشيبُ وفَرازُ,Ups and downs; profit and loss.,ACCEPT,Definition directly matches the English headword.,REMOVE,Likely dictionary abbreviation or extraction fragment.
6,lit,بالانِشيِنُ,lit high-seated). Sitting high. A high seat.,ACCEPT,Definition directly matches the English headword.,REMOVE,Likely dictionary abbreviation or extraction fragment.
6,lit,ٺوٺُ,lit A dried-up tree). A dried-up mass of body; any thing hard from dryness.,ACCEPT,Definition directly matches the English headword.,REMOVE,Likely dictionary abbreviation or extraction fragment.
6,lit,چارآدميِ,lit Four men) People in general; a jury of arbitrators.,ACCEPT,Definition directly matches the English headword.,REMOVE,Likely dictionary abbreviation or extraction fragment.
6,lit,چئن ڎينهن جوچٽڪو,"lit Four day's glimmer). Ephemeral existence, nine days' wonder.",ACCEPT,Definition directly matches the English headword.,REMOVE,Likely dictionary abbreviation or extraction fragment.
6,lit,خانه بدوش,lit One's house on his shoulders; nomadic.,ACCEPT,Definition directly matches the English headword.,REMOVE,Likely dictionary abbreviation or extraction fragment.
6,lit,ڪنڊاپوکڻ,lit to sow thorns.) To do evil.,ACCEPT,Definition directly matches the English headword.,REMOVE,Likely dictionary abbreviation or extraction fragment.
6,lit,ڪَناگهَڙَڻُ,lit To make pots). To idle away time.,ACCEPT,Definition directly matches the English headword.,REMOVE,Likely dictionary abbreviation or extraction fragment.
6,lit,نڪ وڍڻ,lit To cut the nose; to put to shame.,ACCEPT,Definition directly matches the English headword.,REMOVE,Likely dictionary abbreviation or extraction fragment.
6,lit,سرنوشت,"lit What is written on the forehead, destiny.",ACCEPT,Definition directly matches the English headword.,REMOVE,Likely dictionary abbreviation or extraction fragment.
6,lit,هرديگيِ چمچو,lit ) A ladle for every kettle; spoken of a mischief maker.,ACCEPT,Definition directly matches the English headword.,REMOVE,Likely dictionary abbreviation or extraction fragment.
6,mah,وَظيفو,"Mah daily worship; stipend, pension; a scholarship.",ACCEPT,Definition directly matches the English headword.,REMOVE,Likely dictionary abbreviation or extraction fragment.
6,med,سَجُهہ,"med ) Lochia, the discharge from the womb and vagina which follows child-birth.",ACCEPT,Definition directly matches the English headword.,REMOVE,Likely dictionary abbreviation or extraction fragment.
6,med,ضيق النفس,"med ) Dyspnœa, difficulty of breathing; asthma.",ACCEPT,Definition directly matches the English headword.,REMOVE,Likely dictionary abbreviation or extraction fragment.
6,med,ڪنَگو,"med ) Marasmus, a wasting away of flesh.",ACCEPT,Definition directly matches the English headword.,REMOVE,Likely dictionary abbreviation or extraction fragment.
4,abs,پارﯘٿو,Stale abs. n,ACCEPT,Candidate retained after final rule-based refinement.,REMOVE,Likely dictionary abbreviation or extraction fragment.
4,abs,جۇکو,Moneyless. abs. n,ACCEPT,Candidate retained after final rule-based refinement.,REMOVE,Likely dictionary abbreviation or extraction fragment.
4,abs,شفاياب,Convalescent. abs. n,ACCEPT,Candidate retained after final rule-based refinement.,REMOVE,Likely dictionary abbreviation or extraction fragment.
4,abs,نيڪ بخت,Fortunate; dutiful. ( abs,ACCEPT,Candidate retained after final rule-based refinement.,REMOVE,Likely dictionary abbreviation or extraction fragment.
4,abs,هريوڀريو,Idem. ( abs. n,ACCEPT,Candidate retained after final rule-based refinement.,REMOVE,Likely dictionary abbreviation or extraction fragment.
4,bot,اوڌَ,"( bot ) Soboles, sucker.",ACCEPT,Candidate retained after final rule-based refinement.,REMOVE,Likely dictionary abbreviation or extraction fragment.
4,bot,رَجَ,Dust ( bot ) Pollen.,ACCEPT,Candidate retained after final rule-based refinement.,REMOVE,Likely dictionary abbreviation or extraction fragment.
4,bot,سدابهار,"( bot ) Evergreen, perennial.",ACCEPT,Candidate retained after final rule-based refinement.,REMOVE,Likely dictionary abbreviation or extraction fragment.
4,bot,گَوْنٽُ,Kernel. ( bot ) Corolla.,ACCEPT,Candidate retained after final rule-based refinement.,REMOVE,Likely dictionary abbreviation or extraction fragment.
4,bot,اوٽِيڙو,( bot ) A tiller.,ACCEPT,Candidate retained after final rule-based refinement.,REMOVE,Likely dictionary abbreviation or extraction fragment.
4,com,سۇجَ,( com ) Gross (weight).,ACCEPT,Candidate retained after final rule-based refinement.,REMOVE,Likely dictionary abbreviation or extraction fragment.
4,com,کوٽِپو,( com ) Wastage.,ACCEPT,Candidate retained after final rule-based refinement.,REMOVE,Likely dictionary abbreviation or extraction fragment.
4,com,اصل مال,( com ) Prime quality.,ACCEPT,Candidate retained after final rule-based refinement.,REMOVE,Likely dictionary abbreviation or extraction fragment.
4,com,مُدي پُنيِ,( com ) Mature.,ACCEPT,Candidate retained after final rule-based refinement.,REMOVE,Likely dictionary abbreviation or extraction fragment.
4,com,موڙومچڪو,Idem. ( com ) Dull.,ACCEPT,Candidate retained after final rule-based refinement.,REMOVE,Likely dictionary abbreviation or extraction fragment.
4,ect,سٺائتو,"or Opportune, ect.",ACCEPT,Candidate retained after final rule-based refinement.,REMOVE,Likely dictionary abbreviation or extraction fragment.
4,gui,سَتارَ,A gui tar.,ACCEPT,Candidate retained after final rule-based refinement.,REMOVE,Likely dictionary abbreviation or extraction fragment.
4,inf,اُڌاڻو,Went away. inf,ACCEPT,Candidate retained after final rule-based refinement.,REMOVE,Likely dictionary abbreviation or extraction fragment.
4,lit,سَتاڙو,lit Seventh day). The ceremony of the husband taking his bride home a day or two subsequent to the wedding after she has visited her friends.,ACCEPT,Definition directly matches the English headword.,REMOVE,Likely dictionary abbreviation or extraction fragment.
4,mah,فَريدُ,A Mah saint.,ACCEPT,Candidate retained after final rule-based refinement.,REMOVE,Likely dictionary abbreviation or extraction fragment.
4,mah,نِمازَ,Prayer ( Mah,ACCEPT,Candidate retained after final rule-based refinement.,REMOVE,Likely dictionary abbreviation or extraction fragment.
4,mah,ٻُرْڙو,A Mah caste.,ACCEPT,Candidate retained after final rule-based refinement.,REMOVE,Likely dictionary abbreviation or extraction fragment.
4,mas,ساڍا,nom. plu. mas (,ACCEPT,Candidate retained after final rule-based refinement.,REMOVE,Likely dictionary abbreviation or extraction fragment.
4,mas,کارُ,( mas ) (,ACCEPT,Definition directly matches the English headword.,REMOVE,Likely dictionary abbreviation or extraction fragment.
4,med,خُماقَ,( med ) Quinsy.,ACCEPT,Candidate retained after final rule-based refinement.,REMOVE,Likely dictionary abbreviation or extraction fragment.
4,med,سُفۇفُ,( med ) Powder.,ACCEPT,Candidate retained after final rule-based refinement.,REMOVE,Likely dictionary abbreviation or extraction fragment.
4,med,ڪِڇُ,( med ) Leucorrhœa.,ACCEPT,Candidate retained after final rule-based refinement.,REMOVE,Likely dictionary abbreviation or extraction fragment.
4,med,نيِسائِڻُ,( med ) To resolve.,ACCEPT,Candidate retained after final rule-based refinement.,REMOVE,Likely dictionary abbreviation or extraction fragment.
4,med,وِرِ,"( med ) Sinus, fistula.",ACCEPT,Candidate retained after final rule-based refinement.,REMOVE,Likely dictionary abbreviation or extraction fragment.
4,med,اَنبُ,( med ) Pterygium.,ACCEPT,Candidate retained after final rule-based refinement.,REMOVE,Likely dictionary abbreviation or extraction fragment.
4,med,تَشْخِيصِ,Specification; ( med ) diagnosis.,ACCEPT,Candidate retained after final rule-based refinement.,REMOVE,Likely dictionary abbreviation or extraction fragment.
4,med,عَرْقُ الِسا,( med ) Sciatica.,ACCEPT,Candidate retained after final rule-based refinement.,REMOVE,Likely dictionary abbreviation or extraction fragment.
4,med,ناسۇرُ,( med ) Sinus.,ACCEPT,Candidate retained after final rule-based refinement.,REMOVE,Likely dictionary abbreviation or extraction fragment.
4,nom,تَوِهين,The nom. pl,ACCEPT,Candidate retained after final rule-based refinement.,REMOVE,Likely dictionary abbreviation or extraction fragment.
4,nom,مِڙِيوئي,All ( nom. pl,ACCEPT,Candidate retained after final rule-based refinement.,REMOVE,Likely dictionary abbreviation or extraction fragment.
4,opp,اِسٿۇل,Gross ( opp to,ACCEPT,Candidate retained after final rule-based refinement.,REMOVE,Likely dictionary abbreviation or extraction fragment.
4,opp,ڏۇتو,Income ( opp to,ACCEPT,Candidate retained after final rule-based refinement.,REMOVE,Likely dictionary abbreviation or extraction fragment.
4,opp,سُجَهندو,Light ( opp to,ACCEPT,Candidate retained after final rule-based refinement.,REMOVE,Likely dictionary abbreviation or extraction fragment.
4,opp,سَراوَندو,( Opp,ACCEPT,Definition directly matches the English headword.,REMOVE,Likely dictionary abbreviation or extraction fragment.
4,opp,ڪَبِيرُ,"Great, opp to",ACCEPT,Candidate retained after final rule-based refinement.,REMOVE,Likely dictionary abbreviation or extraction fragment.
4,opp,ڪِٺُ,"Heartwood, opp to ڪِٺُ . ڪَچُ",ACCEPT,Candidate retained after final rule-based refinement.,REMOVE,Likely dictionary abbreviation or extraction fragment.
4,opp,مقررَيِ,"Appointment, opp to",ACCEPT,Candidate retained after final rule-based refinement.,REMOVE,Likely dictionary abbreviation or extraction fragment.
4,opp,ونجوڳُہ,"Discord, opp to",ACCEPT,Candidate retained after final rule-based refinement.,REMOVE,Likely dictionary abbreviation or extraction fragment.
4,opp,يَڪِلانگو,"Sidesaddle, opp to",ACCEPT,Candidate retained after final rule-based refinement.,REMOVE,Likely dictionary abbreviation or extraction fragment.
4,opp,اُڀَڪَ,"Standing, opp to",ACCEPT,Candidate retained after final rule-based refinement.,REMOVE,Likely dictionary abbreviation or extraction fragment.
4,opp,اَڀَهۇ,"Scanty, opp to",ACCEPT,Candidate retained after final rule-based refinement.,REMOVE,Likely dictionary abbreviation or extraction fragment.
4,opp,اُجَهندو,"Dusk, opp to",ACCEPT,Candidate retained after final rule-based refinement.,REMOVE,Likely dictionary abbreviation or extraction fragment.
4,opp,اَڳَڍائو,"Well born, opp",ACCEPT,Candidate retained after final rule-based refinement.,REMOVE,Likely dictionary abbreviation or extraction fragment.
4,opp,ڀۇتو,"Expenditure, opp to",ACCEPT,Candidate retained after final rule-based refinement.,REMOVE,Likely dictionary abbreviation or extraction fragment.
4,pat,ٽِپِڙ,"To tap, pat.",ACCEPT,Candidate retained after final rule-based refinement.,REMOVE,Likely dictionary abbreviation or extraction fragment.
4,pat,ٺاپُرَڻُ,To pat.,ACCEPT,Candidate retained after final rule-based refinement.,REMOVE,Likely dictionary abbreviation or extraction fragment.
4,pl,اِجرام,n. pl Bodies.,ACCEPT,Candidate retained after final rule-based refinement.,REMOVE,Likely dictionary abbreviation or extraction fragment.
4,pl,اَحڪام,n. pl Orders.,ACCEPT,Candidate retained after final rule-based refinement.,REMOVE,Likely dictionary abbreviation or extraction fragment.
4,pl,آنئًَين,nom. pl ) of,ACCEPT,Candidate retained after final rule-based refinement.,REMOVE,Likely dictionary abbreviation or extraction fragment.
4,pl,بوراڪۇن,n. pl Barracks.,ACCEPT,Candidate retained after final rule-based refinement.,REMOVE,Likely dictionary abbreviation or extraction fragment.
4,pl,ٻَچَ,n. pl Dovetail.,ACCEPT,Candidate retained after final rule-based refinement.,REMOVE,Likely dictionary abbreviation or extraction fragment.
4,pl,ڀِرۇن,n. pl Eyebrows.,ACCEPT,Candidate retained after final rule-based refinement.,REMOVE,Likely dictionary abbreviation or extraction fragment.
4,pl,تَوِهين,The nom. pl,ACCEPT,Candidate retained after final rule-based refinement.,REMOVE,Likely dictionary abbreviation or extraction fragment.
4,pl,تَهَباردُن,n. pl Pieces.,ACCEPT,Candidate retained after final rule-based refinement.,REMOVE,Likely dictionary abbreviation or extraction fragment.
4,pl,پَرَهَڻُ,n. pl Clothings.,ACCEPT,Candidate retained after final rule-based refinement.,REMOVE,Likely dictionary abbreviation or extraction fragment.
4,pl,پَنڌِرَنِ,The pl. oblique,ACCEPT,Candidate retained after final rule-based refinement.,REMOVE,Likely dictionary abbreviation or extraction fragment.
4,pl,سُڪلَ ڇيڻا,n. pl Casings.,ACCEPT,Candidate retained after final rule-based refinement.,REMOVE,Likely dictionary abbreviation or extraction fragment.
4,pl,ڇيهۇن ڇيهۇن,n. pl,ACCEPT,Candidate retained after final rule-based refinement.,REMOVE,Likely dictionary abbreviation or extraction fragment.
4,pl,دِمَ,n. pl Boiled,ACCEPT,Candidate retained after final rule-based refinement.,REMOVE,Likely dictionary abbreviation or extraction fragment.
4,pl,عَناصِرُ,n. pl Elements.,ACCEPT,Candidate retained after final rule-based refinement.,REMOVE,Likely dictionary abbreviation or extraction fragment.
4,pl,ڪَپِچا,n. pl Rubble.,ACCEPT,Candidate retained after final rule-based refinement.,REMOVE,Likely dictionary abbreviation or extraction fragment.
4,pl,ڪَسَڙَ,n. pl Weeds.,ACCEPT,Candidate retained after final rule-based refinement.,REMOVE,Likely dictionary abbreviation or extraction fragment.
4,pl,لُڳْڙَٽُڳْڙَ,n. pl Rags.,ACCEPT,Candidate retained after final rule-based refinement.,REMOVE,Likely dictionary abbreviation or extraction fragment.
4,pl,مِڙِيوئي,All ( nom. pl,ACCEPT,Candidate retained after final rule-based refinement.,REMOVE,Likely dictionary abbreviation or extraction fragment.
4,pl,چِڙِۇن,n. pl of,ACCEPT,Candidate retained after final rule-based refinement.,REMOVE,Likely dictionary abbreviation or extraction fragment.
