lexical_id,entry_id,word,word_with_airab_or_variant,part_of_speech,domain,definition,language_direction,source_dictionary,normalized_word,normalized_definition,extra,publisher,publisher_url,prepared_by,english_original,english_normalized,headword_class,lookup_headword,review_reason,collision_with_row
slx_ac1e5e1bdfb41565,42382,Account (v),,,English → Sindhi,شمار ڪرڻ، ليکڻ، کنڌو,english,English → Sindhi,account v,شمار ڪرڻ ليکڻ کنڌو,,SindhiLanguage.org,https://sindhilanguage.org/,Amar Fayaz Buriro (امر فياض ٻرڙو),Account (v),Account (v),HEADWORD_WITH_LABEL,account,Normalized headword collision,
slx_4d443ea52b4a8cbb,42525,Address (v),,,English → Sindhi,تقرير ڪرڻ، وعظ ڪرڻ,english,English → Sindhi,address v,تقرير ڪرڻ وعظ ڪرڻ,,SindhiLanguage.org,https://sindhilanguage.org/,Amar Fayaz Buriro (امر فياض ٻرڙو),Address (v),Address (v),HEADWORD_WITH_LABEL,address,Normalized headword collision,
slx_a1fb3e8781e7d753,42744,Affright (v),,,English → Sindhi,ڊيڄارڻ، ڌمڪائڻ، خوف ڏيارڻ,english,English → Sindhi,affright v,ڊيڄارڻ ڌمڪائڻ خوف ڏيارڻ,,SindhiLanguage.org,https://sindhilanguage.org/,Amar Fayaz Buriro (امر فياض ٻرڙو),Affright (v),Affright (v),HEADWORD_WITH_LABEL,affright,Normalized headword collision,
slx_45a17fb69ef7b57a,42781,Aggrace,,,English → Sindhi,ڀلائي ڪرڻ، مهرباني ڪرڻ,english,English → Sindhi,aggrace,ڀلائي ڪرڻ مهرباني ڪرڻ,,SindhiLanguage.org,https://sindhilanguage.org/,Amar Fayaz Buriro (امر فياض ٻرڙو),Aggrace,Aggrace,ORDINARY_HEADWORD,aggrace,Normalized headword collision,
slx_5acc4f2f75f90f7b,42830,Aid (v),,,English → Sindhi,مدد ڪرڻ، سهائتا ڪرڻ، ساٿ ڏيڻ,english,English → Sindhi,aid v,مدد ڪرڻ سهائتا ڪرڻ ساٿ ڏيڻ,,SindhiLanguage.org,https://sindhilanguage.org/,Amar Fayaz Buriro (امر فياض ٻرڙو),Aid (v),Aid (v),HEADWORD_WITH_LABEL,aid,Normalized headword collision,
slx_be07c6a289ad098d,42835,Aim (n),,,English → Sindhi,نصب العين، نشانو، ارادو، مراد، مقصد، مدعا,english,English → Sindhi,aim n,نصب العين نشانو ارادو مراد مقصد مدعا,,SindhiLanguage.org,https://sindhilanguage.org/,Amar Fayaz Buriro (امر فياض ٻرڙو),Aim (n),Aim (n),HEADWORD_WITH_LABEL,aim,Normalized headword collision,
slx_5fdaf1af32ae4681,42838,Air (v),,,English → Sindhi,هوا کائڻ، وائکو ڪرڻ، سڪائڻ، هوا ڏيڻ,english,English → Sindhi,air v,هوا کائڻ وائکو ڪرڻ سڪائڻ هوا ڏيڻ,,SindhiLanguage.org,https://sindhilanguage.org/,Amar Fayaz Buriro (امر فياض ٻرڙو),Air (v),Air (v),HEADWORD_WITH_LABEL,air,Normalized headword collision,
slx_246a7202299f5ae0,42858,Alarm (v),,,English → Sindhi,خبردار ڪرڻ، چتاءُ ڏيڻ,english,English → Sindhi,alarm v,خبردار ڪرڻ چتاء ڏيڻ,,SindhiLanguage.org,https://sindhilanguage.org/,Amar Fayaz Buriro (امر فياض ٻرڙو),Alarm (v),Alarm (v),HEADWORD_WITH_LABEL,alarm,Normalized headword collision,
slx_2462da641b21ab7b,43116,Anchor,,,English → Sindhi,لنگر هڻڻ، بيهڻ (لنگر هڻي),english,English → Sindhi,anchor,لنگر هڻڻ بيهڻ لنگر هڻي,,SindhiLanguage.org,https://sindhilanguage.org/,Amar Fayaz Buriro (امر فياض ٻرڙو),Anchor,Anchor,ORDINARY_HEADWORD,anchor,Normalized headword collision,
slx_813927c4fa600bfe,43136,Angle (v),,,English → Sindhi,ڪنڍيءَ سان مڇي ڦاسائڻ، ڄار پکيڙڻ,english,English → Sindhi,angle v,ڪنڍيء سان مڇي ڦاسائڻ ڄار پکيڙڻ,,SindhiLanguage.org,https://sindhilanguage.org/,Amar Fayaz Buriro (امر فياض ٻرڙو),Angle (v),Angle (v),HEADWORD_WITH_LABEL,angle,Normalized headword collision,
slx_ad708ec54e41a206,43157,Animate (v),,,English → Sindhi,زنده ڪرڻ، همٿائڻ، سرهو ڪرڻ,english,English → Sindhi,animate v,زنده ڪرڻ همٿائڻ سرهو ڪرڻ,,SindhiLanguage.org,https://sindhilanguage.org/,Amar Fayaz Buriro (امر فياض ٻرڙو),Animate (v),Animate (v),HEADWORD_WITH_LABEL,animate,Normalized headword collision,
slx_6ce5a385bb8433bc,43215,Answer (v),,,English → Sindhi,جواب، ڏيڻ، ورندي ڏيڻ، حل ڳولڻ,english,English → Sindhi,answer v,جواب ڏيڻ ورندي ڏيڻ حل ڳولڻ,,SindhiLanguage.org,https://sindhilanguage.org/,Amar Fayaz Buriro (امر فياض ٻرڙو),Answer (v),Answer (v),HEADWORD_WITH_LABEL,answer,Normalized headword collision,
slx_f2cd3f8ce90a292a,43277,Ape (v),,,English → Sindhi,نقل ڪرڻ، ريس ڪرڻ، چٻرا ڪڍائڻ,english,English → Sindhi,ape v,نقل ڪرڻ ريس ڪرڻ چٻرا ڪڍائڻ,,SindhiLanguage.org,https://sindhilanguage.org/,Amar Fayaz Buriro (امر فياض ٻرڙو),Ape (v),Ape (v),HEADWORD_WITH_LABEL,ape,Normalized headword collision,
slx_387a6bbd90361f27,43314,Appeal (v),,,English → Sindhi,اپيل ڪرڻ، عرض ڪرڻ، فرياد ڪرڻ، دل سان لڳڻ,english,English → Sindhi,appeal v,اپيل ڪرڻ عرض ڪرڻ فرياد ڪرڻ دل سان لڳڻ,,SindhiLanguage.org,https://sindhilanguage.org/,Amar Fayaz Buriro (امر فياض ٻرڙو),Appeal (v),Appeal (v),HEADWORD_WITH_LABEL,appeal,Normalized headword collision,
slx_a87603ab19db6c89,43367,Approach (n),,,English → Sindhi,رسائي، پهچ، لنگهه,english,English → Sindhi,approach n,رسائي پهچ لنگهه,,SindhiLanguage.org,https://sindhilanguage.org/,Amar Fayaz Buriro (امر فياض ٻرڙو),Approach (n),Approach (n),HEADWORD_WITH_LABEL,approach,Normalized headword collision,
slx_1c09d59995a4b3cd,43443,Aerometer,,,English → Sindhi,پاڻيءَ جي گهاٽائي لهندڙ اوزار,english,English → Sindhi,aerometer,پاڻيء جي گهاٽائي لهندڙ اوزار,,SindhiLanguage.org,https://sindhilanguage.org/,Amar Fayaz Buriro (امر فياض ٻرڙو),Aerometer,Aerometer,ORDINARY_HEADWORD,aerometer,Normalized headword collision,
slx_b288c7b578b28b56,43572,Bolt (v),,,English → Sindhi,اُٿي ڀڄڻ، تاڙي يا ڪڙو پائڻ,english,English → Sindhi,bolt v,اٿي ڀڄڻ تاڙي يا ڪڙو پائڻ,,SindhiLanguage.org,https://sindhilanguage.org/,Amar Fayaz Buriro (امر فياض ٻرڙو),Bolt (v),Bolt (v),HEADWORD_WITH_LABEL,bolt,Normalized headword collision,
slx_c184da64e14e3e26,43617,Bore (v),,,English → Sindhi,سوراخ ڪرڻ، تنگ ڪرڻ، دق ڪرڻ,english,English → Sindhi,bore v,سوراخ ڪرڻ تنگ ڪرڻ دق ڪرڻ,,SindhiLanguage.org,https://sindhilanguage.org/,Amar Fayaz Buriro (امر فياض ٻرڙو),Bore (v),Bore (v),HEADWORD_WITH_LABEL,bore,Normalized headword collision,
slx_41b13ae828663edf,43942,Back (v),,,English → Sindhi,پوئتي هٽڻ، مدد ڪرڻ، پٺ ڀرائي ڪرڻ,english,English → Sindhi,back v,پوئتي هٽڻ مدد ڪرڻ پٺ ڀرائي ڪرڻ,,SindhiLanguage.org,https://sindhilanguage.org/,Amar Fayaz Buriro (امر فياض ٻرڙو),Back (v),Back (v),HEADWORD_WITH_LABEL,back,Normalized headword collision,
slx_bb4b017f79ff200d,43970,Bail (v),,,English → Sindhi,ضمانت، ضمانت تي آزاد ڪرڻ,english,English → Sindhi,bail v,ضمانت ضمانت تي آزاد ڪرڻ,,SindhiLanguage.org,https://sindhilanguage.org/,Amar Fayaz Buriro (امر فياض ٻرڙو),Bail (v),Bail (v),HEADWORD_WITH_LABEL,bail,Normalized headword collision,
slx_8cfd65e88dd73b54,43979,Balance (v),,,English → Sindhi,تورڻ، هموزن ڪرڻ، برابر ڪرڻ,english,English → Sindhi,balance v,تورڻ هموزن ڪرڻ برابر ڪرڻ,,SindhiLanguage.org,https://sindhilanguage.org/,Amar Fayaz Buriro (امر فياض ٻرڙو),Balance (v),Balance (v),HEADWORD_WITH_LABEL,balance,Normalized headword collision,
slx_889fe54542f6e36c,43986,Balk (v),,,English → Sindhi,ٺوڪر هڻڻ، رنڊائڻ,english,English → Sindhi,balk v,ٺوڪر هڻڻ رنڊائڻ,,SindhiLanguage.org,https://sindhilanguage.org/,Amar Fayaz Buriro (امر فياض ٻرڙو),Balk (v),Balk (v),HEADWORD_WITH_LABEL,balk,Normalized headword collision,
slx_e3ff8f7b932fe10c,44014,Bang (v),,,English → Sindhi,ٺوڪڻ، زور سان بند ڪرڻ,english,English → Sindhi,bang v,ٺوڪڻ زور سان بند ڪرڻ,,SindhiLanguage.org,https://sindhilanguage.org/,Amar Fayaz Buriro (امر فياض ٻرڙو),Bang (v),Bang (v),HEADWORD_WITH_LABEL,bang,Normalized headword collision,
slx_dfcc642018bfd9c4,44050,Bark (v),,,English → Sindhi,ڀؤنڪڻ، ڇوڏو لاهڻ,english,English → Sindhi,bark v,ڀؤنڪڻ ڇوڏو لاهڻ,,SindhiLanguage.org,https://sindhilanguage.org/,Amar Fayaz Buriro (امر فياض ٻرڙو),Bark (v),Bark (v),HEADWORD_WITH_LABEL,bark,Normalized headword collision,
slx_5ace628a8b13e254,44070,Base (adj),,,English → Sindhi,گهٽ، ڪم، ڪمينو، نڪمو، کوٽو، نيچ,english,English → Sindhi,base adj,گهٽ ڪم ڪمينو نڪمو کوٽو نيچ,,SindhiLanguage.org,https://sindhilanguage.org/,Amar Fayaz Buriro (امر فياض ٻرڙو),Base (adj),Base (adj),HEADWORD_WITH_LABEL,base,Normalized headword collision,
slx_6804338586186a59,44120,Beam (v),,,English → Sindhi,چمڪڻ، ٽمڪڻ، ٻهڪڻ,english,English → Sindhi,beam v,چمڪڻ ٽمڪڻ ٻهڪڻ,,SindhiLanguage.org,https://sindhilanguage.org/,Amar Fayaz Buriro (امر فياض ٻرڙو),Beam (v),Beam (v),HEADWORD_WITH_LABEL,beam,Normalized headword collision,
slx_6afadee2c511c012,44125,Bear (v),,,English → Sindhi,سهڻ، برداشت ڪرڻ، کڻڻ، جهلڻ، ڄڻڻ، ادا ڪرڻ,english,English → Sindhi,bear v,سهڻ برداشت ڪرڻ کڻڻ جهلڻ ڄڻڻ ادا ڪرڻ,,SindhiLanguage.org,https://sindhilanguage.org/,Amar Fayaz Buriro (امر فياض ٻرڙو),Bear (v),Bear (v),HEADWORD_WITH_LABEL,bear,Normalized headword collision,
slx_999639dcf060964f,44219,Bell (v),,,English → Sindhi,گهنڊ وڄائڻ، گلي ۾ گهنڊڻي ٻڌڻ,english,English → Sindhi,bell v,گهنڊ وڄائڻ گلي گهنڊڻي ٻڌڻ,,SindhiLanguage.org,https://sindhilanguage.org/,Amar Fayaz Buriro (امر فياض ٻرڙو),Bell (v),Bell (v),HEADWORD_WITH_LABEL,bell,Normalized headword collision,
slx_d868e44a551e1e38,44443,Bleak,,,English → Sindhi,هڪ قسم جي نديءَ جي ننڍي اڇي مڇي,english,English → Sindhi,bleak,هڪ قسم جي نديء جي ننڍي اڇي مڇي,,SindhiLanguage.org,https://sindhilanguage.org/,Amar Fayaz Buriro (امر فياض ٻرڙو),Bleak,Bleak,ORDINARY_HEADWORD,bleak,Normalized headword collision,
slx_f4002a3796101a3c,44476,Block (v),,,English → Sindhi,رنڊائڻ، روڪڻ، بند ڪرڻ,english,English → Sindhi,block v,رنڊائڻ روڪڻ بند ڪرڻ,,SindhiLanguage.org,https://sindhilanguage.org/,Amar Fayaz Buriro (امر فياض ٻرڙو),Block (v),Block (v),HEADWORD_WITH_LABEL,block,Normalized headword collision,
slx_ee6b8c7063d262c0,44497,Blow (v),,,English → Sindhi,هوا ڏيڻ، ڦوڪ ڏيڻ,english,English → Sindhi,blow v,هوا ڏيڻ ڦوڪ ڏيڻ,,SindhiLanguage.org,https://sindhilanguage.org/,Amar Fayaz Buriro (امر فياض ٻرڙو),Blow (v),Blow (v),HEADWORD_WITH_LABEL,blow,Normalized headword collision,
slx_cfee9ca42adb758d,44506,Blunder (v),,,English → Sindhi,خطا ڪرڻ، وڏي چوڪ ڪرڻ، انڌو ٿي هلڻ,english,English → Sindhi,blunder v,خطا ڪرڻ وڏي چوڪ ڪرڻ انڌو ٿي هلڻ,,SindhiLanguage.org,https://sindhilanguage.org/,Amar Fayaz Buriro (امر فياض ٻرڙو),Blunder (v),Blunder (v),HEADWORD_WITH_LABEL,blunder,Normalized headword collision,
slx_438e7de1505ddf7f,44514,Blur (v),,,English → Sindhi,داغ هڻڻ يا ڪرڻ، بگاڙڻ، جهڪو ڪرڻ,english,English → Sindhi,blur v,داغ هڻڻ يا ڪرڻ بگاڙڻ جهڪو ڪرڻ,,SindhiLanguage.org,https://sindhilanguage.org/,Amar Fayaz Buriro (امر فياض ٻرڙو),Blur (v),Blur (v),HEADWORD_WITH_LABEL,blur,Normalized headword collision,
slx_a4dafcec5f22a5eb,44517,Blush (v),,,English → Sindhi,شرمسار ٿيڻ، لڄي ٿيڻ,english,English → Sindhi,blush v,شرمسار ٿيڻ لڄي ٿيڻ,,SindhiLanguage.org,https://sindhilanguage.org/,Amar Fayaz Buriro (امر فياض ٻرڙو),Blush (v),Blush (v),HEADWORD_WITH_LABEL,blush,Normalized headword collision,
slx_b1fb6e7f8108d4c7,44524,Board (v),,,English → Sindhi,جهاز تي زوريءَ چڙهڻ، تختو لڳائڻ,english,English → Sindhi,board v,جهاز تي زوريء چڙهڻ تختو لڳائڻ,,SindhiLanguage.org,https://sindhilanguage.org/,Amar Fayaz Buriro (امر فياض ٻرڙو),Board (v),Board (v),HEADWORD_WITH_LABEL,board,Normalized headword collision,
slx_e1abd0133eba43d4,44567,Bow (v),,,English → Sindhi,جهڪڻ، مطيع ڪرڻ، زير ڪرڻ، نمڻ، سر جهڪائي، سلام ڪرڻ,english,English → Sindhi,bow v,جهڪڻ مطيع ڪرڻ زير ڪرڻ نمڻ سر جهڪائي سلام ڪرڻ,,SindhiLanguage.org,https://sindhilanguage.org/,Amar Fayaz Buriro (امر فياض ٻرڙو),Bow (v),Bow (v),HEADWORD_WITH_LABEL,bow,Normalized headword collision,
slx_8f322afca68c5015,44575,Box,,,English → Sindhi,ٺؤنشو، مڪ,english,English → Sindhi,box,ٺؤنشو مڪ,,SindhiLanguage.org,https://sindhilanguage.org/,Amar Fayaz Buriro (امر فياض ٻرڙو),Box,Box,ORDINARY_HEADWORD,box,Normalized headword collision,
slx_c1471451a18f6702,44594,Brake,,,English → Sindhi,بريڪ، چال روڪيندڙ اوزار، اُن صاف ڪرڻ جو اوازار,english,English → Sindhi,brake,بريڪ چال روڪيندڙ اوزار ان صاف ڪرڻ جو اوازار,,SindhiLanguage.org,https://sindhilanguage.org/,Amar Fayaz Buriro (امر فياض ٻرڙو),Brake,Brake,ORDINARY_HEADWORD,brake,Normalized headword collision,
slx_e43f3491d5e665d0,44615,Bravo,,,English → Sindhi,لڪل قاتل (لبيل قاتل),english,English → Sindhi,bravo,لڪل قاتل لبيل قاتل,,SindhiLanguage.org,https://sindhilanguage.org/,Amar Fayaz Buriro (امر فياض ٻرڙو),Bravo,Bravo,ORDINARY_HEADWORD,bravo,Normalized headword collision,
slx_632c0b64d1545574,44629,Break (n),,,English → Sindhi,خالي جاءِ، ڦوٽ، ناغو، ڦاٽ,english,English → Sindhi,break n,خالي جاء ڦوٽ ناغو ڦاٽ,,SindhiLanguage.org,https://sindhilanguage.org/,Amar Fayaz Buriro (امر فياض ٻرڙو),Break (n),Break (n),HEADWORD_WITH_LABEL,break,Normalized headword collision,
slx_d09a102e14592937,44641,Breed (v),,,English → Sindhi,پالڻ، نپائڻ، پرورش ڪرڻ، پيدا ڪرڻ، ڄڻڻ,english,English → Sindhi,breed v,پالڻ نپائڻ پرورش ڪرڻ پيدا ڪرڻ ڄڻڻ,,SindhiLanguage.org,https://sindhilanguage.org/,Amar Fayaz Buriro (امر فياض ٻرڙو),Breed (v),Breed (v),HEADWORD_WITH_LABEL,breed,Normalized headword collision,
slx_8c2f2645652b5550,44654,Bribe (v),,,English → Sindhi,رشوت ڏيڻ، لبڻ,english,English → Sindhi,bribe v,رشوت ڏيڻ لبڻ,,SindhiLanguage.org,https://sindhilanguage.org/,Amar Fayaz Buriro (امر فياض ٻرڙو),Bribe (v),Bribe (v),HEADWORD_WITH_LABEL,bribe,Normalized headword collision,
slx_124c90d77fd141a2,44692,Bristle (n),,,English → Sindhi,سوئر جا وار، کڙا وار,english,English → Sindhi,bristle n,سوئر جا وار کڙا وار,,SindhiLanguage.org,https://sindhilanguage.org/,Amar Fayaz Buriro (امر فياض ٻرڙو),Bristle (n),Bristle (n),HEADWORD_WITH_LABEL,bristle,Normalized headword collision,
slx_5b02de1a1ba72084,44705,Broil (v),,,English → Sindhi,پچڻ، پچائڻ، سڙڻ,english,English → Sindhi,broil v,پچڻ پچائڻ سڙڻ,,SindhiLanguage.org,https://sindhilanguage.org/,Amar Fayaz Buriro (امر فياض ٻرڙو),Broil (v),Broil (v),HEADWORD_WITH_LABEL,broil,Normalized headword collision,
slx_816cd48698d71999,44718,Brook,,,English → Sindhi,برداشت ڪرڻ، سهڻ,english,English → Sindhi,brook,برداشت ڪرڻ سهڻ,,SindhiLanguage.org,https://sindhilanguage.org/,Amar Fayaz Buriro (امر فياض ٻرڙو),Brook,Brook,ORDINARY_HEADWORD,brook,Normalized headword collision,
slx_f77b60e963adf9e9,44743,Brush (v),,,English → Sindhi,ٻهاري ڏيڻ، صاف ڪرڻ، چمڪائڻ,english,English → Sindhi,brush v,ٻهاري ڏيڻ صاف ڪرڻ چمڪائڻ,,SindhiLanguage.org,https://sindhilanguage.org/,Amar Fayaz Buriro (امر فياض ٻرڙو),Brush (v),Brush (v),HEADWORD_WITH_LABEL,brush,Normalized headword collision,
slx_c73538aae6d72c32,44852,Bustle (v),,,English → Sindhi,گوڙ ڪرڻ، هل ڪرڻ,english,English → Sindhi,bustle v,گوڙ ڪرڻ هل ڪرڻ,,SindhiLanguage.org,https://sindhilanguage.org/,Amar Fayaz Buriro (امر فياض ٻرڙو),Bustle (v),Bustle (v),HEADWORD_WITH_LABEL,bustle,Normalized headword collision,
slx_601ddb6cbc9081da,44978,Can,,,English → Sindhi,سُگهڻ، لائق، هجڻ، طاقت رکڻ,english,English → Sindhi,can,سگهڻ لائق هجڻ طاقت رکڻ,,SindhiLanguage.org,https://sindhilanguage.org/,Amar Fayaz Buriro (امر فياض ٻرڙو),Can,Can,ORDINARY_HEADWORD,can,Normalized headword collision,
slx_842ce8dd16a3475f,45041,Capital,,,English → Sindhi,مارڻ جي لائق، مکيه، وڏو، سنگين، عمدو,english,English → Sindhi,capital,مارڻ جي لائق مکيه وڏو سنگين عمدو,,SindhiLanguage.org,https://sindhilanguage.org/,Amar Fayaz Buriro (امر فياض ٻرڙو),Capital,Capital,ORDINARY_HEADWORD,capital,Normalized headword collision,
slx_a092cb54f5d214ae,45110,Carousol,,,English → Sindhi,گهڻو شراب پيئڻ، نشئي ٿيڻ,english,English → Sindhi,carousol,گهڻو شراب پيئڻ نشئي ٿيڻ,,SindhiLanguage.org,https://sindhilanguage.org/,Amar Fayaz Buriro (امر فياض ٻرڙو),Carousol,Carousol,ORDINARY_HEADWORD,carousol,Normalized headword collision,
slx_fb5b08e3c4fff889,45134,Case,,,English → Sindhi,ماجرا، مقدمو، حالت، گذارش، بيمار,english,English → Sindhi,case,ماجرا مقدمو حالت گذارش بيمار,,SindhiLanguage.org,https://sindhilanguage.org/,Amar Fayaz Buriro (امر فياض ٻرڙو),Case,Case,ORDINARY_HEADWORD,case,Normalized headword collision,
slx_af231c9bc853aa18,45138,Cash (v),,,English → Sindhi,پيسن ۾ تبديل ڪرڻ، چيڪ بدلائڻ,english,English → Sindhi,cash v,پيسن تبديل ڪرڻ چيڪ بدلائڻ,,SindhiLanguage.org,https://sindhilanguage.org/,Amar Fayaz Buriro (امر فياض ٻرڙو),Cash (v),Cash (v),HEADWORD_WITH_LABEL,cash,Normalized headword collision,
slx_86aa128d74e2f694,45240,Cement (v),,,English → Sindhi,پيوند ڪرڻ، چنبڙائڻ، ڳنڍڻ (سيمنيٽ سان),english,English → Sindhi,cement v,پيوند ڪرڻ چنبڙائڻ ڳنڍڻ سيمنيٽ سان,,SindhiLanguage.org,https://sindhilanguage.org/,Amar Fayaz Buriro (امر فياض ٻرڙو),Cement (v),Cement (v),HEADWORD_WITH_LABEL,cement,Normalized headword collision,
slx_216aa1114a732673,45250,Censure (v),,,English → Sindhi,ملامت ڪرڻ، الزام لڳائڻ، دٻ ڪڍڻ,english,English → Sindhi,censure v,ملامت ڪرڻ الزام لڳائڻ دٻ ڪڍڻ,,SindhiLanguage.org,https://sindhilanguage.org/,Amar Fayaz Buriro (امر فياض ٻرڙو),Censure (v),Censure (v),HEADWORD_WITH_LABEL,censure,Normalized headword collision,
slx_9306e75bd40b71f6,45345,Charge (v),,,English → Sindhi,حوالي ڪرڻ، سپرد ڪرڻ، قيمت وٺڻ، حملو ڪرڻ,english,English → Sindhi,charge v,حوالي ڪرڻ سپرد ڪرڻ قيمت وٺڻ حملو ڪرڻ,,SindhiLanguage.org,https://sindhilanguage.org/,Amar Fayaz Buriro (امر فياض ٻرڙو),Charge (v),Charge (v),HEADWORD_WITH_LABEL,charge,Normalized headword collision,
slx_57e2ed132a9dae50,45386,Cheer (v),,,English → Sindhi,حوصلو وڌائڻ، دلاسو ڏيڻ، واه واه ڪرڻ، همتائڻ,english,English → Sindhi,cheer v,حوصلو وڌائڻ دلاسو ڏيڻ واه واه ڪرڻ همتائڻ,,SindhiLanguage.org,https://sindhilanguage.org/,Amar Fayaz Buriro (امر فياض ٻرڙو),Cheer (v),Cheer (v),HEADWORD_WITH_LABEL,cheer,Normalized headword collision,
slx_2f45eafa8cf0d363,45559,Claim (v),,,English → Sindhi,حق گهرڻ، دعويٰ ڪرڻ,english,English → Sindhi,claim v,حق گهرڻ دعوي ڪرڻ,,SindhiLanguage.org,https://sindhilanguage.org/,Amar Fayaz Buriro (امر فياض ٻرڙو),Claim (v),Claim (v),HEADWORD_WITH_LABEL,claim,Normalized headword collision,
slx_015c4a98c1f7690c,45576,Clap (v),,,English → Sindhi,ٿڦڙ هڻڻ، تاڙي وڄائڻ، واه واه ڪرڻ,english,English → Sindhi,clap v,ٿڦڙ هڻڻ تاڙي وڄائڻ واه واه ڪرڻ,,SindhiLanguage.org,https://sindhilanguage.org/,Amar Fayaz Buriro (امر فياض ٻرڙو),Clap (v),Clap (v),HEADWORD_WITH_LABEL,clap,Normalized headword collision,
slx_0094848f76791a24,45592,Clatter (v),,,English → Sindhi,کڙ کڙاهٽ ڪرڻ، ٽاپ ٽاپ ڪرڻ، بڪ بڪ ڪرڻ,english,English → Sindhi,clatter v,کڙ کڙاهٽ ڪرڻ ٽاپ ٽاپ ڪرڻ بڪ بڪ ڪرڻ,,SindhiLanguage.org,https://sindhilanguage.org/,Amar Fayaz Buriro (امر فياض ٻرڙو),Clatter (v),Clatter (v),HEADWORD_WITH_LABEL,clatter,Normalized headword collision,
slx_36a13ce7a8a81570,45601,Clean (v),,,English → Sindhi,صاف ڪرڻ,english,English → Sindhi,clean v,صاف ڪرڻ,,SindhiLanguage.org,https://sindhilanguage.org/,Amar Fayaz Buriro (امر فياض ٻرڙو),Clean (v),Clean (v),HEADWORD_WITH_LABEL,clean,Normalized headword collision,
slx_fe86f9984730b972,45607,Clear (Adj),,,English → Sindhi,صاف، خالي، ظاهر، صافي، بلڪل، شفاف,english,English → Sindhi,clear adj,صاف خالي ظاهر صافي بلڪل شفاف,,SindhiLanguage.org,https://sindhilanguage.org/,Amar Fayaz Buriro (امر فياض ٻرڙو),Clear (Adj),Clear (Adj),HEADWORD_WITH_LABEL,clear,Normalized headword collision,
slx_e2b5df082e3586dc,45694,Co,,,English → Sindhi,ساٿ، گڏ,english,English → Sindhi,co,ساٿ گڏ,,SindhiLanguage.org,https://sindhilanguage.org/,Amar Fayaz Buriro (امر فياض ٻرڙو),Co,Co,ORDINARY_HEADWORD,co,Normalized headword collision,
slx_6335c2a6e0470436,45772,Coil (v),,,English → Sindhi,ويڙهڻ، لپيٽڻ,english,English → Sindhi,coil v,ويڙهڻ لپيٽڻ,,SindhiLanguage.org,https://sindhilanguage.org/,Amar Fayaz Buriro (امر فياض ٻرڙو),Coil (v),Coil (v),HEADWORD_WITH_LABEL,coil,Normalized headword collision,
slx_36658a92b6abce19,45774,Coin (v),,,English → Sindhi,سڪو يا نوٽ ڇاپڻ، کوجنا ڪرڻ,english,English → Sindhi,coin v,سڪو يا نوٽ ڇاپڻ کوجنا ڪرڻ,,SindhiLanguage.org,https://sindhilanguage.org/,Amar Fayaz Buriro (امر فياض ٻرڙو),Coin (v),Coin (v),HEADWORD_WITH_LABEL,coin,Normalized headword collision,
slx_a57650625b00768a,46109,Confident,,,English → Sindhi,دلير، پوري اعتبار رکڻ وارو,english,English → Sindhi,confident,دلير پوري اعتبار رکڻ وارو,,SindhiLanguage.org,https://sindhilanguage.org/,Amar Fayaz Buriro (امر فياض ٻرڙو),Confident,Confident,ORDINARY_HEADWORD,confident,Normalized headword collision,
slx_3a607cea2dcab5c4,46412,Decline (n),,,English → Sindhi,زوال، پؤڻائي، موڙي، موٽ، سلهه,english,English → Sindhi,decline n,زوال پؤڻائي موڙي موٽ سلهه,,SindhiLanguage.org,https://sindhilanguage.org/,Amar Fayaz Buriro (امر فياض ٻرڙو),Decline (n),Decline (n),HEADWORD_WITH_LABEL,decline,Normalized headword collision,
slx_5c2e69ea6b5e180b,46565,Deluge (v),,,English → Sindhi,غوطا ڏيڻ، ٻوڙڻ، غرق ڪرڻ,english,English → Sindhi,deluge v,غوطا ڏيڻ ٻوڙڻ غرق ڪرڻ,,SindhiLanguage.org,https://sindhilanguage.org/,Amar Fayaz Buriro (امر فياض ٻرڙو),Deluge (v),Deluge (v),HEADWORD_WITH_LABEL,deluge,Normalized headword collision,
slx_fad50378fe2bd279,46572,Demand (n),,,English → Sindhi,گهر، گهرج، طلب، ڇڪ,english,English → Sindhi,demand n,گهر گهرج طلب ڇڪ,,SindhiLanguage.org,https://sindhilanguage.org/,Amar Fayaz Buriro (امر فياض ٻرڙو),Demand (n),Demand (n),HEADWORD_WITH_LABEL,demand,Normalized headword collision,
slx_0f295f53ccba15d2,46722,Despair (v),,,English → Sindhi,نااميد ٿيڻ، نراس ٿيڻ,english,English → Sindhi,despair v,نااميد ٿيڻ نراس ٿيڻ,,SindhiLanguage.org,https://sindhilanguage.org/,Amar Fayaz Buriro (امر فياض ٻرڙو),Despair (v),Despair (v),HEADWORD_WITH_LABEL,despair,Normalized headword collision,
slx_6512fd748d495856,46788,Develop,,,English → Sindhi,آهستي آهستي ڏيکائي ڏيڻ، بهار ٿيڻ، ظاهر ٿيڻ,english,English → Sindhi,develop,آهستي آهستي ڏيکائي ڏيڻ بهار ٿيڻ ظاهر ٿيڻ,,SindhiLanguage.org,https://sindhilanguage.org/,Amar Fayaz Buriro (امر فياض ٻرڙو),Develop,Develop,ORDINARY_HEADWORD,develop,Normalized headword collision,
slx_0c5c71216d9eb36d,46924,Direct (v),,,English → Sindhi,فرمان ڪرڻ، سڌي رستي تي هلائڻ، هدايت ڏيڻ,english,English → Sindhi,direct v,فرمان ڪرڻ سڌي رستي تي هلائڻ هدايت ڏيڻ,,SindhiLanguage.org,https://sindhilanguage.org/,Amar Fayaz Buriro (امر فياض ٻرڙو),Direct (v),Direct (v),HEADWORD_WITH_LABEL,direct,Normalized headword collision,
slx_bf4ccda04a77a72c,46981,Discipline (v),,,English → Sindhi,سيکارڻ، ضابطي ۾ رکڻ، قواعد ڪرائڻ,english,English → Sindhi,discipline v,سيکارڻ ضابطي رکڻ قواعد ڪرائڻ,,SindhiLanguage.org,https://sindhilanguage.org/,Amar Fayaz Buriro (امر فياض ٻرڙو),Discipline (v),Discipline (v),HEADWORD_WITH_LABEL,discipline,Normalized headword collision,
slx_c53515c16a06a117,47054,Dishonour,,,English → Sindhi,بي حرمت ڪرڻ، بي آبرو ڪرڻ,english,English → Sindhi,dishonour,بي حرمت ڪرڻ بي آبرو ڪرڻ,,SindhiLanguage.org,https://sindhilanguage.org/,Amar Fayaz Buriro (امر فياض ٻرڙو),Dishonour,Dishonour,ORDINARY_HEADWORD,dishonour,Normalized headword collision,
slx_8f5a5b3c7803b5ba,47315,Double,,,English → Sindhi,ٻيڻو، ٻٽو، ٻيڻ، ٻيڻو ڪرڻ,english,English → Sindhi,double,ٻيڻو ٻٽو ٻيڻ ٻيڻو ڪرڻ,,SindhiLanguage.org,https://sindhilanguage.org/,Amar Fayaz Buriro (امر فياض ٻرڙو),Double,Double,ORDINARY_HEADWORD,double,Normalized headword collision,
slx_6df45047c9d12e94,47485,Hand,,,English → Sindhi,ڏيڻ، حوالي ڪرڻ، سونپڻ، اڳواڻي ڪرڻ,english,English → Sindhi,hand,ڏيڻ حوالي ڪرڻ سونپڻ اڳواڻي ڪرڻ,,SindhiLanguage.org,https://sindhilanguage.org/,Amar Fayaz Buriro (امر فياض ٻرڙو),Hand,Hand,ORDINARY_HEADWORD,hand,Normalized headword collision,
slx_d2481dd7b1e01fca,47486,Hand,,,English → Sindhi,دستڪار، جلدي هٿ هلائيندڙ، واجبي، آرام جهڙو,english,English → Sindhi,hand,دستڪار جلدي هٿ هلائيندڙ واجبي آرام جهڙو,,SindhiLanguage.org,https://sindhilanguage.org/,Amar Fayaz Buriro (امر فياض ٻرڙو),Hand,Hand,ORDINARY_HEADWORD,hand,Normalized headword collision,
slx_1442a7b67a1af077,47530,Hardly,,,English → Sindhi,مس مس، مصيبت، مشڪل سان,english,English → Sindhi,hardly,مس مس مصيبت مشڪل سان,,SindhiLanguage.org,https://sindhilanguage.org/,Amar Fayaz Buriro (امر فياض ٻرڙو),Hardly,Hardly,ORDINARY_HEADWORD,hardly,Normalized headword collision,
slx_3ea12e34f2ea6b28,47601,Hazel,,,English → Sindhi,ڀوري رنگ جو,english,English → Sindhi,hazel,ڀوري رنگ جو,,SindhiLanguage.org,https://sindhilanguage.org/,Amar Fayaz Buriro (امر فياض ٻرڙو),Hazel,Hazel,ORDINARY_HEADWORD,hazel,Normalized headword collision,
slx_284899c26bcae3e0,47606,Head,,,English → Sindhi,اعليٰ، سامهون ٿيڻ، پهريون هئڻ، مٿي,english,English → Sindhi,head,اعلي سامهون ٿيڻ پهريون هئڻ مٿي,,SindhiLanguage.org,https://sindhilanguage.org/,Amar Fayaz Buriro (امر فياض ٻرڙو),Head,Head,ORDINARY_HEADWORD,head,Normalized headword collision,
slx_ffabfdc8e88d6cea,47640,Health,,,English → Sindhi,پوٺو، وڻ جنهن مان ٻهاري ٺهندي آهي,english,English → Sindhi,health,پوٺو وڻ جنهن مان ٻهاري ٺهندي آهي,,SindhiLanguage.org,https://sindhilanguage.org/,Amar Fayaz Buriro (امر فياض ٻرڙو),Health,Health,ORDINARY_HEADWORD,health,Normalized headword collision,
slx_1c9828c76dca10b7,47647,Heavenly,,,English → Sindhi,بدبختيءَ سان، مصيبت سان، اداسيءَ سان، سرد آه,english,English → Sindhi,heavenly,بدبختيء سان مصيبت سان اداسيء سان سرد آه,,SindhiLanguage.org,https://sindhilanguage.org/,Amar Fayaz Buriro (امر فياض ٻرڙو),Heavenly,Heavenly,ORDINARY_HEADWORD,heavenly,Normalized headword collision,
slx_cd902f267519d002,47712,Drill,,,English → Sindhi,برمو، فوجي قواعد,english,English → Sindhi,drill,برمو فوجي قواعد,,SindhiLanguage.org,https://sindhilanguage.org/,Amar Fayaz Buriro (امر فياض ٻرڙو),Drill,Drill,ORDINARY_HEADWORD,drill,Normalized headword collision,
slx_662e9cb5d701bbb1,47716,Drive (n),,,English → Sindhi,گاڏيءَ جي سواري,english,English → Sindhi,drive n,گاڏيء جي سواري,,SindhiLanguage.org,https://sindhilanguage.org/,Amar Fayaz Buriro (امر فياض ٻرڙو),Drive (n),Drive (n),HEADWORD_WITH_LABEL,drive,Normalized headword collision,
slx_958ca70d506e3155,47727,Drop (v),,,English → Sindhi,ڦڙو وهائڻ، ڇڏي ڏيڻ، ڪيرائڻ، موقوف ڪرڻ,english,English → Sindhi,drop v,ڦڙو وهائڻ ڇڏي ڏيڻ ڪيرائڻ موقوف ڪرڻ,,SindhiLanguage.org,https://sindhilanguage.org/,Amar Fayaz Buriro (امر فياض ٻرڙو),Drop (v),Drop (v),HEADWORD_WITH_LABEL,drop,Normalized headword collision,
slx_fffbcd00d9778ce7,47839,Earnest (n),,,English → Sindhi,بيانو، سوٿي، اڳواٽ ڏنل رقم,english,English → Sindhi,earnest n,بيانو سوٿي اڳواٽ ڏنل رقم,,SindhiLanguage.org,https://sindhilanguage.org/,Amar Fayaz Buriro (امر فياض ٻرڙو),Earnest (n),Earnest (n),HEADWORD_WITH_LABEL,earnest,Normalized headword collision,
slx_8b8da5e70c2dcb27,47913,Education,,,English → Sindhi,ڪڍڻ، ڇڪي ڪڍڻ جو ڪم,english,English → Sindhi,education,ڪڍڻ ڇڪي ڪڍڻ جو ڪم,,SindhiLanguage.org,https://sindhilanguage.org/,Amar Fayaz Buriro (امر فياض ٻرڙو),Education,Education,ORDINARY_HEADWORD,education,Normalized headword collision,
slx_9d6929610cf2050c,47974,Eke,,,English → Sindhi,پڻ، اهڙيءَ طرح,english,English → Sindhi,eke,پڻ اهڙيء طرح,,SindhiLanguage.org,https://sindhilanguage.org/,Amar Fayaz Buriro (امر فياض ٻرڙو),Eke,Eke,ORDINARY_HEADWORD,eke,Normalized headword collision,
slx_3502502e4326606c,48773,Fall (N),,,English → Sindhi,تنزل، ڌڪو، آبشار، خزان، زوال، شڪست,english,English → Sindhi,fall n,تنزل ڌڪو آبشار خزان زوال شڪست,,SindhiLanguage.org,https://sindhilanguage.org/,Amar Fayaz Buriro (امر فياض ٻرڙو),Fall (N),Fall (N),HEADWORD_WITH_LABEL,fall,Normalized headword collision,
slx_93228eb7443d0fb8,48868,Feal,,,English → Sindhi,لڪائڻ,english,English → Sindhi,feal,لڪائڻ,,SindhiLanguage.org,https://sindhilanguage.org/,Amar Fayaz Buriro (امر فياض ٻرڙو),Feal,Feal,ORDINARY_HEADWORD,feal,Normalized headword collision,
slx_89c3a86c77d800db,48908,Fell,,,English → Sindhi,کل، چمڙو، ڪاوڙ، غم (ظالم، خوني، خوفناڪ),english,English → Sindhi,fell,کل چمڙو ڪاوڙ غم ظالم خوني خوفناڪ,,SindhiLanguage.org,https://sindhilanguage.org/,Amar Fayaz Buriro (امر فياض ٻرڙو),Fell,Fell,ORDINARY_HEADWORD,fell,Normalized headword collision,
slx_c9d6c15b8eed3633,49074,Flexible,,,English → Sindhi,پگهرندڙ,english,English → Sindhi,flexible,پگهرندڙ,,SindhiLanguage.org,https://sindhilanguage.org/,Amar Fayaz Buriro (امر فياض ٻرڙو),Flexible,Flexible,ORDINARY_HEADWORD,flexible,Normalized headword collision,
slx_547f813edaafe8c6,49286,Frenzy,,,English → Sindhi,جنون، ديوانگي,english,English → Sindhi,frenzy,جنون ديوانگي,,SindhiLanguage.org,https://sindhilanguage.org/,Amar Fayaz Buriro (امر فياض ٻرڙو),Frenzy,Frenzy,ORDINARY_HEADWORD,frenzy,Normalized headword collision,
slx_84ef775d39a7e4b4,49332,Forward,,,English → Sindhi,سرڪش، ضدي، ڏنگو، نجس,english,English → Sindhi,forward,سرڪش ضدي ڏنگو نجس,,SindhiLanguage.org,https://sindhilanguage.org/,Amar Fayaz Buriro (امر فياض ٻرڙو),Forward,Forward,ORDINARY_HEADWORD,forward,Normalized headword collision,
slx_091c4eb0589c3287,49536,Gas (v),,,English → Sindhi,گئس پهچائڻ، دشمن تي زهري بخار اڇلائڻ,english,English → Sindhi,gas v,گئس پهچائڻ دشمن تي زهري بخار اڇلائڻ,,SindhiLanguage.org,https://sindhilanguage.org/,Amar Fayaz Buriro (امر فياض ٻرڙو),Gas (v),Gas (v),HEADWORD_WITH_LABEL,gas,Normalized headword collision,
slx_e311e12992d1fd2d,49820,Glue,,,English → Sindhi,لڳلڳيدار,english,English → Sindhi,glue,لڳلڳيدار,,SindhiLanguage.org,https://sindhilanguage.org/,Amar Fayaz Buriro (امر فياض ٻرڙو),Glue,Glue,ORDINARY_HEADWORD,glue,Normalized headword collision,
slx_823aaf62fe823abb,49844,Go between,,,English → Sindhi,وچ وارو، دلال، ڌوتو,english,English → Sindhi,go between,وچ وارو دلال ڌوتو,,SindhiLanguage.org,https://sindhilanguage.org/,Amar Fayaz Buriro (امر فياض ٻرڙو),Go between,Go between,ORDINARY_HEADWORD,go between,Normalized headword collision,
slx_63ce97111847b84c,49901,Good,,,English → Sindhi,چڱو، ٺيڪ، لائق، نيڪ، سچو، هوشيار، مهربان,english,English → Sindhi,good,چڱو ٺيڪ لائق نيڪ سچو هوشيار مهربان,,SindhiLanguage.org,https://sindhilanguage.org/,Amar Fayaz Buriro (امر فياض ٻرڙو),Good,Good,ORDINARY_HEADWORD,good,Normalized headword collision,
slx_4579c63173a6a0f1,50289,Halt,,,English → Sindhi,مقام، منزل، قيام، لنگر,english,English → Sindhi,halt,مقام منزل قيام لنگر,,SindhiLanguage.org,https://sindhilanguage.org/,Amar Fayaz Buriro (امر فياض ٻرڙو),Halt,Halt,ORDINARY_HEADWORD,halt,Normalized headword collision,
slx_f8437c488b814305,50447,High,,,English → Sindhi,اوچو، اتاهون، زور سان,english,English → Sindhi,high,اوچو اتاهون زور سان,,SindhiLanguage.org,https://sindhilanguage.org/,Amar Fayaz Buriro (امر فياض ٻرڙو),High,High,ORDINARY_HEADWORD,high,Normalized headword collision,
slx_bed73dee6de1675c,50467,Hind,,,English → Sindhi,پٺيون، پويون,english,English → Sindhi,hind,پٺيون پويون,,SindhiLanguage.org,https://sindhilanguage.org/,Amar Fayaz Buriro (امر فياض ٻرڙو),Hind,Hind,ORDINARY_HEADWORD,hind,Normalized headword collision,
slx_f501e2d4a764d471,50486,Hit,,,English → Sindhi,ڌڪ، مار، اوچتو، اوچتو پور,english,English → Sindhi,hit,ڌڪ مار اوچتو اوچتو پور,,SindhiLanguage.org,https://sindhilanguage.org/,Amar Fayaz Buriro (امر فياض ٻرڙو),Hit,Hit,ORDINARY_HEADWORD,hit,Normalized headword collision,
slx_637b2270ddacd966,50495,Hoard,,,English → Sindhi,جمع ڪرڻ، گڏ ڪرڻ,english,English → Sindhi,hoard,جمع ڪرڻ گڏ ڪرڻ,,SindhiLanguage.org,https://sindhilanguage.org/,Amar Fayaz Buriro (امر فياض ٻرڙو),Hoard,Hoard,ORDINARY_HEADWORD,hoard,Normalized headword collision,
slx_0fc2832694f57a3f,50520,Hold,,,English → Sindhi,پختو رهڻ، باز رهڻ,english,English → Sindhi,hold,پختو رهڻ باز رهڻ,,SindhiLanguage.org,https://sindhilanguage.org/,Amar Fayaz Buriro (امر فياض ٻرڙو),Hold,Hold,ORDINARY_HEADWORD,hold,Normalized headword collision,
slx_02bfaf59a5bc2cab,50542,Home,,,English → Sindhi,ديسي، وطني، ويجهو، سخت,english,English → Sindhi,home,ديسي وطني ويجهو سخت,,SindhiLanguage.org,https://sindhilanguage.org/,Amar Fayaz Buriro (امر فياض ٻرڙو),Home,Home,ORDINARY_HEADWORD,home,Normalized headword collision,
slx_11b0274df68435b9,50584,Hope,,,English → Sindhi,اميد، آسرو رکڻ,english,English → Sindhi,hope,اميد آسرو رکڻ,,SindhiLanguage.org,https://sindhilanguage.org/,Amar Fayaz Buriro (امر فياض ٻرڙو),Hope,Hope,ORDINARY_HEADWORD,hope,Normalized headword collision,
slx_19aca6bc65d2793a,50678,Humble,,,English → Sindhi,هٺ ڀڃڻ، هيٺ ڪرڻ، نرم دل ڪرڻ,english,English → Sindhi,humble,هٺ ڀڃڻ هيٺ ڪرڻ نرم دل ڪرڻ,,SindhiLanguage.org,https://sindhilanguage.org/,Amar Fayaz Buriro (امر فياض ٻرڙو),Humble,Humble,ORDINARY_HEADWORD,humble,Normalized headword collision,
slx_283da2db98b90e4d,50693,Humour,,,English → Sindhi,دل وٺڻ، خوش ڪرڻ، مهرباني ڪرڻ,english,English → Sindhi,humour,دل وٺڻ خوش ڪرڻ مهرباني ڪرڻ,,SindhiLanguage.org,https://sindhilanguage.org/,Amar Fayaz Buriro (امر فياض ٻرڙو),Humour,Humour,ORDINARY_HEADWORD,humour,Normalized headword collision,
slx_58a5806c94f38657,50705,Hunt,,,English → Sindhi,شڪارين جو ٽولو، شڪار، تلاش,english,English → Sindhi,hunt,شڪارين جو ٽولو شڪار تلاش,,SindhiLanguage.org,https://sindhilanguage.org/,Amar Fayaz Buriro (امر فياض ٻرڙو),Hunt,Hunt,ORDINARY_HEADWORD,hunt,Normalized headword collision,
slx_b63d4b47ac9f4715,50773,I,,,English → Sindhi,مان، آءٌ,english,English → Sindhi,i,مان آء,,SindhiLanguage.org,https://sindhilanguage.org/,Amar Fayaz Buriro (امر فياض ٻرڙو),I,I,ORDINARY_HEADWORD,i,Normalized headword collision,
slx_6e5405c2da725a13,51103,Imprudence,,,English → Sindhi,بي حيائي، بي شرمي، بي ادبي,english,English → Sindhi,imprudence,بي حيائي بي شرمي بي ادبي,,SindhiLanguage.org,https://sindhilanguage.org/,Amar Fayaz Buriro (امر فياض ٻرڙو),Imprudence,Imprudence,ORDINARY_HEADWORD,imprudence,Normalized headword collision,
slx_153175c6dff66c09,51772,Muse (v),,,English → Sindhi,خيال ڪرڻ، غور ڪرڻ، سوچڻ,english,English → Sindhi,muse v,خيال ڪرڻ غور ڪرڻ سوچڻ,,SindhiLanguage.org,https://sindhilanguage.org/,Amar Fayaz Buriro (امر فياض ٻرڙو),Muse (v),Muse (v),HEADWORD_WITH_LABEL,muse,Normalized headword collision,
slx_f14284b462e7f776,51794,Must,,,English → Sindhi,کپي، ضرور هوندو، لازمي,english,English → Sindhi,must,کپي ضرور هوندو لازمي,,SindhiLanguage.org,https://sindhilanguage.org/,Amar Fayaz Buriro (امر فياض ٻرڙو),Must,Must,ORDINARY_HEADWORD,must,Normalized headword collision,
slx_bd3ff1cbb07ab0a9,51847,Nag (v),,,English → Sindhi,ونڌونڌ ڪرڻ، هروقت عيبگيري ڪرڻ يا جهڳڙو ڪرڻ,english,English → Sindhi,nag v,ونڌونڌ ڪرڻ هروقت عيبگيري ڪرڻ يا جهڳڙو ڪرڻ,,SindhiLanguage.org,https://sindhilanguage.org/,Amar Fayaz Buriro (امر فياض ٻرڙو),Nag (v),Nag (v),HEADWORD_WITH_LABEL,nag,Normalized headword collision,
slx_fbbbfdb0ad20e6ac,51862,Nap,,,English → Sindhi,ٻُر، ڪپڙي جي مٿان سنهي ٻُر,english,English → Sindhi,nap,ٻر ڪپڙي جي مٿان سنهي ٻر,,SindhiLanguage.org,https://sindhilanguage.org/,Amar Fayaz Buriro (امر فياض ٻرڙو),Nap,Nap,ORDINARY_HEADWORD,nap,Normalized headword collision,
slx_870bff3d5f7e4c12,52051,Intimate (v),,,English → Sindhi,چتاءُ ڏيڻ، اطلاح ڏيڻ، ڪن کڻائڻ,english,English → Sindhi,intimate v,چتاء ڏيڻ اطلاح ڏيڻ ڪن کڻائڻ,,SindhiLanguage.org,https://sindhilanguage.org/,Amar Fayaz Buriro (امر فياض ٻرڙو),Intimate (v),Intimate (v),HEADWORD_WITH_LABEL,intimate,Normalized headword collision,
slx_48bb7581a1e134cc,52405,Judge (v),,,English → Sindhi,انصاف ڪرڻ، حساب لڳائڻ، سمجهڻ، راءِ ڏيڻ,english,English → Sindhi,judge v,انصاف ڪرڻ حساب لڳائڻ سمجهڻ راء ڏيڻ,,SindhiLanguage.org,https://sindhilanguage.org/,Amar Fayaz Buriro (امر فياض ٻرڙو),Judge (v),Judge (v),HEADWORD_WITH_LABEL,judge,Normalized headword collision,
slx_4bbdbf7ecb087529,52418,Jug (v),,,English → Sindhi,قيد ڪرڻ، جيل ۾ وجهڻ,english,English → Sindhi,jug v,قيد ڪرڻ جيل وجهڻ,,SindhiLanguage.org,https://sindhilanguage.org/,Amar Fayaz Buriro (امر فياض ٻرڙو),Jug (v),Jug (v),HEADWORD_WITH_LABEL,jug,Normalized headword collision,
slx_ee08238cafb2c46b,52538,Kind,,,English → Sindhi,مهربان، رحمدل,english,English → Sindhi,kind,مهربان رحمدل,,SindhiLanguage.org,https://sindhilanguage.org/,Amar Fayaz Buriro (امر فياض ٻرڙو),Kind,Kind,ORDINARY_HEADWORD,kind,Normalized headword collision,
slx_a6d7dbc2a88576ab,52588,Knoll,,,English → Sindhi,گهنڊ وڄائڻ,english,English → Sindhi,knoll,گهنڊ وڄائڻ,,SindhiLanguage.org,https://sindhilanguage.org/,Amar Fayaz Buriro (امر فياض ٻرڙو),Knoll,Knoll,ORDINARY_HEADWORD,knoll,Normalized headword collision,
slx_3a3ca20a75c38b62,52617,Labour (v),,,English → Sindhi,مزوري ڪرڻ، مشقت ڪرڻ، محنت ڪرڻ,english,English → Sindhi,labour v,مزوري ڪرڻ مشقت ڪرڻ محنت ڪرڻ,,SindhiLanguage.org,https://sindhilanguage.org/,Amar Fayaz Buriro (امر فياض ٻرڙو),Labour (v),Labour (v),HEADWORD_WITH_LABEL,labour,Normalized headword collision,
slx_14248fb6fded863b,52621,Lac,,,English → Sindhi,لاک، رنگڻ جي لاک,english,English → Sindhi,lac,لاک رنگڻ جي لاک,,SindhiLanguage.org,https://sindhilanguage.org/,Amar Fayaz Buriro (امر فياض ٻرڙو),Lac,Lac,ORDINARY_HEADWORD,lac,Normalized headword collision,
slx_4334bed3e1f8266d,52643,Lag,,,English → Sindhi,آهستي هلڻ، پٺتي پوڻ,english,English → Sindhi,lag,آهستي هلڻ پٺتي پوڻ,,SindhiLanguage.org,https://sindhilanguage.org/,Amar Fayaz Buriro (امر فياض ٻرڙو),Lag,Lag,ORDINARY_HEADWORD,lag,Normalized headword collision,
slx_b0b5755e22dddb8c,52651,Lake,,,English → Sindhi,ڍنڍ,english,English → Sindhi,lake,ڍنڍ,,SindhiLanguage.org,https://sindhilanguage.org/,Amar Fayaz Buriro (امر فياض ٻرڙو),Lake,Lake,ORDINARY_HEADWORD,lake,Normalized headword collision,
slx_1fb7b2c6b4a42326,52665,Lance (v),,,English → Sindhi,نيزو هڻڻ، نشتر لڳائڻ,english,English → Sindhi,lance v,نيزو هڻڻ نشتر لڳائڻ,,SindhiLanguage.org,https://sindhilanguage.org/,Amar Fayaz Buriro (امر فياض ٻرڙو),Lance (v),Lance (v),HEADWORD_WITH_LABEL,lance,Normalized headword collision,
slx_ce21d4a6789d4898,52686,Lap,,,English → Sindhi,لپٽڻ، ويڙهڻ، هنج کڻڻ,english,English → Sindhi,lap,لپٽڻ ويڙهڻ هنج کڻڻ,,SindhiLanguage.org,https://sindhilanguage.org/,Amar Fayaz Buriro (امر فياض ٻرڙو),Lap,Lap,ORDINARY_HEADWORD,lap,Normalized headword collision,
slx_31040ee9746957cb,52689,Lapse (v),,,English → Sindhi,چوڪه ڪرڻ، گذري وڃڻ، هٽي وڃڻ,english,English → Sindhi,lapse v,چوڪه ڪرڻ گذري وڃڻ هٽي وڃڻ,,SindhiLanguage.org,https://sindhilanguage.org/,Amar Fayaz Buriro (امر فياض ٻرڙو),Lapse (v),Lapse (v),HEADWORD_WITH_LABEL,lapse,Normalized headword collision,
slx_a636168098412b27,52707,Last (n),,,English → Sindhi,جتيءَ جي ڪاٽ جو قالب,english,English → Sindhi,last n,جتيء جي ڪاٽ جو قالب,,SindhiLanguage.org,https://sindhilanguage.org/,Amar Fayaz Buriro (امر فياض ٻرڙو),Last (n),Last (n),HEADWORD_WITH_LABEL,last,Normalized headword collision,
slx_c0036c6e6f919c4d,52708,Last (v),,,English → Sindhi,هلڻ، جٽاءُ ڪرڻ,english,English → Sindhi,last v,هلڻ جٽاء ڪرڻ,,SindhiLanguage.org,https://sindhilanguage.org/,Amar Fayaz Buriro (امر فياض ٻرڙو),Last (v),Last (v),HEADWORD_WITH_LABEL,last,Normalized headword collision,
slx_93892ae48196fa49,52738,Launch (v),,,English → Sindhi,اُڇلڻ، هلائڻ، شروع ڪرڻ، پاڻيءَ ۾ هلائڻ,english,English → Sindhi,launch v,اڇلڻ هلائڻ شروع ڪرڻ پاڻيء هلائڻ,,SindhiLanguage.org,https://sindhilanguage.org/,Amar Fayaz Buriro (امر فياض ٻرڙو),Launch (v),Launch (v),HEADWORD_WITH_LABEL,launch,Normalized headword collision,
slx_da934c91a5257929,52774,Lead,,,English → Sindhi,اڳواڻي ڪرڻ، رهنمائي ڪرڻ، هلائڻ، وٺي هلڻ,english,English → Sindhi,lead,اڳواڻي ڪرڻ رهنمائي ڪرڻ هلائڻ وٺي هلڻ,,SindhiLanguage.org,https://sindhilanguage.org/,Amar Fayaz Buriro (امر فياض ٻرڙو),Lead,Lead,ORDINARY_HEADWORD,lead,Normalized headword collision,
slx_8ad2036b07745a64,52900,License (v),,,English → Sindhi,اجازت ڏيڻ، اختياري يا پروانو ڏيڻ,english,English → Sindhi,license v,اجازت ڏيڻ اختياري يا پروانو ڏيڻ,,SindhiLanguage.org,https://sindhilanguage.org/,Amar Fayaz Buriro (امر فياض ٻرڙو),License (v),License (v),HEADWORD_WITH_LABEL,license,Normalized headword collision,
slx_889adc00a1640dba,52910,(Give the lie to),,,English → Sindhi,ڪوڙ جي تهمت هڻڻ,english,English → Sindhi,give the lie to,ڪوڙ جي تهمت هڻڻ,,SindhiLanguage.org,https://sindhilanguage.org/,Amar Fayaz Buriro (امر فياض ٻرڙو),(Give the lie to),(Give the lie to),PARENTHETICAL,(give the lie to),Normalized headword collision,
slx_2763063bde28de14,52912,Lie,,,English → Sindhi,ليٽڻ، نوڙڻ، سمهڻ,english,English → Sindhi,lie,ليٽڻ نوڙڻ سمهڻ,,SindhiLanguage.org,https://sindhilanguage.org/,Amar Fayaz Buriro (امر فياض ٻرڙو),Lie,Lie,ORDINARY_HEADWORD,lie,Normalized headword collision,
slx_e3f770a7e460610a,52928,Light (v),,,English → Sindhi,ٻارڻ، روشن ڪرڻ، سوجهرو ڪرڻ,english,English → Sindhi,light v,ٻارڻ روشن ڪرڻ سوجهرو ڪرڻ,,SindhiLanguage.org,https://sindhilanguage.org/,Amar Fayaz Buriro (امر فياض ٻرڙو),Light (v),Light (v),HEADWORD_WITH_LABEL,light,Normalized headword collision,
slx_4c873b0b5f42cf6c,52945,Like,,,English → Sindhi,پسند ڪرڻ، چاهڻ، وڻڻ,english,English → Sindhi,like,پسند ڪرڻ چاهڻ وڻڻ,,SindhiLanguage.org,https://sindhilanguage.org/,Amar Fayaz Buriro (امر فياض ٻرڙو),Like,Like,ORDINARY_HEADWORD,like,Normalized headword collision,
slx_1adca195610f87ae,52964,Limit (v),,,English → Sindhi,محدود ڪرڻ، روڪڻ,english,English → Sindhi,limit v,محدود ڪرڻ روڪڻ,,SindhiLanguage.org,https://sindhilanguage.org/,Amar Fayaz Buriro (امر فياض ٻرڙو),Limit (v),Limit (v),HEADWORD_WITH_LABEL,limit,Normalized headword collision,
slx_99f6bc21b50ffcab,53117,Loop,,,English → Sindhi,ڇانگڻ، قلم ڪرڻ، ڪترڻ,english,English → Sindhi,loop,ڇانگڻ قلم ڪرڻ ڪترڻ,,SindhiLanguage.org,https://sindhilanguage.org/,Amar Fayaz Buriro (امر فياض ٻرڙو),Loop,Loop,ORDINARY_HEADWORD,loop,Normalized headword collision,
slx_b68bb3604b6e3303,53133,(To lose ground),,,English → Sindhi,پسائيڻ، هارائڻ,english,English → Sindhi,to lose ground,پسائيڻ هارائڻ,,SindhiLanguage.org,https://sindhilanguage.org/,Amar Fayaz Buriro (امر فياض ٻرڙو),(To lose ground),(To lose ground),PARENTHETICAL,(to lose ground),Normalized headword collision,
slx_8c56f7f51be843a4,53307,Make (v),,,English → Sindhi,ٺاهڻ، ڪرائڻ، جوڙڻ، ٺهڻ، ٿيڻ,english,English → Sindhi,make v,ٺاهڻ ڪرائڻ جوڙڻ ٺهڻ ٿيڻ,,SindhiLanguage.org,https://sindhilanguage.org/,Amar Fayaz Buriro (امر فياض ٻرڙو),Make (v),Make (v),HEADWORD_WITH_LABEL,make,Normalized headword collision,
slx_bfd4c58b421d61a9,53316,(To make light of),,,English → Sindhi,گهٽ سمجهڻ,english,English → Sindhi,to make light of,گهٽ سمجهڻ,,SindhiLanguage.org,https://sindhilanguage.org/,Amar Fayaz Buriro (امر فياض ٻرڙو),(To make light of),(To make light of),PARENTHETICAL,(to make light of),Normalized headword collision,
slx_fdd19c0b27cd03ab,53402,Manifest (n),,,English → Sindhi,جهاز جي مال جو ٻيجڪ,english,English → Sindhi,manifest n,جهاز جي مال جو ٻيجڪ,,SindhiLanguage.org,https://sindhilanguage.org/,Amar Fayaz Buriro (امر فياض ٻرڙو),Manifest (n),Manifest (n),HEADWORD_WITH_LABEL,manifest,Normalized headword collision,
slx_528d5dca052c3429,53423,Manoeuvre (v),,,English → Sindhi,جڳهه بدلڻ (جهاز، سپاهه جي) تجويز سان هلائڻ,english,English → Sindhi,manoeuvre v,جڳهه بدلڻ جهاز سپاهه جي تجويز سان هلائڻ,,SindhiLanguage.org,https://sindhilanguage.org/,Amar Fayaz Buriro (امر فياض ٻرڙو),Manoeuvre (v),Manoeuvre (v),HEADWORD_WITH_LABEL,manoeuvre,Normalized headword collision,
slx_3b9c26730df3632c,53456,March,,,English → Sindhi,مارچ، انگريزي سال جو ٽيون مهينو,english,English → Sindhi,march,مارچ انگريزي سال جو ٽيون مهينو,,SindhiLanguage.org,https://sindhilanguage.org/,Amar Fayaz Buriro (امر فياض ٻرڙو),March,March,ORDINARY_HEADWORD,march,Normalized headword collision,
slx_f5a8a90b46d26465,53533,Master (v),,,English → Sindhi,ماهر ٿيڻ، چڱيءَ طرح سکڻ,english,English → Sindhi,master v,ماهر ٿيڻ چڱيء طرح سکڻ,,SindhiLanguage.org,https://sindhilanguage.org/,Amar Fayaz Buriro (امر فياض ٻرڙو),Master (v),Master (v),HEADWORD_WITH_LABEL,master,Normalized headword collision,
slx_74a66142f442a68a,53543,Mat,,,English → Sindhi,جهڪو (رنگ),english,English → Sindhi,mat,جهڪو رنگ,,SindhiLanguage.org,https://sindhilanguage.org/,Amar Fayaz Buriro (امر فياض ٻرڙو),Mat,Mat,ORDINARY_HEADWORD,mat,Normalized headword collision,
slx_c485a199e4b73ef0,53625,Mean (v),,,English → Sindhi,ارادو ڪرڻ، چاهڻ، معنيٰ هئڻ,english,English → Sindhi,mean v,ارادو ڪرڻ چاهڻ معني هئڻ,,SindhiLanguage.org,https://sindhilanguage.org/,Amar Fayaz Buriro (امر فياض ٻرڙو),Mean (v),Mean (v),HEADWORD_WITH_LABEL,mean,Normalized headword collision,
slx_a3e395bfac9ac6ed,53642,Measure (v),,,English → Sindhi,ماپڻ، ڪڇڻ، ڪاڇو وٺڻ,english,English → Sindhi,measure v,ماپڻ ڪڇڻ ڪاڇو وٺڻ,,SindhiLanguage.org,https://sindhilanguage.org/,Amar Fayaz Buriro (امر فياض ٻرڙو),Measure (v),Measure (v),HEADWORD_WITH_LABEL,measure,Normalized headword collision,
slx_ebdd13bee56606ae,53689,Meet (v),,,English → Sindhi,ملڻ، گڏجڻ، گڏ ٿيڻ، سامهون ٿيڻ,english,English → Sindhi,meet v,ملڻ گڏجڻ گڏ ٿيڻ سامهون ٿيڻ,,SindhiLanguage.org,https://sindhilanguage.org/,Amar Fayaz Buriro (امر فياض ٻرڙو),Meet (v),Meet (v),HEADWORD_WITH_LABEL,meet,Normalized headword collision,
slx_f0a1a3474c958822,53730,Mendacity,,,English → Sindhi,فقيري، گدائي، گهٽ,english,English → Sindhi,mendacity,فقيري گدائي گهٽ,,SindhiLanguage.org,https://sindhilanguage.org/,Amar Fayaz Buriro (امر فياض ٻرڙو),Mendacity,Mendacity,ORDINARY_HEADWORD,mendacity,Normalized headword collision,
slx_c3be2f03afd37425,53828,Mew,,,English → Sindhi,هڪ سامونڊي پکي، پڃرو,english,English → Sindhi,mew,هڪ سامونڊي پکي پڃرو,,SindhiLanguage.org,https://sindhilanguage.org/,Amar Fayaz Buriro (امر فياض ٻرڙو),Mew,Mew,ORDINARY_HEADWORD,mew,Normalized headword collision,
slx_69042e03e26bf6b4,53915,Mind,,,English → Sindhi,مرضي، خيال، ڌيان، من، دل,english,English → Sindhi,mind,مرضي خيال ڌيان من دل,,SindhiLanguage.org,https://sindhilanguage.org/,Amar Fayaz Buriro (امر فياض ٻرڙو),Mind,Mind,ORDINARY_HEADWORD,mind,Normalized headword collision,
slx_4a78cfdd184745af,53957,Minute,,,English → Sindhi,ذرو، باريڪ، ننڍو، مفصل,english,English → Sindhi,minute,ذرو باريڪ ننڍو مفصل,,SindhiLanguage.org,https://sindhilanguage.org/,Amar Fayaz Buriro (امر فياض ٻرڙو),Minute,Minute,ORDINARY_HEADWORD,minute,Normalized headword collision,
slx_466b1105b174e02c,54011,Misconstrue (v),,,English → Sindhi,اُبتو سمجهڻ، غلط معنيٰ ڪڍڻ,english,English → Sindhi,misconstrue v,ابتو سمجهڻ غلط معني ڪڍڻ,,SindhiLanguage.org,https://sindhilanguage.org/,Amar Fayaz Buriro (امر فياض ٻرڙو),Misconstrue (v),Misconstrue (v),HEADWORD_WITH_LABEL,misconstrue,Normalized headword collision,
slx_e639cbad4e0c8f04,54070,Miss (v),,,English → Sindhi,گسڻ، هٿان وڃڻ، ياد ڪرڻ,english,English → Sindhi,miss v,گسڻ هٿان وڃڻ ياد ڪرڻ,,SindhiLanguage.org,https://sindhilanguage.org/,Amar Fayaz Buriro (امر فياض ٻرڙو),Miss (v),Miss (v),HEADWORD_WITH_LABEL,miss,Normalized headword collision,
slx_04d2f17ca2be97df,54138,Model (v),,,English → Sindhi,گهڙڻ، نموني تي ٺاهڻ، نقشو ٺاهڻ,english,English → Sindhi,model v,گهڙڻ نموني تي ٺاهڻ نقشو ٺاهڻ,,SindhiLanguage.org,https://sindhilanguage.org/,Amar Fayaz Buriro (امر فياض ٻرڙو),Model (v),Model (v),HEADWORD_WITH_LABEL,model,Normalized headword collision,
slx_f48a059fc58deb6c,54140,Moderate (v),,,English → Sindhi,پورو پنو ڪرڻ، گهٽائڻ، هلڪو ڪرڻ,english,English → Sindhi,moderate v,پورو پنو ڪرڻ گهٽائڻ هلڪو ڪرڻ,,SindhiLanguage.org,https://sindhilanguage.org/,Amar Fayaz Buriro (امر فياض ٻرڙو),Moderate (v),Moderate (v),HEADWORD_WITH_LABEL,moderate,Normalized headword collision,
slx_b55a5b3d6acaac9d,54169,Mole,,,English → Sindhi,انڌو ڪوئو,english,English → Sindhi,mole,انڌو ڪوئو,,SindhiLanguage.org,https://sindhilanguage.org/,Amar Fayaz Buriro (امر فياض ٻرڙو),Mole,Mole,ORDINARY_HEADWORD,mole,Normalized headword collision,
slx_0ec2ca0b316bd33c,54255,Moor (v),,,English → Sindhi,مضبوط ٻڌڻ، پڳهه هڻڻ، لنگر هڻڻ,english,English → Sindhi,moor v,مضبوط ٻڌڻ پڳهه هڻڻ لنگر هڻڻ,,SindhiLanguage.org,https://sindhilanguage.org/,Amar Fayaz Buriro (امر فياض ٻرڙو),Moor (v),Moor (v),HEADWORD_WITH_LABEL,moor,Normalized headword collision,
slx_b6f472d957435e18,54346,Mould,,,English → Sindhi,قالب، سانچو، ڊول، سانچي ۾,english,English → Sindhi,mould,قالب سانچو ڊول سانچي,,SindhiLanguage.org,https://sindhilanguage.org/,Amar Fayaz Buriro (امر فياض ٻرڙو),Mould,Mould,ORDINARY_HEADWORD,mould,Normalized headword collision,
slx_ef92919d4c99ac40,54383,Mow,,,English → Sindhi,اَنبار ان جو، دن، ڍير ان جو,english,English → Sindhi,mow,انبار ان جو دن ڍير ان جو,,SindhiLanguage.org,https://sindhilanguage.org/,Amar Fayaz Buriro (امر فياض ٻرڙو),Mow,Mow,ORDINARY_HEADWORD,mow,Normalized headword collision,
slx_ef2372e6d982bce3,54468,Nave,,,English → Sindhi,گرجا يا ديول جو مکيه يا وچون حصو,english,English → Sindhi,nave,گرجا يا ديول جو مکيه يا وچون حصو,,SindhiLanguage.org,https://sindhilanguage.org/,Amar Fayaz Buriro (امر فياض ٻرڙو),Nave,Nave,ORDINARY_HEADWORD,nave,Normalized headword collision,
slx_f244e824b04ac196,54469,Nave,,,English → Sindhi,گاڏيءَ جي ڦيٿي جو وچون حصو جنهن مان سرائي لنگهندي آهي,english,English → Sindhi,nave,گاڏيء جي ڦيٿي جو وچون حصو جنهن مان سرائي لنگهندي آهي,,SindhiLanguage.org,https://sindhilanguage.org/,Amar Fayaz Buriro (امر فياض ٻرڙو),Nave,Nave,ORDINARY_HEADWORD,nave,Normalized headword collision,
slx_728400b00ef8a229,54479,Navy,,,English → Sindhi,دريائي جنگي ٻيڙو، بحري لشڪر,english,English → Sindhi,navy,دريائي جنگي ٻيڙو بحري لشڪر,,SindhiLanguage.org,https://sindhilanguage.org/,Amar Fayaz Buriro (امر فياض ٻرڙو),Navy,Navy,ORDINARY_HEADWORD,navy,Normalized headword collision,
slx_ee7de65afd653e63,54492,Neat,,,English → Sindhi,ڳئون، ڍڳو,english,English → Sindhi,neat,ڳئون ڍڳو,,SindhiLanguage.org,https://sindhilanguage.org/,Amar Fayaz Buriro (امر فياض ٻرڙو),Neat,Neat,ORDINARY_HEADWORD,neat,Normalized headword collision,
slx_e4a8b9eb5692f4ed,54568,Pattern,,,English → Sindhi,نمونو، مثال، نقشو، پتلو,english,English → Sindhi,pattern,نمونو مثال نقشو پتلو,,SindhiLanguage.org,https://sindhilanguage.org/,Amar Fayaz Buriro (امر فياض ٻرڙو),Pattern,Pattern,ORDINARY_HEADWORD,pattern,Normalized headword collision,
slx_4d5ded863c2f1961,54741,Perfect (v),,,English → Sindhi,پورو ڪرڻ، سڌارڻ، واڌارو ڏيڻ,english,English → Sindhi,perfect v,پورو ڪرڻ سڌارڻ واڌارو ڏيڻ,,SindhiLanguage.org,https://sindhilanguage.org/,Amar Fayaz Buriro (امر فياض ٻرڙو),Perfect (v),Perfect (v),HEADWORD_WITH_LABEL,perfect,Normalized headword collision,
slx_2321505e658daf99,54871,Netting,,,English → Sindhi,ٻن نوڙن جو ڳنڍڻ,english,English → Sindhi,netting,ٻن نوڙن جو ڳنڍڻ,,SindhiLanguage.org,https://sindhilanguage.org/,Amar Fayaz Buriro (امر فياض ٻرڙو),Netting,Netting,ORDINARY_HEADWORD,netting,Normalized headword collision,
slx_d5f083241f8fa2c8,55500,Order (v),,,English → Sindhi,حڪم ڏيڻ، فرمائڻ، انتظام ڪرڻ، قائم ڪرڻ,english,English → Sindhi,order v,حڪم ڏيڻ فرمائڻ انتظام ڪرڻ قائم ڪرڻ,,SindhiLanguage.org,https://sindhilanguage.org/,Amar Fayaz Buriro (امر فياض ٻرڙو),Order (v),Order (v),HEADWORD_WITH_LABEL,order,Normalized headword collision,
slx_2db9863f127ddcb0,55847,Pale,,,English → Sindhi,لوڙهو، حد، علائقو,english,English → Sindhi,pale,لوڙهو حد علائقو,,SindhiLanguage.org,https://sindhilanguage.org/,Amar Fayaz Buriro (امر فياض ٻرڙو),Pale,Pale,ORDINARY_HEADWORD,pale,Normalized headword collision,
slx_026b9dfd8711e6ed,55920,Paper money,,,English → Sindhi,نوٽ,english,English → Sindhi,paper money,نوٽ,,SindhiLanguage.org,https://sindhilanguage.org/,Amar Fayaz Buriro (امر فياض ٻرڙو),Paper money,Paper money,ORDINARY_HEADWORD,paper money,Normalized headword collision,
slx_948c0108a053b6d9,56002,For the most part,,,English → Sindhi,اَڪثر ڪري، اَڪثري,english,English → Sindhi,for the most part,اڪثر ڪري اڪثري,,SindhiLanguage.org,https://sindhilanguage.org/,Amar Fayaz Buriro (امر فياض ٻرڙو),For the most part,For the most part,MULTIWORD,for the most part,Normalized headword collision,
slx_8ce91954d444d04d,56005,Part (v),,,English → Sindhi,ورهائڻ، ڇڏائڻ، ڌار ڪرڻ، جدا ٿيڻ,english,English → Sindhi,part v,ورهائڻ ڇڏائڻ ڌار ڪرڻ جدا ٿيڻ,,SindhiLanguage.org,https://sindhilanguage.org/,Amar Fayaz Buriro (امر فياض ٻرڙو),Part (v),Part (v),HEADWORD_WITH_LABEL,part,Normalized headword collision,
slx_9e2a3eccc7591d7d,56016,Conjunctive,,,English → Sindhi,ماضي معطوفي,english,English → Sindhi,conjunctive,ماضي معطوفي,,SindhiLanguage.org,https://sindhilanguage.org/,Amar Fayaz Buriro (امر فياض ٻرڙو),Conjunctive,Conjunctive,ORDINARY_HEADWORD,conjunctive,Normalized headword collision,
slx_e0a1ba6a4d26effb,56043,Pass (v),,,English → Sindhi,لنگهڻ، پاس ٿيڻ، منظور ڪرڻ، گذارڻ,english,English → Sindhi,pass v,لنگهڻ پاس ٿيڻ منظور ڪرڻ گذارڻ,,SindhiLanguage.org,https://sindhilanguage.org/,Amar Fayaz Buriro (امر فياض ٻرڙو),Pass (v),Pass (v),HEADWORD_WITH_LABEL,pass,Normalized headword collision,
slx_203cce00b40e2bd6,56310,Pitch (v),,,English → Sindhi,کوڙڻ، ڏامر، ڪرڪيٽ جو ميدان، چوٽ,english,English → Sindhi,pitch v,کوڙڻ ڏامر ڪرڪيٽ جو ميدان چوٽ,,SindhiLanguage.org,https://sindhilanguage.org/,Amar Fayaz Buriro (امر فياض ٻرڙو),Pitch (v),Pitch (v),HEADWORD_WITH_LABEL,pitch,Normalized headword collision,
slx_c7cbca9792e0fdeb,56333,Place,,,English → Sindhi,رکڻ,english,English → Sindhi,place,رکڻ,,SindhiLanguage.org,https://sindhilanguage.org/,Amar Fayaz Buriro (امر فياض ٻرڙو),Place,Place,ORDINARY_HEADWORD,place,Normalized headword collision,
slx_f69f25b6ca7f7b73,56400,(To plead guilty),,,English → Sindhi,ڏوهه قبول ڪرڻ,english,English → Sindhi,to plead guilty,ڏوهه قبول ڪرڻ,,SindhiLanguage.org,https://sindhilanguage.org/,Amar Fayaz Buriro (امر فياض ٻرڙو),(To plead guilty),(To plead guilty),PARENTHETICAL,(to plead guilty),Normalized headword collision,
slx_ec0750594a9fc39b,56415,Pledge,,,English → Sindhi,گرويدار,english,English → Sindhi,pledge,گرويدار,,SindhiLanguage.org,https://sindhilanguage.org/,Amar Fayaz Buriro (امر فياض ٻرڙو),Pledge,Pledge,ORDINARY_HEADWORD,pledge,Normalized headword collision,
slx_73e1ed92fede3f60,56504,Point (v),,,English → Sindhi,اِشارو ڪرڻ، ڏيکارڻ، نشان ڪرڻ,english,English → Sindhi,point v,اشارو ڪرڻ ڏيکارڻ نشان ڪرڻ,,SindhiLanguage.org,https://sindhilanguage.org/,Amar Fayaz Buriro (امر فياض ٻرڙو),Point (v),Point (v),HEADWORD_WITH_LABEL,point,Normalized headword collision,
slx_bcdc0be4095b4cd5,56539,Poll (v),,,English → Sindhi,ووٽ وٺڻ، ڏيڻ، ملڻ,english,English → Sindhi,poll v,ووٽ وٺڻ ڏيڻ ملڻ,,SindhiLanguage.org,https://sindhilanguage.org/,Amar Fayaz Buriro (امر فياض ٻرڙو),Poll (v),Poll (v),HEADWORD_WITH_LABEL,poll,Normalized headword collision,
slx_692ba6bfaa4f6cbe,56540,Poll,,,English → Sindhi,طوطو,english,English → Sindhi,poll,طوطو,,SindhiLanguage.org,https://sindhilanguage.org/,Amar Fayaz Buriro (امر فياض ٻرڙو),Poll,Poll,ORDINARY_HEADWORD,poll,Normalized headword collision,
slx_21a9bb2b8489e1ec,56635,Post (v),,,English → Sindhi,(داخلائون) کتائڻ، ٽپال ۾ وجهڻ، کڙو ڪرڻ چنبڙائڻ,english,English → Sindhi,post v,داخلائون کتائڻ ٽپال وجهڻ کڙو ڪرڻ چنبڙائڻ,,SindhiLanguage.org,https://sindhilanguage.org/,Amar Fayaz Buriro (امر فياض ٻرڙو),Post (v),Post (v),HEADWORD_WITH_LABEL,post,Normalized headword collision,
slx_50fb309a2af0f17a,56684,Pound (v),,,English → Sindhi,ڪٽڻ، گهوٽڻ، ڇٿڻ,english,English → Sindhi,pound v,ڪٽڻ گهوٽڻ ڇٿڻ,,SindhiLanguage.org,https://sindhilanguage.org/,Amar Fayaz Buriro (امر فياض ٻرڙو),Pound (v),Pound (v),HEADWORD_WITH_LABEL,pound,Normalized headword collision,
slx_e310404c236c45f8,56719,Pray,,,English → Sindhi,مهرباني ڪري، ڀلائي ڪري,english,English → Sindhi,pray,مهرباني ڪري ڀلائي ڪري,,SindhiLanguage.org,https://sindhilanguage.org/,Amar Fayaz Buriro (امر فياض ٻرڙو),Pray,Pray,ORDINARY_HEADWORD,pray,Normalized headword collision,
slx_335625fbffdfda9e,56834,Present,,,English → Sindhi,حاضر، موجود، حال جو، تحفو، سوکڙي,english,English → Sindhi,present,حاضر موجود حال جو تحفو سوکڙي,,SindhiLanguage.org,https://sindhilanguage.org/,Amar Fayaz Buriro (امر فياض ٻرڙو),Present,Present,ORDINARY_HEADWORD,present,Normalized headword collision,
slx_1ae60345902b0e6d,56835,Present tense,,,English → Sindhi,زمان حال,english,English → Sindhi,present tense,زمان حال,,SindhiLanguage.org,https://sindhilanguage.org/,Amar Fayaz Buriro (امر فياض ٻرڙو),Present tense,Present tense,ORDINARY_HEADWORD,present tense,Normalized headword collision,
slx_f945c0857dea00ad,56836,Present (v),,,English → Sindhi,پيش ڪرڻ، حاضر ڪرڻ، نذرانو ڏيڻ، ملاقات ڪرائڻ,english,English → Sindhi,present v,پيش ڪرڻ حاضر ڪرڻ نذرانو ڏيڻ ملاقات ڪرائڻ,,SindhiLanguage.org,https://sindhilanguage.org/,Amar Fayaz Buriro (امر فياض ٻرڙو),Present (v),Present (v),HEADWORD_WITH_LABEL,present,Normalized headword collision,
slx_bf50ce0e3e57f1b9,56852,Press,,,English → Sindhi,ڇاپخانو، چيچڙو، گپا گيهه ضرورت,english,English → Sindhi,press,ڇاپخانو چيچڙو گپا گيهه ضرورت,,SindhiLanguage.org,https://sindhilanguage.org/,Amar Fayaz Buriro (امر فياض ٻرڙو),Press,Press,ORDINARY_HEADWORD,press,Normalized headword collision,
slx_f8952785ba3ffd14,57035,Project (v),,,English → Sindhi,رٿڻ، سٽڻ، نڪري بيهڻ، اڳياڻ اڇلڻ,english,English → Sindhi,project v,رٿڻ سٽڻ نڪري بيهڻ اڳياڻ اڇلڻ,,SindhiLanguage.org,https://sindhilanguage.org/,Amar Fayaz Buriro (امر فياض ٻرڙو),Project (v),Project (v),HEADWORD_WITH_LABEL,project,Normalized headword collision,
slx_06784f25674c31d1,57243,Pulse,,,English → Sindhi,نبض، حرڪت، ڌڙڪو,english,English → Sindhi,pulse,نبض حرڪت ڌڙڪو,,SindhiLanguage.org,https://sindhilanguage.org/,Amar Fayaz Buriro (امر فياض ٻرڙو),Pulse,Pulse,ORDINARY_HEADWORD,pulse,Normalized headword collision,
slx_1cc556075ffd587d,57371,Quack (v),,,English → Sindhi,بدڪ وانگر آواز ڪرڻ، ٻٽاڪ هڻڻ,english,English → Sindhi,quack v,بدڪ وانگر آواز ڪرڻ ٻٽاڪ هڻڻ,,SindhiLanguage.org,https://sindhilanguage.org/,Amar Fayaz Buriro (امر فياض ٻرڙو),Quack (v),Quack (v),HEADWORD_WITH_LABEL,quack,Normalized headword collision,
slx_0bd56c95dc881848,57405,Roar (v),,,English → Sindhi,گجگوڙ ڪرڻ، گجڻ، واڪا ڪرڻ,english,English → Sindhi,roar v,گجگوڙ ڪرڻ گجڻ واڪا ڪرڻ,,SindhiLanguage.org,https://sindhilanguage.org/,Amar Fayaz Buriro (امر فياض ٻرڙو),Roar (v),Roar (v),HEADWORD_WITH_LABEL,roar,Normalized headword collision,
slx_3d27414c5def7a71,57445,Rock (v),,,English → Sindhi,دغا ڏيڻ، ويجهو وهڻ,english,English → Sindhi,rock v,دغا ڏيڻ ويجهو وهڻ,,SindhiLanguage.org,https://sindhilanguage.org/,Amar Fayaz Buriro (امر فياض ٻرڙو),Rock (v),Rock (v),HEADWORD_WITH_LABEL,rock,Normalized headword collision,
slx_f967cc754cc10b78,57469,Rot (v),,,English → Sindhi,سڙي وڃڻ، جلي وڃڻ، ڳرڻ، ڪنو ٿيڻ,english,English → Sindhi,rot v,سڙي وڃڻ جلي وڃڻ ڳرڻ ڪنو ٿيڻ,,SindhiLanguage.org,https://sindhilanguage.org/,Amar Fayaz Buriro (امر فياض ٻرڙو),Rot (v),Rot (v),HEADWORD_WITH_LABEL,rot,Normalized headword collision,
slx_ebeb9774ed044424,57490,Round (v),,,English → Sindhi,چوڌاري ڦرڻ، چڪر ڏيڻ,english,English → Sindhi,round v,چوڌاري ڦرڻ چڪر ڏيڻ,,SindhiLanguage.org,https://sindhilanguage.org/,Amar Fayaz Buriro (امر فياض ٻرڙو),Round (v),Round (v),HEADWORD_WITH_LABEL,round,Normalized headword collision,
slx_02984ec2e8d77dfe,57498,Rout (v),,,English → Sindhi,شڪست ڏيڻ، ڀڄائڻ، اُٿارڻ,english,English → Sindhi,rout v,شڪست ڏيڻ ڀڄائڻ اٿارڻ,,SindhiLanguage.org,https://sindhilanguage.org/,Amar Fayaz Buriro (امر فياض ٻرڙو),Rout (v),Rout (v),HEADWORD_WITH_LABEL,rout,Normalized headword collision,
slx_f38447e657928c80,57505,Row,,,English → Sindhi,قطار، هل گوڙ، هنگامو,english,English → Sindhi,row,قطار هل گوڙ هنگامو,,SindhiLanguage.org,https://sindhilanguage.org/,Amar Fayaz Buriro (امر فياض ٻرڙو),Row,Row,ORDINARY_HEADWORD,row,Normalized headword collision,
slx_569ca73153f52b73,57520,Ruby,,,English → Sindhi,سرخ، لال,english,English → Sindhi,ruby,سرخ لال,,SindhiLanguage.org,https://sindhilanguage.org/,Amar Fayaz Buriro (امر فياض ٻرڙو),Ruby,Ruby,ORDINARY_HEADWORD,ruby,Normalized headword collision,
slx_cbf5db6161ac5458,57532,Rue,,,English → Sindhi,ڏک، غم، صدمو، رنج,english,English → Sindhi,rue,ڏک غم صدمو رنج,,SindhiLanguage.org,https://sindhilanguage.org/,Amar Fayaz Buriro (امر فياض ٻرڙو),Rue,Rue,ORDINARY_HEADWORD,rue,Normalized headword collision,
slx_0c015c5210eb8f03,57542,Ruin (v),,,English → Sindhi,برباد ڪرڻ، تباهه ڪرڻ، ڦٽائڻ,english,English → Sindhi,ruin v,برباد ڪرڻ تباهه ڪرڻ ڦٽائڻ,,SindhiLanguage.org,https://sindhilanguage.org/,Amar Fayaz Buriro (امر فياض ٻرڙو),Ruin (v),Ruin (v),HEADWORD_WITH_LABEL,ruin,Normalized headword collision,
slx_89649ec4bf8b52e1,57547,Rule (v),,,English → Sindhi,حڪومت ڪرڻ، راڄ ڪرڻ، حڪومت هلائڻ,english,English → Sindhi,rule v,حڪومت ڪرڻ راڄ ڪرڻ حڪومت هلائڻ,,SindhiLanguage.org,https://sindhilanguage.org/,Amar Fayaz Buriro (امر فياض ٻرڙو),Rule (v),Rule (v),HEADWORD_WITH_LABEL,rule,Normalized headword collision,
slx_9a52745ee8c5c7c4,57663,Quail (n),,,English → Sindhi,هڪ قسم جو پکي (ٻٽيرو),english,English → Sindhi,quail n,هڪ قسم جو پکي ٻٽيرو,,SindhiLanguage.org,https://sindhilanguage.org/,Amar Fayaz Buriro (امر فياض ٻرڙو),Quail (n),Quail (n),HEADWORD_WITH_LABEL,quail,Normalized headword collision,
slx_67e6f55c74d541d4,57791,Rabbet (v),,,English → Sindhi,کانچو ٺاهڻ، سوراخ ڪرڻ,english,English → Sindhi,rabbet v,کانچو ٺاهڻ سوراخ ڪرڻ,,SindhiLanguage.org,https://sindhilanguage.org/,Amar Fayaz Buriro (امر فياض ٻرڙو),Rabbet (v),Rabbet (v),HEADWORD_WITH_LABEL,rabbet,Normalized headword collision,
slx_dbf2576d432a1b92,57798,Race (v),,,English → Sindhi,شرط پڄائڻ، ڊوڙائڻ,english,English → Sindhi,race v,شرط پڄائڻ ڊوڙائڻ,,SindhiLanguage.org,https://sindhilanguage.org/,Amar Fayaz Buriro (امر فياض ٻرڙو),Race (v),Race (v),HEADWORD_WITH_LABEL,race,Normalized headword collision,
slx_d13539d7ded4f93c,57808,Rack (v),,,English → Sindhi,ايذاءُ ڏيڻ، تڪليف ڏيڻ,english,English → Sindhi,rack v,ايذاء ڏيڻ تڪليف ڏيڻ,,SindhiLanguage.org,https://sindhilanguage.org/,Amar Fayaz Buriro (امر فياض ٻرڙو),Rack (v),Rack (v),HEADWORD_WITH_LABEL,rack,Normalized headword collision,
slx_c349733d35fb4fed,57812,Racket,,,English → Sindhi,گوڙ گهمسان، هل، شور، معاملو (منفي),english,English → Sindhi,racket,گوڙ گهمسان هل شور معاملو منفي,,SindhiLanguage.org,https://sindhilanguage.org/,Amar Fayaz Buriro (امر فياض ٻرڙو),Racket,Racket,ORDINARY_HEADWORD,racket,Normalized headword collision,
slx_079c7e20491581af,57846,Rail (v),,,English → Sindhi,ملامت ڪرڻ، گاريون ڏيڻ، ٺٺولي ڪرڻ,english,English → Sindhi,rail v,ملامت ڪرڻ گاريون ڏيڻ ٺٺولي ڪرڻ,,SindhiLanguage.org,https://sindhilanguage.org/,Amar Fayaz Buriro (امر فياض ٻرڙو),Rail (v),Rail (v),HEADWORD_WITH_LABEL,rail,Normalized headword collision,
slx_b15b6573d3c99c03,57847,Rail (v),,,English → Sindhi,وهي وڃڻ، وهڻ,english,English → Sindhi,rail v,وهي وڃڻ وهڻ,,SindhiLanguage.org,https://sindhilanguage.org/,Amar Fayaz Buriro (امر فياض ٻرڙو),Rail (v),Rail (v),HEADWORD_WITH_LABEL,rail,Normalized headword collision,
slx_37baee314e00cbe3,57871,Ram (v),,,English → Sindhi,ٽڪرجڻ، ڀرڻ، ڌمڪ هڻڻ,english,English → Sindhi,ram v,ٽڪرجڻ ڀرڻ ڌمڪ هڻڻ,,SindhiLanguage.org,https://sindhilanguage.org/,Amar Fayaz Buriro (امر فياض ٻرڙو),Ram (v),Ram (v),HEADWORD_WITH_LABEL,ram,Normalized headword collision,
slx_633d746f5169a635,57897,Range (v),,,English → Sindhi,شمار ڪرڻ، رلڻ، ٺاهي بيهارڻ,english,English → Sindhi,range v,شمار ڪرڻ رلڻ ٺاهي بيهارڻ,,SindhiLanguage.org,https://sindhilanguage.org/,Amar Fayaz Buriro (امر فياض ٻرڙو),Range (v),Range (v),HEADWORD_WITH_LABEL,range,Normalized headword collision,
slx_dfb1f81df4316233,57902,Rank (v),,,English → Sindhi,شمار ڪرڻ، قطار ڪرڻ، شمارجڻ,english,English → Sindhi,rank v,شمار ڪرڻ قطار ڪرڻ شمارجڻ,,SindhiLanguage.org,https://sindhilanguage.org/,Amar Fayaz Buriro (امر فياض ٻرڙو),Rank (v),Rank (v),HEADWORD_WITH_LABEL,rank,Normalized headword collision,
slx_dc185ff8c03e0287,57908,Rap (v),,,English → Sindhi,ڦري وٺڻ، زوري وٺڻ، کڙڪائڻ,english,English → Sindhi,rap v,ڦري وٺڻ زوري وٺڻ کڙڪائڻ,,SindhiLanguage.org,https://sindhilanguage.org/,Amar Fayaz Buriro (امر فياض ٻرڙو),Rap (v),Rap (v),HEADWORD_WITH_LABEL,rap,Normalized headword collision,
slx_1c1758f846c6dbc8,57914,Rape,,,English → Sindhi,زوريءَ زنا، زنا بالجبر، زوريءَ پڪڙڻ,english,English → Sindhi,rape,زوريء زنا زنا بالجبر زوريء پڪڙڻ,,SindhiLanguage.org,https://sindhilanguage.org/,Amar Fayaz Buriro (امر فياض ٻرڙو),Rape,Rape,ORDINARY_HEADWORD,rape,Normalized headword collision,
slx_b0af81eb1cd63673,57973,Ravage (n),,,English → Sindhi,بربادي، ويراني، سڃ,english,English → Sindhi,ravage n,بربادي ويراني سڃ,,SindhiLanguage.org,https://sindhilanguage.org/,Amar Fayaz Buriro (امر فياض ٻرڙو),Ravage (n),Ravage (n),HEADWORD_WITH_LABEL,ravage,Normalized headword collision,
slx_625e3aa27ae980f8,57979,Raven (v),,,English → Sindhi,کائي وڃڻ، شڪار ڪرڻ، زبردستي وٺڻ,english,English → Sindhi,raven v,کائي وڃڻ شڪار ڪرڻ زبردستي وٺڻ,,SindhiLanguage.org,https://sindhilanguage.org/,Amar Fayaz Buriro (امر فياض ٻرڙو),Raven (v),Raven (v),HEADWORD_WITH_LABEL,raven,Normalized headword collision,
slx_0b4c511f3905f300,57988,Ray,,,English → Sindhi,رڍن جو هڪ مرض,english,English → Sindhi,ray,رڍن جو هڪ مرض,,SindhiLanguage.org,https://sindhilanguage.org/,Amar Fayaz Buriro (امر فياض ٻرڙو),Ray,Ray,ORDINARY_HEADWORD,ray,Normalized headword collision,
slx_5f165e50e74038ad,58002,Read,,,English → Sindhi,پڙهيل، عالم، ماهر,english,English → Sindhi,read,پڙهيل عالم ماهر,,SindhiLanguage.org,https://sindhilanguage.org/,Amar Fayaz Buriro (امر فياض ٻرڙو),Read,Read,ORDINARY_HEADWORD,read,Normalized headword collision,
slx_e8f32c871f103300,58034,Rear (n),,,English → Sindhi,پٺيون حصو، پڇاڙي,english,English → Sindhi,rear n,پٺيون حصو پڇاڙي,,SindhiLanguage.org,https://sindhilanguage.org/,Amar Fayaz Buriro (امر فياض ٻرڙو),Rear (n),Rear (n),HEADWORD_WITH_LABEL,rear,Normalized headword collision,
slx_d7a35718117f70a6,58039,Reason (v),,,English → Sindhi,بحث ڪرڻ، دليل ڏيڻ، مڃائڻ,english,English → Sindhi,reason v,بحث ڪرڻ دليل ڏيڻ مڃائڻ,,SindhiLanguage.org,https://sindhilanguage.org/,Amar Fayaz Buriro (امر فياض ٻرڙو),Reason (v),Reason (v),HEADWORD_WITH_LABEL,reason,Normalized headword collision,
slx_c455fd5e124c6594,58131,Record (v),,,English → Sindhi,داخل ڪرڻ، لکي رکڻ، دفتر ۾ داخل ڪرڻ,english,English → Sindhi,record v,داخل ڪرڻ لکي رکڻ دفتر داخل ڪرڻ,,SindhiLanguage.org,https://sindhilanguage.org/,Amar Fayaz Buriro (امر فياض ٻرڙو),Record (v),Record (v),HEADWORD_WITH_LABEL,record,Normalized headword collision,
slx_4325c6dcd875a607,58202,Reel (v),,,English → Sindhi,گهمائڻ، گهمڻ، ويڙهڻ، اوبڻ، مٿو ڦرڻ,english,English → Sindhi,reel v,گهمائڻ گهمڻ ويڙهڻ اوبڻ مٿو ڦرڻ,,SindhiLanguage.org,https://sindhilanguage.org/,Amar Fayaz Buriro (امر فياض ٻرڙو),Reel (v),Reel (v),HEADWORD_WITH_LABEL,reel,Normalized headword collision,
slx_573f7f3afaf3fc1e,58263,Refuse,,,English → Sindhi,ڪچرو، گند، اوبر,english,English → Sindhi,refuse,ڪچرو گند اوبر,,SindhiLanguage.org,https://sindhilanguage.org/,Amar Fayaz Buriro (امر فياض ٻرڙو),Refuse,Refuse,ORDINARY_HEADWORD,refuse,Normalized headword collision,
slx_86df6e8d758f7f0d,58274,Regard (v),,,English → Sindhi,ڀانئڻ، سمجهڻ، لحاظ رکڻ، ادب ڪرڻ,english,English → Sindhi,regard v,ڀانئڻ سمجهڻ لحاظ رکڻ ادب ڪرڻ,,SindhiLanguage.org,https://sindhilanguage.org/,Amar Fayaz Buriro (امر فياض ٻرڙو),Regard (v),Regard (v),HEADWORD_WITH_LABEL,regard,Normalized headword collision,
slx_2df8ab8850c21637,58292,Register,,,English → Sindhi,حساب، دفتر، رجسٽر، باجي جي ڪنجي,english,English → Sindhi,register,حساب دفتر رجسٽر باجي جي ڪنجي,,SindhiLanguage.org,https://sindhilanguage.org/,Amar Fayaz Buriro (امر فياض ٻرڙو),Register,Register,ORDINARY_HEADWORD,register,Normalized headword collision,
slx_66502573caea5d06,58318,Reign (v),,,English → Sindhi,غالب ٿيڻ، حڪومت ڪرڻ,english,English → Sindhi,reign v,غالب ٿيڻ حڪومت ڪرڻ,,SindhiLanguage.org,https://sindhilanguage.org/,Amar Fayaz Buriro (امر فياض ٻرڙو),Reign (v),Reign (v),HEADWORD_WITH_LABEL,reign,Normalized headword collision,
slx_1141d939002ed2a0,58361,Relay (v),,,English → Sindhi,وري رکڻ، وري گڏ ڪرڻ,english,English → Sindhi,relay v,وري رکڻ وري گڏ ڪرڻ,,SindhiLanguage.org,https://sindhilanguage.org/,Amar Fayaz Buriro (امر فياض ٻرڙو),Relay (v),Relay (v),HEADWORD_WITH_LABEL,relay,Normalized headword collision,
slx_96c272196fddcde1,58446,Rent free grant,,,English → Sindhi,معافي جاگير,english,English → Sindhi,rent free grant,معافي جاگير,,SindhiLanguage.org,https://sindhilanguage.org/,Amar Fayaz Buriro (امر فياض ٻرڙو),Rent free grant,Rent free grant,ORDINARY_HEADWORD,rent free grant,Normalized headword collision,
slx_42e805b2001c5bf3,58448,Rent (v),,,English → Sindhi,مسواڙ تي ڏيڻ يا وٺڻ، ڀاڙي ڪرڻ,english,English → Sindhi,rent v,مسواڙ تي ڏيڻ يا وٺڻ ڀاڙي ڪرڻ,,SindhiLanguage.org,https://sindhilanguage.org/,Amar Fayaz Buriro (امر فياض ٻرڙو),Rent (v),Rent (v),HEADWORD_WITH_LABEL,rent,Normalized headword collision,
slx_9099e0c153958a92,58457,Repair (v),,,English → Sindhi,مرمت ڪرڻ، درست ڪرڻ، ٺاهڻ، وڃڻ,english,English → Sindhi,repair v,مرمت ڪرڻ درست ڪرڻ ٺاهڻ وڃڻ,,SindhiLanguage.org,https://sindhilanguage.org/,Amar Fayaz Buriro (امر فياض ٻرڙو),Repair (v),Repair (v),HEADWORD_WITH_LABEL,repair,Normalized headword collision,
slx_6bcbcad651a38d1e,58490,Report (v),,,English → Sindhi,خبر ڏيڻ، ٻڌائڻ، هلائڻ، پڪارڻ,english,English → Sindhi,report v,خبر ڏيڻ ٻڌائڻ هلائڻ پڪارڻ,,SindhiLanguage.org,https://sindhilanguage.org/,Amar Fayaz Buriro (امر فياض ٻرڙو),Report (v),Report (v),HEADWORD_WITH_LABEL,report,Normalized headword collision,
slx_f8fa5f440f2966a1,58591,Resort (v),,,English → Sindhi,مدد وٺڻ، منهن ڏيڻ، اختيار ڪرڻ,english,English → Sindhi,resort v,مدد وٺڻ منهن ڏيڻ اختيار ڪرڻ,,SindhiLanguage.org,https://sindhilanguage.org/,Amar Fayaz Buriro (امر فياض ٻرڙو),Resort (v),Resort (v),HEADWORD_WITH_LABEL,resort,Normalized headword collision,
slx_71da8dd9486ca95d,58626,Rest (v),,,English → Sindhi,آرام ڪرڻ، رکڻ، اختيار هئڻ، ڀاڙڻ,english,English → Sindhi,rest v,آرام ڪرڻ رکڻ اختيار هئڻ ڀاڙڻ,,SindhiLanguage.org,https://sindhilanguage.org/,Amar Fayaz Buriro (امر فياض ٻرڙو),Rest (v),Rest (v),HEADWORD_WITH_LABEL,rest,Normalized headword collision,
slx_a8e164e7db174ede,58648,Resume,,,English → Sindhi,خلاصو، اختصار، مختصر بيان,english,English → Sindhi,resume,خلاصو اختصار مختصر بيان,,SindhiLanguage.org,https://sindhilanguage.org/,Amar Fayaz Buriro (امر فياض ٻرڙو),Resume,Resume,ORDINARY_HEADWORD,resume,Normalized headword collision,
slx_647bc0f1a8ffb1d1,58725,Reverse (v),,,English → Sindhi,ابتو ڪرڻ، رد ڪرڻ، پٺتي هلائڻ,english,English → Sindhi,reverse v,ابتو ڪرڻ رد ڪرڻ پٺتي هلائڻ,,SindhiLanguage.org,https://sindhilanguage.org/,Amar Fayaz Buriro (امر فياض ٻرڙو),Reverse (v),Reverse (v),HEADWORD_WITH_LABEL,reverse,Normalized headword collision,
slx_569a8a1369ba8fa6,58730,Review (v),,,English → Sindhi,وري سوچڻ، نظرثاني ڪرڻ، قواعد وٺڻ، نظر مان ڪڍڻ,english,English → Sindhi,review v,وري سوچڻ نظرثاني ڪرڻ قواعد وٺڻ نظر مان ڪڍڻ,,SindhiLanguage.org,https://sindhilanguage.org/,Amar Fayaz Buriro (امر فياض ٻرڙو),Review (v),Review (v),HEADWORD_WITH_LABEL,review,Normalized headword collision,
slx_e5bd9f2b8097933d,58732,Revigorate (v),,,English → Sindhi,نئين طاقت ڏيڻ، مضبوط ڪرڻ,english,English → Sindhi,revigorate v,نئين طاقت ڏيڻ مضبوط ڪرڻ,,SindhiLanguage.org,https://sindhilanguage.org/,Amar Fayaz Buriro (امر فياض ٻرڙو),Revigorate (v),Revigorate (v),HEADWORD_WITH_LABEL,revigorate,Normalized headword collision,
slx_59983b285fde7bed,58769,Rhyme (v),,,English → Sindhi,چوڻ، شعر، قافيه تي ڪلام چوڻ,english,English → Sindhi,rhyme v,چوڻ شعر قافيه تي ڪلام چوڻ,,SindhiLanguage.org,https://sindhilanguage.org/,Amar Fayaz Buriro (امر فياض ٻرڙو),Rhyme (v),Rhyme (v),HEADWORD_WITH_LABEL,rhyme,Normalized headword collision,
slx_86751a72db744dcf,58789,Riddle (v),,,English → Sindhi,ڳجهارت چوڻ، پرولي ڏيڻ، ڇاڻڻ,english,English → Sindhi,riddle v,ڳجهارت چوڻ پرولي ڏيڻ ڇاڻڻ,,SindhiLanguage.org,https://sindhilanguage.org/,Amar Fayaz Buriro (امر فياض ٻرڙو),Riddle (v),Riddle (v),HEADWORD_WITH_LABEL,riddle,Normalized headword collision,
slx_5f57b4729aa23fa3,58796,Ridicule (v),,,English → Sindhi,مسخري ڪرڻ، کل ڪرڻ، ٺٺولي ڪرڻ,english,English → Sindhi,ridicule v,مسخري ڪرڻ کل ڪرڻ ٺٺولي ڪرڻ,,SindhiLanguage.org,https://sindhilanguage.org/,Amar Fayaz Buriro (امر فياض ٻرڙو),Ridicule (v),Ridicule (v),HEADWORD_WITH_LABEL,ridicule,Normalized headword collision,
slx_57e588b3a2498ab6,58826,Ring (v),,,English → Sindhi,وڄائڻ، واڄٽ، گهنٽي وڄائڻ,english,English → Sindhi,ring v,وڄائڻ واڄٽ گهنٽي وڄائڻ,,SindhiLanguage.org,https://sindhilanguage.org/,Amar Fayaz Buriro (امر فياض ٻرڙو),Ring (v),Ring (v),HEADWORD_WITH_LABEL,ring,Normalized headword collision,
slx_e382e22f6bca6e83,58847,Rise (v),,,English → Sindhi,اڀرڻ، وڌڻ، باغي ٿيڻ، چڙهڻ,english,English → Sindhi,rise v,اڀرڻ وڌڻ باغي ٿيڻ چڙهڻ,,SindhiLanguage.org,https://sindhilanguage.org/,Amar Fayaz Buriro (امر فياض ٻرڙو),Rise (v),Rise (v),HEADWORD_WITH_LABEL,rise,Normalized headword collision,
slx_48de01b8ef38b4c7,58852,Risk (v),,,English → Sindhi,خطري ۾ وڃڻ، ڊپ ٿيڻ,english,English → Sindhi,risk v,خطري وڃڻ ڊپ ٿيڻ,,SindhiLanguage.org,https://sindhilanguage.org/,Amar Fayaz Buriro (امر فياض ٻرڙو),Risk (v),Risk (v),HEADWORD_WITH_LABEL,risk,Normalized headword collision,
slx_4be501d55f83a17c,58929,Sell (v),,,English → Sindhi,وڪڻڻ، وڪرو ڪرڻ,english,English → Sindhi,sell v,وڪڻڻ وڪرو ڪرڻ,,SindhiLanguage.org,https://sindhilanguage.org/,Amar Fayaz Buriro (امر فياض ٻرڙو),Sell (v),Sell (v),HEADWORD_WITH_LABEL,sell,Normalized headword collision,
slx_3c9eea98fca735d7,58954,Sandal,,,English → Sindhi,نازڪ سلڪ جو ڪپڙو,english,English → Sindhi,sandal,نازڪ سلڪ جو ڪپڙو,,SindhiLanguage.org,https://sindhilanguage.org/,Amar Fayaz Buriro (امر فياض ٻرڙو),Sandal,Sandal,ORDINARY_HEADWORD,sandal,Normalized headword collision,
slx_1766f27f392a0f7f,59082,Sham (v),,,English → Sindhi,ڌوکو ڏيڻ، تيتال ڪرڻ,english,English → Sindhi,sham v,ڌوکو ڏيڻ تيتال ڪرڻ,,SindhiLanguage.org,https://sindhilanguage.org/,Amar Fayaz Buriro (امر فياض ٻرڙو),Sham (v),Sham (v),HEADWORD_WITH_LABEL,sham,Normalized headword collision,
slx_30adb43e7c7227ab,59095,Shape (n),,,English → Sindhi,صورت، شڪل، ڊول,english,English → Sindhi,shape n,صورت شڪل ڊول,,SindhiLanguage.org,https://sindhilanguage.org/,Amar Fayaz Buriro (امر فياض ٻرڙو),Shape (n),Shape (n),HEADWORD_WITH_LABEL,shape,Normalized headword collision,
slx_db00102b3b51097d,59100,Share (v),,,English → Sindhi,حصو ڪرڻ، ورهائڻ، پتي ڪرڻ,english,English → Sindhi,share v,حصو ڪرڻ ورهائڻ پتي ڪرڻ,,SindhiLanguage.org,https://sindhilanguage.org/,Amar Fayaz Buriro (امر فياض ٻرڙو),Share (v),Share (v),HEADWORD_WITH_LABEL,share,Normalized headword collision,
slx_47e28771466963b8,59141,Shelter (v),,,English → Sindhi,پناهه ڏيڻ، بچائڻ، اجهو ڏيڻ، حفاظت ڪرڻ,english,English → Sindhi,shelter v,پناهه ڏيڻ بچائڻ اجهو ڏيڻ حفاظت ڪرڻ,,SindhiLanguage.org,https://sindhilanguage.org/,Amar Fayaz Buriro (امر فياض ٻرڙو),Shelter (v),Shelter (v),HEADWORD_WITH_LABEL,shelter,Normalized headword collision,
slx_fcc1770381920b1d,59403,Scratch (n),,,English → Sindhi,رهنڊ، خراش، رهڙ,english,English → Sindhi,scratch n,رهنڊ خراش رهڙ,,SindhiLanguage.org,https://sindhilanguage.org/,Amar Fayaz Buriro (امر فياض ٻرڙو),Scratch (n),Scratch (n),HEADWORD_WITH_LABEL,scratch,Normalized headword collision,
slx_ae1adda9ea52c3e1,59467,Secret,,,English → Sindhi,لڪائڻ، ڇپائڻ، ڳجهو رکڻ، پوشيده رکڻ,english,English → Sindhi,secret,لڪائڻ ڇپائڻ ڳجهو رکڻ پوشيده رکڻ,,SindhiLanguage.org,https://sindhilanguage.org/,Amar Fayaz Buriro (امر فياض ٻرڙو),Secret,Secret,ORDINARY_HEADWORD,secret,Normalized headword collision,
slx_adc6fbde7401bd5e,59494,See (v),,,English → Sindhi,ڏسڻ، نظر ڪرڻ، سهي ڪرڻ، غور ڪرڻ,english,English → Sindhi,see v,ڏسڻ نظر ڪرڻ سهي ڪرڻ غور ڪرڻ,,SindhiLanguage.org,https://sindhilanguage.org/,Amar Fayaz Buriro (امر فياض ٻرڙو),See (v),See (v),HEADWORD_WITH_LABEL,see,Normalized headword collision,
slx_07ab718c25709eeb,59498,Seed (v),,,English → Sindhi,ٻج ڇٽڻ، تخم ريزي ڪرڻ,english,English → Sindhi,seed v,ٻج ڇٽڻ تخم ريزي ڪرڻ,,SindhiLanguage.org,https://sindhilanguage.org/,Amar Fayaz Buriro (امر فياض ٻرڙو),Seed (v),Seed (v),HEADWORD_WITH_LABEL,seed,Normalized headword collision,
slx_efa31fbb46c35292,59654,Skid (v),,,English → Sindhi,ترڪڻ، گسڪي وڃڻ، گاڏيءَ جا ڦيٿا سڙي وڃڻ,english,English → Sindhi,skid v,ترڪڻ گسڪي وڃڻ گاڏيء جا ڦيٿا سڙي وڃڻ,,SindhiLanguage.org,https://sindhilanguage.org/,Amar Fayaz Buriro (امر فياض ٻرڙو),Skid (v),Skid (v),HEADWORD_WITH_LABEL,skid,Normalized headword collision,
slx_b204339574502f8b,59778,Smack (n),,,English → Sindhi,چمي، چماٽ، چمي، يا چشڪي جو آواز,english,English → Sindhi,smack n,چمي چماٽ چمي يا چشڪي جو آواز,,SindhiLanguage.org,https://sindhilanguage.org/,Amar Fayaz Buriro (امر فياض ٻرڙو),Smack (n),Smack (n),HEADWORD_WITH_LABEL,smack,Normalized headword collision,
slx_d0098961de1c7f9a,59971,Sound (v),,,English → Sindhi,وڄائڻ، آواز ڪرڻ، گهرائي ماپڻ,english,English → Sindhi,sound v,وڄائڻ آواز ڪرڻ گهرائي ماپڻ,,SindhiLanguage.org,https://sindhilanguage.org/,Amar Fayaz Buriro (امر فياض ٻرڙو),Sound (v),Sound (v),HEADWORD_WITH_LABEL,sound,Normalized headword collision,
slx_358d02a13ec7337f,59984,Sow (v),,,English → Sindhi,پوکڻ، ٻج ڇٽڻ,english,English → Sindhi,sow v,پوکڻ ٻج ڇٽڻ,,SindhiLanguage.org,https://sindhilanguage.org/,Amar Fayaz Buriro (امر فياض ٻرڙو),Sow (v),Sow (v),HEADWORD_WITH_LABEL,sow,Normalized headword collision,
slx_cbb9d1a622360085,60022,Special,,,English → Sindhi,خاص، عجيب، مخصوص,english,English → Sindhi,special,خاص عجيب مخصوص,,SindhiLanguage.org,https://sindhilanguage.org/,Amar Fayaz Buriro (امر فياض ٻرڙو),Special,Special,ORDINARY_HEADWORD,special,Normalized headword collision,
slx_f43c37eaf5ab670d,60087,Spirit,,,English → Sindhi,ڦوهارو ڪڍڻ,english,English → Sindhi,spirit,ڦوهارو ڪڍڻ,,SindhiLanguage.org,https://sindhilanguage.org/,Amar Fayaz Buriro (امر فياض ٻرڙو),Spirit,Spirit,ORDINARY_HEADWORD,spirit,Normalized headword collision,
slx_8ac69b0c0e6ed7f7,60251,State (v),,,English → Sindhi,ظاهر ڪرڻ، عرض ڪرڻ، بيان ڪرڻ,english,English → Sindhi,state v,ظاهر ڪرڻ عرض ڪرڻ بيان ڪرڻ,,SindhiLanguage.org,https://sindhilanguage.org/,Amar Fayaz Buriro (امر فياض ٻرڙو),State (v),State (v),HEADWORD_WITH_LABEL,state,Normalized headword collision,
slx_da7c0a8189aea5d6,60311,Stick (v),,,English → Sindhi,چهٽائڻ، چنبڙائڻ، لڳائڻ (لڪڙي، لٺ، لڪڻ ڪاٺي),english,English → Sindhi,stick v,چهٽائڻ چنبڙائڻ لڳائڻ لڪڙي لٺ لڪڻ ڪاٺي,,SindhiLanguage.org,https://sindhilanguage.org/,Amar Fayaz Buriro (امر فياض ٻرڙو),Stick (v),Stick (v),HEADWORD_WITH_LABEL,stick,Normalized headword collision,
slx_729ae868cd6694ea,60323,Still (n),,,English → Sindhi,چپ، خاموش، ماٺ، بي حرڪت، ساڪن، بيٺل,english,English → Sindhi,still n,چپ خاموش ماٺ بي حرڪت ساڪن بيٺل,,SindhiLanguage.org,https://sindhilanguage.org/,Amar Fayaz Buriro (امر فياض ٻرڙو),Still (n),Still (n),HEADWORD_WITH_LABEL,still,Normalized headword collision,
slx_2000f2a5d80c4296,60375,Stone,,,English → Sindhi,ڪن، تنور، سگري، بٺي,english,English → Sindhi,stone,ڪن تنور سگري بٺي,,SindhiLanguage.org,https://sindhilanguage.org/,Amar Fayaz Buriro (امر فياض ٻرڙو),Stone,Stone,ORDINARY_HEADWORD,stone,Normalized headword collision,
slx_8acbbd9445740da0,60427,Strip (n),,,English → Sindhi,چهبڪ، پٽي، ڦيٿ، پٽو,english,English → Sindhi,strip n,چهبڪ پٽي ڦيٿ پٽو,,SindhiLanguage.org,https://sindhilanguage.org/,Amar Fayaz Buriro (امر فياض ٻرڙو),Strip (n),Strip (n),HEADWORD_WITH_LABEL,strip,Normalized headword collision,
slx_55ac78c07eeabb20,60482,Subject (v),,,English → Sindhi,تابع، ڪرڻ، زيرحڪم ڪرڻ، مطيع ڪرڻ، مغلوب ڪرڻ,english,English → Sindhi,subject v,تابع ڪرڻ زيرحڪم ڪرڻ مطيع ڪرڻ مغلوب ڪرڻ,,SindhiLanguage.org,https://sindhilanguage.org/,Amar Fayaz Buriro (امر فياض ٻرڙو),Subject (v),Subject (v),HEADWORD_WITH_LABEL,subject,Normalized headword collision,
slx_934e163d614f3ff6,60784,Swag (v),,,English → Sindhi,پنهنجي بار جي ڪري ٻڏڻ,english,English → Sindhi,swag v,پنهنجي بار جي ڪري ٻڏڻ,,SindhiLanguage.org,https://sindhilanguage.org/,Amar Fayaz Buriro (امر فياض ٻرڙو),Swag (v),Swag (v),HEADWORD_WITH_LABEL,swag,Normalized headword collision,
slx_eb09e6a35a7063b1,60790,Swallow,,,English → Sindhi,ڳڙڪائڻ، جذب ڪرڻ ڳهڻ، اڳرڻ,english,English → Sindhi,swallow,ڳڙڪائڻ جذب ڪرڻ ڳهڻ اڳرڻ,,SindhiLanguage.org,https://sindhilanguage.org/,Amar Fayaz Buriro (امر فياض ٻرڙو),Swallow,Swallow,ORDINARY_HEADWORD,swallow,Normalized headword collision,
slx_effd083953e1e326,60904,Tabard,,,English → Sindhi,هڪ قسم جو ڪوٽ (جيڪو 15 صديءَ ۾ فوجي پائيندا هئا),english,English → Sindhi,tabard,هڪ قسم جو ڪوٽ جيڪو 15 صديء فوجي پائيندا هئا,,SindhiLanguage.org,https://sindhilanguage.org/,Amar Fayaz Buriro (امر فياض ٻرڙو),Tabard,Tabard,ORDINARY_HEADWORD,tabard,Normalized headword collision,
slx_bc1df2d11d6c805e,61376,Toast (n),,,English → Sindhi,ٽوسٽ، سيڪيل ڊبل روٽي، صحت جام,english,English → Sindhi,toast n,ٽوسٽ سيڪيل ڊبل روٽي صحت جام,,SindhiLanguage.org,https://sindhilanguage.org/,Amar Fayaz Buriro (امر فياض ٻرڙو),Toast (n),Toast (n),HEADWORD_WITH_LABEL,toast,Normalized headword collision,
slx_d9e70918826a9590,61388,Toil (n),,,English → Sindhi,محنت، مشقت، ڪشالو,english,English → Sindhi,toil n,محنت مشقت ڪشالو,,SindhiLanguage.org,https://sindhilanguage.org/,Amar Fayaz Buriro (امر فياض ٻرڙو),Toil (n),Toil (n),HEADWORD_WITH_LABEL,toil,Normalized headword collision,
slx_0524c77901debfa6,61487,Train (n),,,English → Sindhi,ريل گاڏي، پٺيان ايندڙ، مصاحب,english,English → Sindhi,train n,ريل گاڏي پٺيان ايندڙ مصاحب,,SindhiLanguage.org,https://sindhilanguage.org/,Amar Fayaz Buriro (امر فياض ٻرڙو),Train (n),Train (n),HEADWORD_WITH_LABEL,train,Normalized headword collision,
slx_f3875ae098310241,61598,Trick,,,English → Sindhi,پهرائڻ، سينگارڻ,english,English → Sindhi,trick,پهرائڻ سينگارڻ,,SindhiLanguage.org,https://sindhilanguage.org/,Amar Fayaz Buriro (امر فياض ٻرڙو),Trick,Trick,ORDINARY_HEADWORD,trick,Normalized headword collision,
slx_6f3db961eb54c4f5,61679,Trust (v),,,English → Sindhi,اعتماد، ڀروسو، اعتبار، يقين ويساهه,english,English → Sindhi,trust v,اعتماد ڀروسو اعتبار يقين ويساهه,,SindhiLanguage.org,https://sindhilanguage.org/,Amar Fayaz Buriro (امر فياض ٻرڙو),Trust (v),Trust (v),HEADWORD_WITH_LABEL,trust,Normalized headword collision,
slx_0e4bd3af2b0b20fb,61742,Turn (n),,,English → Sindhi,تبديلي، موڙ، وارو,english,English → Sindhi,turn n,تبديلي موڙ وارو,,SindhiLanguage.org,https://sindhilanguage.org/,Amar Fayaz Buriro (امر فياض ٻرڙو),Turn (n),Turn (n),HEADWORD_WITH_LABEL,turn,Normalized headword collision,
slx_faf2f5aa22043828,61783,Twig (v),,,English → Sindhi,باريڪبينيءَ سان جاچڻ، سمجهڻ,english,English → Sindhi,twig v,باريڪبينيء سان جاچڻ سمجهڻ,,SindhiLanguage.org,https://sindhilanguage.org/,Amar Fayaz Buriro (امر فياض ٻرڙو),Twig (v),Twig (v),HEADWORD_WITH_LABEL,twig,Normalized headword collision,
slx_84f8fb70e9d7cc9a,62449,Use (v),,,English → Sindhi,ڪم آڻڻ، واپرائڻ، سلوڪ ڪرڻ، خرچ ڪرڻ عادت ڪرڻ,english,English → Sindhi,use v,ڪم آڻڻ واپرائڻ سلوڪ ڪرڻ خرچ ڪرڻ عادت ڪرڻ,,SindhiLanguage.org,https://sindhilanguage.org/,Amar Fayaz Buriro (امر فياض ٻرڙو),Use (v),Use (v),HEADWORD_WITH_LABEL,use,Normalized headword collision,
slx_9e750ebec47c0e9d,62651,Venture (v),,,English → Sindhi,همٿ ڪرڻ، دليري ڪرڻ، قسمت آزمائي,english,English → Sindhi,venture v,همٿ ڪرڻ دليري ڪرڻ قسمت آزمائي,,SindhiLanguage.org,https://sindhilanguage.org/,Amar Fayaz Buriro (امر فياض ٻرڙو),Venture (v),Venture (v),HEADWORD_WITH_LABEL,venture,Normalized headword collision,
slx_23c4923ce3baca56,62719,Vesicle,,,English → Sindhi,ننڍي ڳوٿري، ڦوڦينڊو، ڦوڪڻو,english,English → Sindhi,vesicle,ننڍي ڳوٿري ڦوڦينڊو ڦوڪڻو,,SindhiLanguage.org,https://sindhilanguage.org/,Amar Fayaz Buriro (امر فياض ٻرڙو),Vesicle,Vesicle,ORDINARY_HEADWORD,vesicle,Normalized headword collision,
slx_d6c45504c1bf4bba,62738,Veer,,,English → Sindhi,هلاک ڪندڙ، ستائيندڙ,english,English → Sindhi,veer,هلاک ڪندڙ ستائيندڙ,,SindhiLanguage.org,https://sindhilanguage.org/,Amar Fayaz Buriro (امر فياض ٻرڙو),Veer,Veer,ORDINARY_HEADWORD,veer,Normalized headword collision,
slx_2799a812fdb3c734,62749,Vice,,,English → Sindhi,قائم مقام، بجاءِ، عيوضي,english,English → Sindhi,vice,قائم مقام بجاء عيوضي,,SindhiLanguage.org,https://sindhilanguage.org/,Amar Fayaz Buriro (امر فياض ٻرڙو),Vice,Vice,ORDINARY_HEADWORD,vice,Normalized headword collision,
slx_acbb8f940bbf199f,63015,Want (v),,,English → Sindhi,گهرڻ، خواهش ڪرڻ، نه هئڻ، چاهڻ,english,English → Sindhi,want v,گهرڻ خواهش ڪرڻ نه هئڻ چاهڻ,,SindhiLanguage.org,https://sindhilanguage.org/,Amar Fayaz Buriro (امر فياض ٻرڙو),Want (v),Want (v),HEADWORD_WITH_LABEL,want,Normalized headword collision,
slx_4aef68d2fd5dd1b2,63025,Ward (v),,,English → Sindhi,نظرداري ڪرڻ، حفاظت ڪرڻ,english,English → Sindhi,ward v,نظرداري ڪرڻ حفاظت ڪرڻ,,SindhiLanguage.org,https://sindhilanguage.org/,Amar Fayaz Buriro (امر فياض ٻرڙو),Ward (v),Ward (v),HEADWORD_WITH_LABEL,ward,Normalized headword collision,
slx_0b09b854c4fa6887,63038,Warm (v),,,English → Sindhi,گرم ڪرڻ، سيڪڻ، تپائڻ,english,English → Sindhi,warm v,گرم ڪرڻ سيڪڻ تپائڻ,,SindhiLanguage.org,https://sindhilanguage.org/,Amar Fayaz Buriro (امر فياض ٻرڙو),Warm (v),Warm (v),HEADWORD_WITH_LABEL,warm,Normalized headword collision,
slx_f39e6dc080840672,63045,Warrant (v),,,English → Sindhi,ضامن پوڻ، پڪ ڏيڻ، اختيار ڏيڻ، قائم رکڻ,english,English → Sindhi,warrant v,ضامن پوڻ پڪ ڏيڻ اختيار ڏيڻ قائم رکڻ,,SindhiLanguage.org,https://sindhilanguage.org/,Amar Fayaz Buriro (امر فياض ٻرڙو),Warrant (v),Warrant (v),HEADWORD_WITH_LABEL,warrant,Normalized headword collision,
slx_c4aea3375311d5c7,63054,Wash (v),,,English → Sindhi,ڌوئڻ، وهنجڻ، رنگ ڏيڻ، قلعي ڪرڻ,english,English → Sindhi,wash v,ڌوئڻ وهنجڻ رنگ ڏيڻ قلعي ڪرڻ,,SindhiLanguage.org,https://sindhilanguage.org/,Amar Fayaz Buriro (امر فياض ٻرڙو),Wash (v),Wash (v),HEADWORD_WITH_LABEL,wash,Normalized headword collision,
slx_3e1c4f513cdcdc8c,63061,Waste (v),,,English → Sindhi,غيرآباد ڪرڻ، فضول خرچي ڪرڻ، اجايو وڃائڻ,english,English → Sindhi,waste v,غيرآباد ڪرڻ فضول خرچي ڪرڻ اجايو وڃائڻ,,SindhiLanguage.org,https://sindhilanguage.org/,Amar Fayaz Buriro (امر فياض ٻرڙو),Waste (v),Waste (v),HEADWORD_WITH_LABEL,waste,Normalized headword collision,
slx_cbefbe0d259a7984,63089,Wave (v),,,English → Sindhi,لوڏڻ، گهمائڻ، ڦڙڪڻ، اشارو ڪرڻ,english,English → Sindhi,wave v,لوڏڻ گهمائڻ ڦڙڪڻ اشارو ڪرڻ,,SindhiLanguage.org,https://sindhilanguage.org/,Amar Fayaz Buriro (امر فياض ٻرڙو),Wave (v),Wave (v),HEADWORD_WITH_LABEL,wave,Normalized headword collision,
slx_67b23e589dbd74ec,63093,Wax (v),,,English → Sindhi,وڌڻ، گهڻو ڪرڻ، ٿيڻ، ميڻ لائڻ,english,English → Sindhi,wax v,وڌڻ گهڻو ڪرڻ ٿيڻ ميڻ لائڻ,,SindhiLanguage.org,https://sindhilanguage.org/,Amar Fayaz Buriro (امر فياض ٻرڙو),Wax (v),Wax (v),HEADWORD_WITH_LABEL,wax,Normalized headword collision,
slx_eaf49b26247d93c9,63136,Weary (v),,,English → Sindhi,ٿڪائڻ، بيزار ڪرڻ، ورچائڻ,english,English → Sindhi,weary v,ٿڪائڻ بيزار ڪرڻ ورچائڻ,,SindhiLanguage.org,https://sindhilanguage.org/,Amar Fayaz Buriro (امر فياض ٻرڙو),Weary (v),Weary (v),HEADWORD_WITH_LABEL,weary,Normalized headword collision,
slx_fc62b3b96a1e7ba3,63144,Weather (v),,,English → Sindhi,هوا ڏيڻ، هوا ۾ رکڻ، طوفان سهڻ، مصيبتون جهلڻ,english,English → Sindhi,weather v,هوا ڏيڻ هوا رکڻ طوفان سهڻ مصيبتون جهلڻ,,SindhiLanguage.org,https://sindhilanguage.org/,Amar Fayaz Buriro (امر فياض ٻرڙو),Weather (v),Weather (v),HEADWORD_WITH_LABEL,weather,Normalized headword collision,
slx_d21297ed52c1258e,63159,Weed (v),,,English → Sindhi,ڪک چونڊڻ، سوئي صاف ڪرڻ، رءَ ڍڪڻ,english,English → Sindhi,weed v,ڪک چونڊڻ سوئي صاف ڪرڻ رء ڍڪڻ,,SindhiLanguage.org,https://sindhilanguage.org/,Amar Fayaz Buriro (امر فياض ٻرڙو),Weed (v),Weed (v),HEADWORD_WITH_LABEL,weed,Normalized headword collision,
slx_3f54295beebb8592,63176,Welcome (v),,,English → Sindhi,آڌرڀاءُ ڪرڻ، کيڪارڻ، مرحبا چوڻ,english,English → Sindhi,welcome v,آڌرڀاء ڪرڻ کيڪارڻ مرحبا چوڻ,,SindhiLanguage.org,https://sindhilanguage.org/,Amar Fayaz Buriro (امر فياض ٻرڙو),Welcome (v),Welcome (v),HEADWORD_WITH_LABEL,welcome,Normalized headword collision,
slx_13b9b71477f90717,63182,As well as,,,English → Sindhi,پڻ، توڙي، ۽,english,English → Sindhi,as well as,پڻ توڙي,,SindhiLanguage.org,https://sindhilanguage.org/,Amar Fayaz Buriro (امر فياض ٻرڙو),As well as,As well as,ORDINARY_HEADWORD,as well as,Normalized headword collision,
slx_e175af9e259c4940,63258,Widen (v),,,English → Sindhi,ڪشادو ڪرڻ، ويڪرو ڪرڻ، چوڙو ڪرڻ، زياده ڪرڻ,english,English → Sindhi,widen v,ڪشادو ڪرڻ ويڪرو ڪرڻ چوڙو ڪرڻ زياده ڪرڻ,,SindhiLanguage.org,https://sindhilanguage.org/,Amar Fayaz Buriro (امر فياض ٻرڙو),Widen (v),Widen (v),HEADWORD_WITH_LABEL,widen,Normalized headword collision,
slx_a87ea695a6764dff,63274,Wild,,,English → Sindhi,جهنگل، ٻيلو، صحرا,english,English → Sindhi,wild,جهنگل ٻيلو صحرا,,SindhiLanguage.org,https://sindhilanguage.org/,Amar Fayaz Buriro (امر فياض ٻرڙو),Wild,Wild,ORDINARY_HEADWORD,wild,Normalized headword collision,
slx_ca65764ef0670e28,63283,Will,,,English → Sindhi,مرضي، خواهش، وس، وصيت ڪرڻ، پسند ڪرڻ، وصيت,english,English → Sindhi,will,مرضي خواهش وس وصيت ڪرڻ پسند ڪرڻ وصيت,,SindhiLanguage.org,https://sindhilanguage.org/,Amar Fayaz Buriro (امر فياض ٻرڙو),Will,Will,ORDINARY_HEADWORD,will,Normalized headword collision,
slx_3fd6cd01a95b1138,63292,Will (v),,,English → Sindhi,خواهش ڪرڻ، وصيت ڪرڻ، فرمان ٿيڻ,english,English → Sindhi,will v,خواهش ڪرڻ وصيت ڪرڻ فرمان ٿيڻ,,SindhiLanguage.org,https://sindhilanguage.org/,Amar Fayaz Buriro (امر فياض ٻرڙو),Will (v),Will (v),HEADWORD_WITH_LABEL,will,Normalized headword collision,
slx_2326e5514d186e41,63308,Wind (v),,,English → Sindhi,ويڙهڻ، موڙڻ، وارڻ، ڪنجي ڏيڻ,english,English → Sindhi,wind v,ويڙهڻ موڙڻ وارڻ ڪنجي ڏيڻ,,SindhiLanguage.org,https://sindhilanguage.org/,Amar Fayaz Buriro (امر فياض ٻرڙو),Wind (v),Wind (v),HEADWORD_WITH_LABEL,wind,Normalized headword collision,
slx_e38a0c2fbb236091,63395,Witness (v),,,English → Sindhi,شاهدي ڏيڻ يا وجهڻ، ڏسڻ، قسم کڻڻ,english,English → Sindhi,witness v,شاهدي ڏيڻ يا وجهڻ ڏسڻ قسم کڻڻ,,SindhiLanguage.org,https://sindhilanguage.org/,Amar Fayaz Buriro (امر فياض ٻرڙو),Witness (v),Witness (v),HEADWORD_WITH_LABEL,witness,Normalized headword collision,
slx_ce788eb9b69264a6,63416,Wonder (v),,,English → Sindhi,عجب کائڻ، تعجب ڪرڻ,english,English → Sindhi,wonder v,عجب کائڻ تعجب ڪرڻ,,SindhiLanguage.org,https://sindhilanguage.org/,Amar Fayaz Buriro (امر فياض ٻرڙو),Wonder (v),Wonder (v),HEADWORD_WITH_LABEL,wonder,Normalized headword collision,
slx_6ecde45448b306b4,63463,Work (v),,,English → Sindhi,اثر ڪرڻ، ڪم ڪرڻ,english,English → Sindhi,work v,اثر ڪرڻ ڪم ڪرڻ,,SindhiLanguage.org,https://sindhilanguage.org/,Amar Fayaz Buriro (امر فياض ٻرڙو),Work (v),Work (v),HEADWORD_WITH_LABEL,work,Normalized headword collision,
slx_d60cd18fd918f0e2,63496,Worship (v),,,English → Sindhi,عبادت ڪرڻ، بندگي ڪرڻ، عزت ڪرڻ,english,English → Sindhi,worship v,عبادت ڪرڻ بندگي ڪرڻ عزت ڪرڻ,,SindhiLanguage.org,https://sindhilanguage.org/,Amar Fayaz Buriro (امر فياض ٻرڙو),Worship (v),Worship (v),HEADWORD_WITH_LABEL,worship,Normalized headword collision,
slx_acfc3fd919b6f981,63519,Wound (v),,,English → Sindhi,ڦٽي وجهڻ، زخم رسائڻ، ڏکوئڻ,english,English → Sindhi,wound v,ڦٽي وجهڻ زخم رسائڻ ڏکوئڻ,,SindhiLanguage.org,https://sindhilanguage.org/,Amar Fayaz Buriro (امر فياض ٻرڙو),Wound (v),Wound (v),HEADWORD_WITH_LABEL,wound,Normalized headword collision,
slx_f8db48b1aae9dd71,63595,X,,,English → Sindhi,مقدار، پر اسرارشيءِ، شراب جو طاقت جو نشان,english,English → Sindhi,x,مقدار پر اسرارشيء شراب جو طاقت جو نشان,,SindhiLanguage.org,https://sindhilanguage.org/,Amar Fayaz Buriro (امر فياض ٻرڙو),X,X,ORDINARY_HEADWORD,x,Normalized headword collision,
slx_dab5ac87802ed818,63634,Xyster,,,English → Sindhi,هڏي، کرڙڻو، کرچڻي,english,English → Sindhi,xyster,هڏي کرڙڻو کرچڻي,,SindhiLanguage.org,https://sindhilanguage.org/,Amar Fayaz Buriro (امر فياض ٻرڙو),Xyster,Xyster,ORDINARY_HEADWORD,xyster,Normalized headword collision,
slx_998ececceb34fea7,63655,Yank,,,English → Sindhi,Yankee جو اختصار، اميريڪن,english,English → Sindhi,yank,yankee جو اختصار اميريڪن,,SindhiLanguage.org,https://sindhilanguage.org/,Amar Fayaz Buriro (امر فياض ٻرڙو),Yank,Yank,ORDINARY_HEADWORD,yank,Normalized headword collision,
slx_5275e944e8d6a48e,63667,Yard,,,English → Sindhi,صحن، اڱڻ، چونڪ، حاطو، واڙو,english,English → Sindhi,yard,صحن اڱڻ چونڪ حاطو واڙو,,SindhiLanguage.org,https://sindhilanguage.org/,Amar Fayaz Buriro (امر فياض ٻرڙو),Yard,Yard,ORDINARY_HEADWORD,yard,Normalized headword collision,
slx_f9f9ef7a4ca1bbbc,63880,Zoo,,,English → Sindhi,Zoon جي ترڪيبي شڪل، حيوان,english,English → Sindhi,zoo,zoon جي ترڪيبي شڪل حيوان,,SindhiLanguage.org,https://sindhilanguage.org/,Amar Fayaz Buriro (امر فياض ٻرڙو),Zoo,Zoo,ORDINARY_HEADWORD,zoo,Normalized headword collision,
