english,sindhi,english_definition,stage5_decision,stage5_reason
pulling,تَڻيِ,"Pulling: desire, longing.",ADD,Usable dictionary definition; no obvious source truncation.
risen,اُٿِيَلُ,"Risen; sore (an eye); heavy (sea); longing, yearning (the heart).",ADD,Usable dictionary definition; no obvious source truncation.
breaking,اَنجاميِ ڪۇڙو,One breaking promises.,ADD,Usable dictionary definition; no obvious source truncation.
breaking,ڊۇنڊۇن,"Farting, breaking wind.",ADD,Usable dictionary definition; no obvious source truncation.
ruined,اُجڙ,"Desolate, ruined.",ADD,Usable dictionary definition; no obvious source truncation.
ruined,چوڙ,"Destroyed, ruined, waste.",ADD,Usable dictionary definition; no obvious source truncation.
ruined,خَرابَُ,"Bad, evil; ruined.",ADD,Usable dictionary definition; no obvious source truncation.
sound,ڦَهَڪاءُ,A slapping sound.,ADD,Usable dictionary definition; no obvious source truncation.
sound,جهانئيِ,"Noise, sound, voice.",ADD,Usable dictionary definition; no obvious source truncation.
sound,چيِچاٽُ,A creaking sound.,ADD,Usable dictionary definition; no obvious source truncation.
sound,چيِنگهاٽُ,A creaking sound.,ADD,Usable dictionary definition; no obvious source truncation.
sound,کَڙْڪائڻ,"To knock, sound.",ADD,Usable dictionary definition; no obvious source truncation.
sound,گُڙْڪو,A rumbling sound.,ADD,Usable dictionary definition; no obvious source truncation.
sound,لَلْڪارَ,"Melody, sweet sound.",ADD,Usable dictionary definition; no obvious source truncation.
sound,ٻِرْڪَ,A sound.,ADD,Usable dictionary definition; no obvious source truncation.
sound,رِمِ جِهمِ,A pleasing sound.,ADD,Usable dictionary definition; no obvious source truncation.
still,ڪَرْڻَڦُلُ,"A still, alembic.",ADD,Usable dictionary definition; no obvious source truncation.
still,نِوائو,"Windless, calm, still.",ADD,Usable dictionary definition; no obvious source truncation.
suitable,جوڙائِتو,"or Suitable, suitably.",ADD,Usable dictionary definition; no obvious source truncation.
talk,اورَڳُ,Kind friendly talk.,ADD,Usable dictionary definition; no obvious source truncation.
talk,بحرڦاڙڻ,To talk tall.,ADD,Usable dictionary definition; no obvious source truncation.
talk,بڪوادِ,"Prattle, foolish talk.",ADD,Usable dictionary definition; no obvious source truncation.
talk,پَچارَڻُ,To talk about.,ADD,Usable dictionary definition; no obvious source truncation.
talk,ڍيڪَ ڇَڎَڻُ,To talk nonsense.,ADD,Usable dictionary definition; no obvious source truncation.
talk,گوياگفتار,"Conversation, talk.",ADD,Usable dictionary definition; no obvious source truncation.
talk,مَقالُ,"Saying, talk, conversation.",ADD,Usable dictionary definition; no obvious source truncation.
talk,واڪَڻُ,"To talk, converse.",ADD,Usable dictionary definition; no obvious source truncation.
talk,واڻيِ,"Language, talk.",ADD,Usable dictionary definition; no obvious source truncation.
talk,وِنڌاپَڻُ,"Chatter, talk nonsense.",ADD,Usable dictionary definition; no obvious source truncation.
talk,اورَڳُہ,Kind friendly talk.,ADD,Usable dictionary definition; no obvious source truncation.
transferred,بدلي ٿيڻ,To be transferred.,ADD,Usable dictionary definition; no obvious source truncation.
trouble,اُچائڻ,"To trouble, annoy.",ADD,Usable dictionary definition; no obvious source truncation.
trouble,اَڳلي کي هلاک ٿوکرين,You trouble one.,ADD,Usable dictionary definition; no obvious source truncation.
trouble,جاڳَرُ,Demand. (?) Trouble. (?),ADD,Usable dictionary definition; no obvious source truncation.
trouble,جُکَ,"Pain, sorrow, trouble.",ADD,Usable dictionary definition; no obvious source truncation.
trouble,دق ڪرڻ,"To trouble, annoy.",ADD,Usable dictionary definition; no obvious source truncation.
trouble,ڏانجهَہ,"Pain, trouble.",ADD,Usable dictionary definition; no obvious source truncation.
trouble,ڪَهَڪُ,"Pain, distress, trouble.",ADD,Usable dictionary definition; no obvious source truncation.
trouble,کاپارو,"Annoyance, trouble, botheration.",ADD,Usable dictionary definition; no obvious source truncation.
trouble,مَشَقَّتِ,"Labour, trouble, difficulty.",ADD,Usable dictionary definition; no obvious source truncation.
trouble,وِماسُ,"Anxiety, grief, trouble.",ADD,Usable dictionary definition; no obvious source truncation.
trouble,وِياڪُلُ ڪرڻ,"To annoy, trouble.",ADD,Usable dictionary definition; no obvious source truncation.
trouble,هَرْجُ,"Loss, detriment. Trouble.",ADD,Usable dictionary definition; no obvious source truncation.
trouble,هلاکہ ڪرڻ,"To trouble, annoy.",ADD,Usable dictionary definition; no obvious source truncation.
trouble,هَلاوَتَ,"Distress, annoyance, trouble.",ADD,Usable dictionary definition; no obvious source truncation.
watching,جاڳَرْتِ,"Waking, watching, vigilance.",ADD,Usable dictionary definition; no obvious source truncation.
watching,سَهيڙَ,"Carefulness, watching, vigilance.",ADD,Usable dictionary definition; no obvious source truncation.
