lexical_id,entry_id,word,word_with_airab_or_variant,part_of_speech,domain,definition,language_direction,source_dictionary,normalized_word,normalized_definition,extra,publisher,publisher_url,prepared_by,review_reason
slx_bce66c16c4053462,42166,A,,,English → Sindhi,هڪڙو، ڪو، انگريزي آئيويٽا جو پهريون اکر,english,English → Sindhi,a,هڪڙو ڪو انگريزي آئيويٽا جو پهريون اکر,,SindhiLanguage.org,https://sindhilanguage.org/,Amar Fayaz Buriro (امر فياض ٻرڙو),Very short English headword
slx_2de92a51a848fc75,43930,B,,,English → Sindhi,انگريزي آئيويٽا جو ٻيو اکر,english,English → Sindhi,b,انگريزي آئيويٽا جو ٻيو اکر,,SindhiLanguage.org,https://sindhilanguage.org/,Amar Fayaz Buriro (امر فياض ٻرڙو),Very short English headword
slx_0b1c33cc9506b72c,44124,Bear (n),,,English → Sindhi,رڇ,english,English → Sindhi,bear n,رڇ,,SindhiLanguage.org,https://sindhilanguage.org/,Amar Fayaz Buriro (امر فياض ٻرڙو),Very short definition
slx_0a6ce549f7cc12e9,44732,Bruin,,,English → Sindhi,رڇ,english,English → Sindhi,bruin,رڇ,,SindhiLanguage.org,https://sindhilanguage.org/,Amar Fayaz Buriro (امر فياض ٻرڙو),Very short definition
slx_10398ea77aa1303d,44877,C,,,English → Sindhi,انگريزي آئيويٽا جو ٽيون اکر,english,English → Sindhi,c,انگريزي آئيويٽا جو ٽيون اکر,,SindhiLanguage.org,https://sindhilanguage.org/,Amar Fayaz Buriro (امر فياض ٻرڙو),Very short English headword
slx_cf117809a92ba882,44921,Calcium,,,English → Sindhi,چن,english,English → Sindhi,calcium,چن,,SindhiLanguage.org,https://sindhilanguage.org/,Amar Fayaz Buriro (امر فياض ٻرڙو),Very short definition
slx_9a833ac9d3d77809,45224,Ceiling,,,English → Sindhi,ڇت,english,English → Sindhi,ceiling,ڇت,,SindhiLanguage.org,https://sindhilanguage.org/,Amar Fayaz Buriro (امر فياض ٻرڙو),Very short definition
slx_9b9fabf66644bd17,45500,Cicada,,,English → Sindhi,تڏ,english,English → Sindhi,cicada,تڏ,,SindhiLanguage.org,https://sindhilanguage.org/,Amar Fayaz Buriro (امر فياض ٻرڙو),Very short definition
slx_73ee214fbf0386b3,46234,D,,,English → Sindhi,انگريزي آئيويٽا جو چوٿون اکر,english,English → Sindhi,d,انگريزي آئيويٽا جو چوٿون اکر,,SindhiLanguage.org,https://sindhilanguage.org/,Amar Fayaz Buriro (امر فياض ٻرڙو),Very short English headword
slx_8fc0e9ce7a6a2f22,46580,Demi,,,English → Sindhi,اڌ,english,English → Sindhi,demi,اڌ,,SindhiLanguage.org,https://sindhilanguage.org/,Amar Fayaz Buriro (امر فياض ٻرڙو),Very short definition
slx_0a70035bff74ac51,47824,E,,,English → Sindhi,انگريزي آئيويٽا جو پنجون اکر,english,English → Sindhi,e,انگريزي آئيويٽا جو پنجون اکر,,SindhiLanguage.org,https://sindhilanguage.org/,Amar Fayaz Buriro (امر فياض ٻرڙو),Very short English headword
slx_f8866ce9b12e658d,48706,F,,,English → Sindhi,انگريزي آئيويٽا جو ڇهون اکر,english,English → Sindhi,f,انگريزي آئيويٽا جو ڇهون اکر,,SindhiLanguage.org,https://sindhilanguage.org/,Amar Fayaz Buriro (امر فياض ٻرڙو),Very short English headword
slx_022694efc2916d63,49440,G,,,English → Sindhi,انگريزي الفابيٽ جو ستون اکر,english,English → Sindhi,g,انگريزي الفابيٽ جو ستون اکر,,SindhiLanguage.org,https://sindhilanguage.org/,Amar Fayaz Buriro (امر فياض ٻرڙو),Very short English headword
slx_783c76038f4d5ebb,50010,Grasshopper,,,English → Sindhi,تڏ,english,English → Sindhi,grasshopper,تڏ,,SindhiLanguage.org,https://sindhilanguage.org/,Amar Fayaz Buriro (امر فياض ٻرڙو),Very short definition
slx_44e99860aec1d90b,50084,Grig,,,English → Sindhi,تڏ,english,English → Sindhi,grig,تڏ,,SindhiLanguage.org,https://sindhilanguage.org/,Amar Fayaz Buriro (امر فياض ٻرڙو),Very short definition
slx_7a6a4081f683a7cf,50231,H,,,English → Sindhi,انگريزي الفابيٽ جو اٺون اکر,english,English → Sindhi,h,انگريزي الفابيٽ جو اٺون اکر,,SindhiLanguage.org,https://sindhilanguage.org/,Amar Fayaz Buriro (امر فياض ٻرڙو),Very short English headword
slx_2b0e1baf17a545f1,50698,Hundred,,,English → Sindhi,سؤ,english,English → Sindhi,hundred,سؤ,,SindhiLanguage.org,https://sindhilanguage.org/,Amar Fayaz Buriro (امر فياض ٻرڙو),Very short definition
slx_16cafc04b76bde46,50772,I,,,English → Sindhi,انگريزي الفابيٽ جو نائون اکر,english,English → Sindhi,i,انگريزي الفابيٽ جو نائون اکر,,SindhiLanguage.org,https://sindhilanguage.org/,Amar Fayaz Buriro (امر فياض ٻرڙو),Very short English headword
slx_b63d4b47ac9f4715,50773,I,,,English → Sindhi,مان، آءٌ,english,English → Sindhi,i,مان آء,,SindhiLanguage.org,https://sindhilanguage.org/,Amar Fayaz Buriro (امر فياض ٻرڙو),Very short English headword
slx_f9f9b8b4032ec0ce,51842,N,,,English → Sindhi,انگريزي الفابيٽ جو چوڏهون اکر,english,English → Sindhi,n,انگريزي الفابيٽ جو چوڏهون اکر,,SindhiLanguage.org,https://sindhilanguage.org/,Amar Fayaz Buriro (امر فياض ٻرڙو),Very short English headword
slx_632886a7156b4ad7,52267,J,,,English → Sindhi,انگريزي الفابيٽ جو ڏهون اکر,english,English → Sindhi,j,انگريزي الفابيٽ جو ڏهون اکر,,SindhiLanguage.org,https://sindhilanguage.org/,Amar Fayaz Buriro (امر فياض ٻرڙو),Very short English headword
slx_d4d79a5d9b2e700f,52481,K,,,English → Sindhi,انگريزي الفابيٽ جو يارهون اکر,english,English → Sindhi,k,انگريزي الفابيٽ جو يارهون اکر,,SindhiLanguage.org,https://sindhilanguage.org/,Amar Fayaz Buriro (امر فياض ٻرڙو),Very short English headword
slx_e9608aca41c5bffb,52609,L,,,English → Sindhi,انگريزي الفابيٽ جو ٻارهون اکر,english,English → Sindhi,l,انگريزي الفابيٽ جو ٻارهون اکر,,SindhiLanguage.org,https://sindhilanguage.org/,Amar Fayaz Buriro (امر فياض ٻرڙو),Very short English headword
slx_f66fb1897e61482a,53037,Lo,,,English → Sindhi,ڏس,english,English → Sindhi,lo,ڏس,,SindhiLanguage.org,https://sindhilanguage.org/,Amar Fayaz Buriro (امر فياض ٻرڙو),Very short definition
slx_4380ebb9685f1b1a,53207,M,,,English → Sindhi,انگريزي الفابيٽ جو تيرهون اکر,english,English → Sindhi,m,انگريزي الفابيٽ جو تيرهون اکر,,SindhiLanguage.org,https://sindhilanguage.org/,Amar Fayaz Buriro (امر فياض ٻرڙو),Very short English headword
slx_f50d81d7acad16cc,53210,Mac,,,English → Sindhi,پٽ,english,English → Sindhi,mac,پٽ,,SindhiLanguage.org,https://sindhilanguage.org/,Amar Fayaz Buriro (امر فياض ٻرڙو),Very short definition
slx_361be1ca0b606a6c,53595,Maund,,,English → Sindhi,مڻ,english,English → Sindhi,maund,مڻ,,SindhiLanguage.org,https://sindhilanguage.org/,Amar Fayaz Buriro (امر فياض ٻرڙو),Very short definition
slx_f9dcc136fcdd80fa,54332,Mother in law,,,English → Sindhi,سس,english,English → Sindhi,mother in law,سس,,SindhiLanguage.org,https://sindhilanguage.org/,Amar Fayaz Buriro (امر فياض ٻرڙو),Very short definition
slx_6524d69a95b2810f,55124,O,,,English → Sindhi,انگريزي الفابيٽ جو پندرهون اکر,english,English → Sindhi,o,انگريزي الفابيٽ جو پندرهون اکر,,SindhiLanguage.org,https://sindhilanguage.org/,Amar Fayaz Buriro (امر فياض ٻرڙو),Very short English headword
slx_39bc1399c7dbd4a9,55336,Oil cake,,,English → Sindhi,کڙ,english,English → Sindhi,oil cake,کڙ,,SindhiLanguage.org,https://sindhilanguage.org/,Amar Fayaz Buriro (امر فياض ٻرڙو),Very short definition
slx_7136d1b2e25ae377,55790,P,,,English → Sindhi,انگريزي الفابيٽ جو سورهون اکر,english,English → Sindhi,p,انگريزي الفابيٽ جو سورهون اکر,,SindhiLanguage.org,https://sindhilanguage.org/,Amar Fayaz Buriro (امر فياض ٻرڙو),Very short English headword
slx_e47a59b92a161e38,55897,Panicle,,,English → Sindhi,ول,english,English → Sindhi,panicle,ول,,SindhiLanguage.org,https://sindhilanguage.org/,Amar Fayaz Buriro (امر فياض ٻرڙو),Very short definition
slx_d64d249d8d148c83,57367,Q,,,English → Sindhi,انگريزي الفابيٽ جو سترهون اکر,english,English → Sindhi,q,انگريزي الفابيٽ جو سترهون اکر,,SindhiLanguage.org,https://sindhilanguage.org/,Amar Fayaz Buriro (امر فياض ٻرڙو),Very short English headword
slx_76d6ea30a5661cfc,57592,S,,,English → Sindhi,انگريزي الفابيٽ جو اوڻيهون اکر,english,English → Sindhi,s,انگريزي الفابيٽ جو اوڻيهون اکر,,SindhiLanguage.org,https://sindhilanguage.org/,Amar Fayaz Buriro (امر فياض ٻرڙو),Very short English headword
slx_ee211fb8735ae4a9,57788,R,,,English → Sindhi,انگريزي الفابيٽ جو ارڙهون اکر,english,English → Sindhi,r,انگريزي الفابيٽ جو ارڙهون اکر,,SindhiLanguage.org,https://sindhilanguage.org/,Amar Fayaz Buriro (امر فياض ٻرڙو),Very short English headword
slx_fc2a56ef7827cb1c,58445,(Land rent),,,English → Sindhi,ڍل,english,English → Sindhi,land rent,ڍل,,SindhiLanguage.org,https://sindhilanguage.org/,Amar Fayaz Buriro (امر فياض ٻرڙو),Very short definition
slx_123c1653aa83827e,59035,Sesame,,,English → Sindhi,تر,english,English → Sindhi,sesame,تر,,SindhiLanguage.org,https://sindhilanguage.org/,Amar Fayaz Buriro (امر فياض ٻرڙو),Very short definition
slx_469d013dc79139ec,59638,Sixty,,,English → Sindhi,سٺ,english,English → Sindhi,sixty,سٺ,,SindhiLanguage.org,https://sindhilanguage.org/,Amar Fayaz Buriro (امر فياض ٻرڙو),Very short definition
slx_6fa961ddca42f3e1,60898,T,,,English → Sindhi,انگريزي الفابيٽ جو ويهون اکر,english,English → Sindhi,t,انگريزي الفابيٽ جو ويهون اکر,,SindhiLanguage.org,https://sindhilanguage.org/,Amar Fayaz Buriro (امر فياض ٻرڙو),Very short English headword
slx_3fca23b13b124b8c,61201,Thick head,,,English → Sindhi,مڏ,english,English → Sindhi,thick head,مڏ,,SindhiLanguage.org,https://sindhilanguage.org/,Amar Fayaz Buriro (امر فياض ٻرڙو),Very short definition
slx_6e43d1ba458eaefe,61252,Threaten (v),,,English → Sindhi,ٽي,english,English → Sindhi,threaten v,ٽي,,SindhiLanguage.org,https://sindhilanguage.org/,Amar Fayaz Buriro (امر فياض ٻرڙو),Very short definition
slx_7c9296931f06cd7e,61809,Two,,,English → Sindhi,ٻه,english,English → Sindhi,two,ٻه,,SindhiLanguage.org,https://sindhilanguage.org/,Amar Fayaz Buriro (امر فياض ٻرڙو),Very short definition
slx_3da1196b436e60cc,61836,U,,,English → Sindhi,انگريزي الفابيٽ جو ايڪيهون اکر,english,English → Sindhi,u,انگريزي الفابيٽ جو ايڪيهون اکر,,SindhiLanguage.org,https://sindhilanguage.org/,Amar Fayaz Buriro (امر فياض ٻرڙو),Very short English headword
slx_d719faa5f61c1e6e,62487,V,,,English → Sindhi,انگريزي الفابيٽ جو ٻاويهون اکر,english,English → Sindhi,v,انگريزي الفابيٽ جو ٻاويهون اکر,,SindhiLanguage.org,https://sindhilanguage.org/,Amar Fayaz Buriro (امر فياض ٻرڙو),Very short English headword
slx_7f48ce46ee6929a1,62957,W,,,English → Sindhi,انگريزي الفابيٽ جو ٽيويهون اکر,english,English → Sindhi,w,انگريزي الفابيٽ جو ٽيويهون اکر,,SindhiLanguage.org,https://sindhilanguage.org/,Amar Fayaz Buriro (امر فياض ٻرڙو),Very short English headword
slx_56088689a149e863,63052,Was (p.t of be),,,English → Sindhi,هو,english,English → Sindhi,was p t of be,هو,,SindhiLanguage.org,https://sindhilanguage.org/,Amar Fayaz Buriro (امر فياض ٻرڙو),Very short definition
slx_e1518dcfa5c9f81d,63594,X,,,English → Sindhi,انگريزي الفابيٽ جو چوويهون اکر,english,English → Sindhi,x,انگريزي الفابيٽ جو چوويهون اکر,,SindhiLanguage.org,https://sindhilanguage.org/,Amar Fayaz Buriro (امر فياض ٻرڙو),Very short English headword
slx_f8db48b1aae9dd71,63595,X,,,English → Sindhi,مقدار، پر اسرارشيءِ، شراب جو طاقت جو نشان,english,English → Sindhi,x,مقدار پر اسرارشيء شراب جو طاقت جو نشان,,SindhiLanguage.org,https://sindhilanguage.org/,Amar Fayaz Buriro (امر فياض ٻرڙو),Very short English headword
slx_b82e2f171d794b21,63636,Y,,,English → Sindhi,انگريزي الفابيٽ جو پنجويهون اکر، دوشاخو رستو,english,English → Sindhi,y,انگريزي الفابيٽ جو پنجويهون اکر دوشاخو رستو,,SindhiLanguage.org,https://sindhilanguage.org/,Amar Fayaz Buriro (امر فياض ٻرڙو),Very short English headword
slx_e369efeeaf7e0272,63811,Z,,,English → Sindhi,انگريزي الفابيٽ جو ڇويهون اکر,english,English → Sindhi,z,انگريزي الفابيٽ جو ڇويهون اکر,,SindhiLanguage.org,https://sindhilanguage.org/,Amar Fayaz Buriro (امر فياض ٻرڙو),Very short English headword
