score,english,sindhi,english_definition,final_decision,final_reason,quality_decision,quality_reason,stage3_decision,stage3_reason
13,arriving,سَهيڙو,Arriving.,ACCEPT,Definition directly matches the English headword.,REVIEW,Definition is essentially the English headword.,REVIEW,Potentially valid dictionary entry; semantic/source verification recommended.
13,atlantic,اوقيانوس,Atlantic.,ACCEPT,Definition directly matches the English headword.,REVIEW,Definition is essentially the English headword.,REVIEW,Potentially valid dictionary entry; semantic/source verification recommended.
13,blanco,کَڙۇ,Blanco.,ACCEPT,Definition directly matches the English headword.,REVIEW,Definition is essentially the English headword.,REVIEW,Potentially valid dictionary entry; semantic/source verification recommended.
13,breaking,ٽوڙَڦوڙَ,Breaking.,ACCEPT,Definition directly matches the English headword.,REVIEW,Definition is essentially the English headword. English headword requires contextual/sense review.,REVIEW,Potentially valid dictionary entry; semantic/source verification recommended.
13,bullying,دَهْمانُ,Bullying.,ACCEPT,Definition directly matches the English headword.,REVIEW,Definition is essentially the English headword.,REVIEW,Potentially valid dictionary entry; semantic/source verification recommended.
13,butts,گوليِ مارِ,Butts.,ACCEPT,Definition directly matches the English headword.,REVIEW,Definition is essentially the English headword. English headword requires contextual/sense review.,REVIEW,Potentially valid dictionary entry; semantic/source verification recommended.
13,complaining,شڪايتيِ,Complaining.,ACCEPT,Definition directly matches the English headword.,REVIEW,Definition is essentially the English headword.,REVIEW,Potentially valid dictionary entry; semantic/source verification recommended.
13,compliments,آداب,Compliments.,ACCEPT,Definition directly matches the English headword.,REVIEW,Definition is essentially the English headword.,REVIEW,Potentially valid dictionary entry; semantic/source verification recommended.
13,congratulations,سُواڏائيِ,Congratulations.,ACCEPT,Definition directly matches the English headword.,REVIEW,Definition is essentially the English headword.,REVIEW,Potentially valid dictionary entry; semantic/source verification recommended.
13,convex,اُپيٽو,Convex.,ACCEPT,Definition directly matches the English headword.,REVIEW,Definition is essentially the English headword.,REVIEW,Potentially valid dictionary entry; semantic/source verification recommended.
13,convex,ماهيِ پُشْتِ,Convex.,ACCEPT,Definition directly matches the English headword.,REVIEW,Definition is essentially the English headword.,REVIEW,Potentially valid dictionary entry; semantic/source verification recommended.
13,cor,قُلْبانُ,Cor,ACCEPT,Definition directly matches the English headword.,REVIEW,Definition is essentially the English headword. Very short or abbreviation-like English entry. English headword requires contextual/sense review.,REVIEW,Potentially valid dictionary entry; semantic/source verification recommended.
13,coral,ڳُڻيٺيٍِ,Coral.,ACCEPT,Definition directly matches the English headword.,REVIEW,Definition is essentially the English headword.,REVIEW,Potentially valid dictionary entry; semantic/source verification recommended.
13,coral,مَرْجانِ,Coral.,ACCEPT,Definition directly matches the English headword.,REVIEW,Definition is essentially the English headword.,REVIEW,Potentially valid dictionary entry; semantic/source verification recommended.
13,crisp,کڙڪيدار,Crisp.,ACCEPT,Definition directly matches the English headword.,REVIEW,Definition is essentially the English headword.,REVIEW,Potentially valid dictionary entry; semantic/source verification recommended.
13,crooked,وِنگو,Crooked.,ACCEPT,Definition directly matches the English headword.,REVIEW,Definition is essentially the English headword.,REVIEW,Potentially valid dictionary entry; semantic/source verification recommended.
13,crooked,پۇڄا,Crooked.,ACCEPT,Definition directly matches the English headword.,REVIEW,Definition is essentially the English headword.,REVIEW,Potentially valid dictionary entry; semantic/source verification recommended.
13,curse,بددعا,Curse.,ACCEPT,Definition directly matches the English headword.,REVIEW,Definition is essentially the English headword.,REVIEW,Potentially valid dictionary entry; semantic/source verification recommended.
13,cursed,ڀِِيڻيِ ڀَِِڳَو,Cursed.,ACCEPT,Definition directly matches the English headword.,REVIEW,Definition is essentially the English headword.,REVIEW,Potentially valid dictionary entry; semantic/source verification recommended.
13,cursed,پِٽِڻيِ,Cursed.,ACCEPT,Definition directly matches the English headword.,REVIEW,Definition is essentially the English headword.,REVIEW,Potentially valid dictionary entry; semantic/source verification recommended.
13,cursed,لَعْنتي,Cursed.,ACCEPT,Definition directly matches the English headword.,REVIEW,Definition is essentially the English headword.,REVIEW,Potentially valid dictionary entry; semantic/source verification recommended.
13,curved,خمدار,Curved.,ACCEPT,Definition directly matches the English headword.,REVIEW,Definition is essentially the English headword.,REVIEW,Potentially valid dictionary entry; semantic/source verification recommended.
13,drinking,پِئَٹيِ,Drinking.,ACCEPT,Definition directly matches the English headword.,REVIEW,Definition is essentially the English headword.,REVIEW,Potentially valid dictionary entry; semantic/source verification recommended.
13,drinking,پيڄُ,Drinking.,ACCEPT,Definition directly matches the English headword.,REVIEW,Definition is essentially the English headword.,REVIEW,Potentially valid dictionary entry; semantic/source verification recommended.
13,ebony,آبنوُس,Ebony.,ACCEPT,Definition directly matches the English headword.,REVIEW,Definition is essentially the English headword.,REVIEW,Potentially valid dictionary entry; semantic/source verification recommended.
13,egypt,مِصْرُ,Egypt.,ACCEPT,Definition directly matches the English headword.,REVIEW,Definition is essentially the English headword.,REVIEW,Potentially valid dictionary entry; semantic/source verification recommended.
13,england,اِنگلستانُ,England.,ACCEPT,Definition directly matches the English headword.,REVIEW,Definition is essentially the English headword.,REVIEW,Potentially valid dictionary entry; semantic/source verification recommended.
13,equine,گهوڙيجو,Equine.,ACCEPT,Definition directly matches the English headword.,REVIEW,Definition is essentially the English headword.,REVIEW,Potentially valid dictionary entry; semantic/source verification recommended.
13,everywhere,جاءِبَجاءِ,Everywhere.,ACCEPT,Definition directly matches the English headword.,REVIEW,Definition is essentially the English headword.,REVIEW,Potentially valid dictionary entry; semantic/source verification recommended.
13,everywhere,هرجاءِ,Everywhere.,ACCEPT,Definition directly matches the English headword.,REVIEW,Definition is essentially the English headword.,REVIEW,Potentially valid dictionary entry; semantic/source verification recommended.
13,everywhere,هرگاه,Everywhere.,ACCEPT,Definition directly matches the English headword.,REVIEW,Definition is essentially the English headword.,REVIEW,Potentially valid dictionary entry; semantic/source verification recommended.
13,everywhere,هنڌين ماڳين,Everywhere.,ACCEPT,Definition directly matches the English headword.,REVIEW,Definition is essentially the English headword.,REVIEW,Potentially valid dictionary entry; semantic/source verification recommended.
13,everywhere,پاڙي پَنڌِ,Everywhere.,ACCEPT,Definition directly matches the English headword.,REVIEW,Definition is essentially the English headword.,REVIEW,Potentially valid dictionary entry; semantic/source verification recommended.
13,exactly,يَٿارَٿِ,Exactly.,ACCEPT,Definition directly matches the English headword.,REVIEW,Definition is essentially the English headword.,REVIEW,Potentially valid dictionary entry; semantic/source verification recommended.
13,fireworks,آتشبازي,Fireworks.,ACCEPT,Definition directly matches the English headword.,REVIEW,Definition is essentially the English headword.,REVIEW,Potentially valid dictionary entry; semantic/source verification recommended.
13,flaming,آتش بار,Flaming.,ACCEPT,Definition directly matches the English headword.,REVIEW,Definition is essentially the English headword. English headword requires contextual/sense review.,REVIEW,Potentially valid dictionary entry; semantic/source verification recommended.
13,forgiveness,بَخِشَ,Forgiveness.,ACCEPT,Definition directly matches the English headword.,REVIEW,Definition is essentially the English headword.,REVIEW,Potentially valid dictionary entry; semantic/source verification recommended.
13,giving,ڏئڻيِ,Giving.,ACCEPT,Definition directly matches the English headword.,REVIEW,Definition is essentially the English headword.,REVIEW,Potentially valid dictionary entry; semantic/source verification recommended.
13,giving,ڏيتيِ,Giving.,ACCEPT,Definition directly matches the English headword.,REVIEW,Definition is essentially the English headword.,REVIEW,Potentially valid dictionary entry; semantic/source verification recommended.
13,greater,اَڪِبَرُ,Greater.,ACCEPT,Definition directly matches the English headword.,REVIEW,Definition is essentially the English headword. English headword requires contextual/sense review.,REVIEW,Potentially valid dictionary entry; semantic/source verification recommended.
13,greece,يۇنانُ,Greece.,ACCEPT,Definition directly matches the English headword.,REVIEW,Definition is essentially the English headword.,REVIEW,Potentially valid dictionary entry; semantic/source verification recommended.
13,kissing,چُمڻيِ,Kissing.,ACCEPT,Definition directly matches the English headword.,REVIEW,Definition is essentially the English headword.,REVIEW,Potentially valid dictionary entry; semantic/source verification recommended.
13,licking,چَٽَ,Licking.,ACCEPT,Definition directly matches the English headword.,REVIEW,Definition is essentially the English headword.,REVIEW,Potentially valid dictionary entry; semantic/source verification recommended.
13,liter,پوشِ,liter,ACCEPT,Definition directly matches the English headword.,REVIEW,Definition is essentially the English headword. English headword requires contextual/sense review.,REVIEW,Potentially valid dictionary entry; semantic/source verification recommended.
13,nineteenth,اُوڻيِهون,Nineteenth.,ACCEPT,Definition directly matches the English headword.,REVIEW,Definition is essentially the English headword.,REVIEW,Potentially valid dictionary entry; semantic/source verification recommended.
13,nowadays,اَڄ,Nowadays.,ACCEPT,Definition directly matches the English headword.,REVIEW,Definition is essentially the English headword.,REVIEW,Potentially valid dictionary entry; semantic/source verification recommended.
13,parents,ماتا پِتا,Parents.,ACCEPT,Definition directly matches the English headword.,REVIEW,Definition is essentially the English headword.,REVIEW,Potentially valid dictionary entry; semantic/source verification recommended.
13,parents,والِدَيْنِ,Parents.,ACCEPT,Definition directly matches the English headword.,REVIEW,Definition is essentially the English headword.,REVIEW,Potentially valid dictionary entry; semantic/source verification recommended.
13,persia,اِيران,Persia.,ACCEPT,Definition directly matches the English headword.,REVIEW,Definition is essentially the English headword.,REVIEW,Potentially valid dictionary entry; semantic/source verification recommended.
13,preaching,وَعِظُ,Preaching.,ACCEPT,Definition directly matches the English headword.,REVIEW,Definition is essentially the English headword.,REVIEW,Potentially valid dictionary entry; semantic/source verification recommended.
13,preaching,وَعَظُ,Preaching.,ACCEPT,Definition directly matches the English headword.,REVIEW,Definition is essentially the English headword.,REVIEW,Potentially valid dictionary entry; semantic/source verification recommended.
13,preaching,پِرْچارُ,Preaching.,ACCEPT,Definition directly matches the English headword.,REVIEW,Definition is essentially the English headword.,REVIEW,Potentially valid dictionary entry; semantic/source verification recommended.
13,prophets,اَنْبِيا,Prophets.,ACCEPT,Definition directly matches the English headword.,REVIEW,Definition is essentially the English headword.,REVIEW,Potentially valid dictionary entry; semantic/source verification recommended.
13,proving,اِثباتي,Proving.,ACCEPT,Definition directly matches the English headword.,REVIEW,Definition is essentially the English headword.,REVIEW,Potentially valid dictionary entry; semantic/source verification recommended.
13,pulling,ساهَ,Pulling.,ACCEPT,Definition directly matches the English headword.,REVIEW,Definition is essentially the English headword. English headword requires contextual/sense review.,REVIEW,Potentially valid dictionary entry; semantic/source verification recommended.
13,remembered,يادِ,Remembered.,ACCEPT,Definition directly matches the English headword.,REVIEW,Definition is essentially the English headword. English headword requires contextual/sense review.,REVIEW,Potentially valid dictionary entry; semantic/source verification recommended.
13,risen,اُٿِياڪُ,Risen.,ACCEPT,Definition directly matches the English headword.,REVIEW,Definition is essentially the English headword. English headword requires contextual/sense review.,REVIEW,Potentially valid dictionary entry; semantic/source verification recommended.
13,ruined,زافُ,Ruined.,ACCEPT,Definition directly matches the English headword.,REVIEW,Definition is essentially the English headword. English headword requires contextual/sense review.,REVIEW,Potentially valid dictionary entry; semantic/source verification recommended.
13,savings,بَچَت,Savings.,ACCEPT,Definition directly matches the English headword.,REVIEW,Definition is essentially the English headword.,REVIEW,Potentially valid dictionary entry; semantic/source verification recommended.
13,savings,ڪَٽيِ,Savings.,ACCEPT,Definition directly matches the English headword.,REVIEW,Definition is essentially the English headword.,REVIEW,Potentially valid dictionary entry; semantic/source verification recommended.
13,secondly,ٻيوتہ,Secondly.,ACCEPT,Definition directly matches the English headword.,REVIEW,Definition is essentially the English headword.,REVIEW,Potentially valid dictionary entry; semantic/source verification recommended.
13,secretly,پَر۾,Secretly.,ACCEPT,Definition directly matches the English headword.,REVIEW,Definition is essentially the English headword.,REVIEW,Potentially valid dictionary entry; semantic/source verification recommended.
13,shaking,ڌُڏِ ڌُڏِ,Shaking.,ACCEPT,Definition directly matches the English headword.,REVIEW,Definition is essentially the English headword.,REVIEW,Potentially valid dictionary entry; semantic/source verification recommended.
13,shaking,لوڏَ,Shaking.,ACCEPT,Definition directly matches the English headword.,REVIEW,Definition is essentially the English headword.,REVIEW,Potentially valid dictionary entry; semantic/source verification recommended.
13,slaves,ٻانَهوثِ,Slaves.,ACCEPT,Definition directly matches the English headword.,REVIEW,Definition is essentially the English headword.,REVIEW,Potentially valid dictionary entry; semantic/source verification recommended.
13,sometimes,بعضي بعضي,Sometimes.,ACCEPT,Definition directly matches the English headword.,REVIEW,Definition is essentially the English headword.,REVIEW,Potentially valid dictionary entry; semantic/source verification recommended.
13,sometimes,گاهيِ گاهيِ,Sometimes.,ACCEPT,Definition directly matches the English headword.,REVIEW,Definition is essentially the English headword.,REVIEW,Potentially valid dictionary entry; semantic/source verification recommended.
13,sound,ڪَرَلُ,Sound.,ACCEPT,Definition directly matches the English headword.,REVIEW,Definition is essentially the English headword. English headword requires contextual/sense review.,REVIEW,Potentially valid dictionary entry; semantic/source verification recommended.
13,sound,ڪَڙْڪَڙِ,Sound.,ACCEPT,Definition directly matches the English headword.,REVIEW,Definition is essentially the English headword. English headword requires contextual/sense review.,REVIEW,Potentially valid dictionary entry; semantic/source verification recommended.
13,sounding,تانَگهہ,Sounding.,ACCEPT,Definition directly matches the English headword.,REVIEW,Definition is essentially the English headword.,REVIEW,Potentially valid dictionary entry; semantic/source verification recommended.
13,spinach,اِسفناج,Spinach.,ACCEPT,Definition directly matches the English headword.,REVIEW,Definition is essentially the English headword.,REVIEW,Potentially valid dictionary entry; semantic/source verification recommended.
13,still,توءِ,Still.,ACCEPT,Definition directly matches the English headword.,REVIEW,Definition is essentially the English headword. English headword requires contextual/sense review.,REVIEW,Potentially valid dictionary entry; semantic/source verification recommended.
13,storing,سَٿَ,Storing.,ACCEPT,Definition directly matches the English headword.,REVIEW,Definition is essentially the English headword. English headword requires contextual/sense review.,REVIEW,Potentially valid dictionary entry; semantic/source verification recommended.
13,successful,ڪرتارٿ,Successful.,ACCEPT,Definition directly matches the English headword.,REVIEW,Definition is essentially the English headword. English headword requires contextual/sense review.,REVIEW,Potentially valid dictionary entry; semantic/source verification recommended.
13,suitable,بابَ خو,Suitable.,ACCEPT,Definition directly matches the English headword.,REVIEW,Definition is essentially the English headword. English headword requires contextual/sense review.,REVIEW,Potentially valid dictionary entry; semantic/source verification recommended.
13,swallowing,ڳِهَڻِ,Swallowing.,ACCEPT,Definition directly matches the English headword.,REVIEW,Definition is essentially the English headword.,REVIEW,Potentially valid dictionary entry; semantic/source verification recommended.
13,swallowing,اُرِڪَ,Swallowing.,ACCEPT,Definition directly matches the English headword.,REVIEW,Definition is essentially the English headword.,REVIEW,Potentially valid dictionary entry; semantic/source verification recommended.
13,syria,شامُ,Syria.,ACCEPT,Definition directly matches the English headword.,REVIEW,Definition is essentially the English headword.,REVIEW,Potentially valid dictionary entry; semantic/source verification recommended.
13,tailed,پُڇِرُ,Tailed.,ACCEPT,Definition directly matches the English headword.,REVIEW,Definition is essentially the English headword. English headword requires contextual/sense review.,REVIEW,Potentially valid dictionary entry; semantic/source verification recommended.
13,talk,گويا,Talk.,ACCEPT,Definition directly matches the English headword.,REVIEW,Definition is essentially the English headword. English headword requires contextual/sense review.,REVIEW,Potentially valid dictionary entry; semantic/source verification recommended.
13,talk,سُرْجيِتُ,Talk,ACCEPT,Definition directly matches the English headword.,REVIEW,Definition is essentially the English headword. English headword requires contextual/sense review.,REVIEW,Potentially valid dictionary entry; semantic/source verification recommended.
13,theatrical,ناٽڪيِ,Theatrical.,ACCEPT,Definition directly matches the English headword.,REVIEW,Definition is essentially the English headword.,REVIEW,Potentially valid dictionary entry; semantic/source verification recommended.
13,thunder,رَعْدُ,Thunder.,ACCEPT,Definition directly matches the English headword.,REVIEW,Definition is essentially the English headword.,REVIEW,Potentially valid dictionary entry; semantic/source verification recommended.
13,tickling,ڪِتِڪوئيِ,Tickling.,ACCEPT,Definition directly matches the English headword.,REVIEW,Definition is essentially the English headword.,REVIEW,Potentially valid dictionary entry; semantic/source verification recommended.
13,tolerant,سهن سيل,Tolerant.,ACCEPT,Definition directly matches the English headword.,REVIEW,Definition is essentially the English headword.,REVIEW,Potentially valid dictionary entry; semantic/source verification recommended.
13,tomato,ٽَماٽو,Tomato.,ACCEPT,Definition directly matches the English headword.,REVIEW,Definition is essentially the English headword.,REVIEW,Potentially valid dictionary entry; semantic/source verification recommended.
13,tomorrow,فَرْدا,Tomorrow.,ACCEPT,Definition directly matches the English headword.,REVIEW,Definition is essentially the English headword.,REVIEW,Potentially valid dictionary entry; semantic/source verification recommended.
13,transferred,مُنْتَقِلُ,Transferred.,ACCEPT,Definition directly matches the English headword.,REVIEW,Definition is essentially the English headword. English headword requires contextual/sense review.,REVIEW,Potentially valid dictionary entry; semantic/source verification recommended.
13,travelling,اُجهاڳو,Travelling.,ACCEPT,Definition directly matches the English headword.,REVIEW,Definition is essentially the English headword.,REVIEW,Potentially valid dictionary entry; semantic/source verification recommended.
13,travelling,سفريِ,Travelling.,ACCEPT,Definition directly matches the English headword.,REVIEW,Definition is essentially the English headword.,REVIEW,Potentially valid dictionary entry; semantic/source verification recommended.
13,trees,وَڻاهُ,Trees.,ACCEPT,Definition directly matches the English headword.,REVIEW,Definition is essentially the English headword.,REVIEW,Potentially valid dictionary entry; semantic/source verification recommended.
13,trouble,تَنگَ,Trouble.,ACCEPT,Definition directly matches the English headword.,REVIEW,Definition is essentially the English headword. English headword requires contextual/sense review.,REVIEW,Potentially valid dictionary entry; semantic/source verification recommended.
13,twentieth,ويِهون,Twentieth.,ACCEPT,Definition directly matches the English headword.,REVIEW,Definition is essentially the English headword.,REVIEW,Potentially valid dictionary entry; semantic/source verification recommended.
13,vomiting,مُنهَن ڦُلَ,Vomiting.,ACCEPT,Definition directly matches the English headword.,REVIEW,Definition is essentially the English headword.,REVIEW,Potentially valid dictionary entry; semantic/source verification recommended.
13,vomiting,منهن کار,Vomiting.,ACCEPT,Definition directly matches the English headword.,REVIEW,Definition is essentially the English headword.,REVIEW,Potentially valid dictionary entry; semantic/source verification recommended.
13,wandering,ٽولاڪو,Wandering.,ACCEPT,Definition directly matches the English headword.,REVIEW,Definition is essentially the English headword.,REVIEW,Potentially valid dictionary entry; semantic/source verification recommended.
13,wandering,جهوتَ,Wandering.,ACCEPT,Definition directly matches the English headword.,REVIEW,Definition is essentially the English headword.,REVIEW,Potentially valid dictionary entry; semantic/source verification recommended.
13,watching,نگهبانيِ,Watching.,ACCEPT,Definition directly matches the English headword.,REVIEW,Definition is essentially the English headword. English headword requires contextual/sense review.,REVIEW,Potentially valid dictionary entry; semantic/source verification recommended.
13,weighing,جوکَہ,Weighing.,ACCEPT,Definition directly matches the English headword.,REVIEW,Definition is essentially the English headword.,REVIEW,Potentially valid dictionary entry; semantic/source verification recommended.
13,worry,گينداڙَ,Worry.,ACCEPT,Definition directly matches the English headword.,REVIEW,Definition is essentially the English headword.,REVIEW,Potentially valid dictionary entry; semantic/source verification recommended.
13,wrestling,ڪُشْتيِ,Wrestling.,ACCEPT,Definition directly matches the English headword.,REVIEW,Definition is essentially the English headword.,REVIEW,Potentially valid dictionary entry; semantic/source verification recommended.
13,wrestling,مَلَ,Wrestling.,ACCEPT,Definition directly matches the English headword.,REVIEW,Definition is essentially the English headword.,REVIEW,Potentially valid dictionary entry; semantic/source verification recommended.
8,brothers,اَخِوانَ,"Brothers) Brotherly, friendly.",ACCEPT,Candidate retained after final rule-based refinement.,REVIEW,Definition has unmatched closing parenthesis.,REVIEW,Definition appears structurally incomplete or truncated; requires source verification.
8,containing,ٻِمَڻو,Containing two maunds).,ACCEPT,Definition directly matches the English headword.,REVIEW,Definition has unmatched closing parenthesis.,REVIEW,Definition appears structurally incomplete or truncated; requires source verification.
8,hunting,شڪار گاه,Hunting ground).,ACCEPT,Definition directly matches the English headword.,REVIEW,Definition has unmatched closing parenthesis.,REVIEW,Definition appears structurally incomplete or truncated; requires source verification.
8,pulling,تَڻيِ,"Pulling: desire, longing.",ACCEPT,Candidate retained after final rule-based refinement.,REVIEW,English headword requires contextual/sense review.,REVIEW,Potentially valid dictionary entry; semantic/source verification recommended.
8,pulling,کِنچاتاڻَ,"Pulling, pressure.",ACCEPT,Definition directly matches the English headword.,REVIEW,English headword requires contextual/sense review.,REVIEW,Potentially valid dictionary entry; semantic/source verification recommended.
8,ruined,بَرِباد,"Ruined, destroyed, lost.",ACCEPT,Definition directly matches the English headword.,REVIEW,English headword requires contextual/sense review.,REVIEW,Potentially valid dictionary entry; semantic/source verification recommended.
8,ruined,ڀَثِڻِ,"Ruined, destroyed.",ACCEPT,Definition directly matches the English headword.,REVIEW,English headword requires contextual/sense review.,REVIEW,Potentially valid dictionary entry; semantic/source verification recommended.
8,ruined,تَباهُ,"Ruined, undone.",ACCEPT,Definition directly matches the English headword.,REVIEW,English headword requires contextual/sense review.,REVIEW,Potentially valid dictionary entry; semantic/source verification recommended.
8,sound,اَروﮖ,"Sound, healthy.",ACCEPT,Definition directly matches the English headword.,REVIEW,English headword requires contextual/sense review.,REVIEW,Potentially valid dictionary entry; semantic/source verification recommended.
8,sound,ڪَڙلاءُ,"Sound, voice.",ACCEPT,Definition directly matches the English headword.,REVIEW,English headword requires contextual/sense review.,REVIEW,Potentially valid dictionary entry; semantic/source verification recommended.
8,sound,کَڙاکَڙيِ,"Sound, strong.",ACCEPT,Definition directly matches the English headword.,REVIEW,English headword requires contextual/sense review.,REVIEW,Potentially valid dictionary entry; semantic/source verification recommended.
8,sound,آلابُ,"Sound, cry.",ACCEPT,Definition directly matches the English headword.,REVIEW,English headword requires contextual/sense review.,REVIEW,Potentially valid dictionary entry; semantic/source verification recommended.
8,successful,سَمُرادو,Successful. Amiable.,ACCEPT,Candidate retained after final rule-based refinement.,REVIEW,English headword requires contextual/sense review.,REVIEW,Potentially valid dictionary entry; semantic/source verification recommended.
8,talk,آلاءُ,"Talk, conversation.",ACCEPT,Definition directly matches the English headword.,REVIEW,English headword requires contextual/sense review.,REVIEW,Potentially valid dictionary entry; semantic/source verification recommended.
8,talk,چَوْپَچَؤ,"Talk, conversation.",ACCEPT,Definition directly matches the English headword.,REVIEW,English headword requires contextual/sense review.,REVIEW,Potentially valid dictionary entry; semantic/source verification recommended.
8,talk,گُفْتارُ,"Talk, chat.",ACCEPT,Definition directly matches the English headword.,REVIEW,English headword requires contextual/sense review.,REVIEW,Potentially valid dictionary entry; semantic/source verification recommended.
8,talk,ڳائووائو,"Talk, mention.",ACCEPT,Definition directly matches the English headword.,REVIEW,English headword requires contextual/sense review.,REVIEW,Potentially valid dictionary entry; semantic/source verification recommended.
8,trouble,اَهَنْجُ,"Trouble, inconvenience; pain.",ACCEPT,Definition directly matches the English headword.,REVIEW,English headword requires contextual/sense review.,REVIEW,Potentially valid dictionary entry; semantic/source verification recommended.
8,trouble,اِيذاءُ,"Trouble, nuisance; pain.",ACCEPT,Definition directly matches the English headword.,REVIEW,English headword requires contextual/sense review.,REVIEW,Potentially valid dictionary entry; semantic/source verification recommended.
8,trouble,تَصْديِعَ,"Trouble, difficulty.",ACCEPT,Definition directly matches the English headword.,REVIEW,English headword requires contextual/sense review.,REVIEW,Potentially valid dictionary entry; semantic/source verification recommended.
8,trouble,تَڪْلِيفَ,"Trouble, difficulty, hardship.",ACCEPT,Definition directly matches the English headword.,REVIEW,English headword requires contextual/sense review.,REVIEW,Potentially valid dictionary entry; semantic/source verification recommended.
8,trouble,جاکوڙَ,"Trouble, difficulty, vexation.",ACCEPT,Definition directly matches the English headword.,REVIEW,English headword requires contextual/sense review.,REVIEW,Potentially valid dictionary entry; semantic/source verification recommended.
8,trouble,سُتۇنُ,Trouble. Speech.,ACCEPT,Candidate retained after final rule-based refinement.,REVIEW,English headword requires contextual/sense review.,REVIEW,Potentially valid dictionary entry; semantic/source verification recommended.
8,trouble,ڪاڪاهو,"Trouble, pain, difficulty.",ACCEPT,Definition directly matches the English headword.,REVIEW,English headword requires contextual/sense review.,REVIEW,Potentially valid dictionary entry; semantic/source verification recommended.
8,trouble,لَنوَنديِ,"Trouble, bother (as",ACCEPT,Definition directly matches the English headword.,REVIEW,English headword requires contextual/sense review. Definition has unmatched opening parenthesis.,REVIEW,Definition appears structurally incomplete or truncated; requires source verification.
8,wandering,رمتو,Wandering(a faqir,ACCEPT,Candidate retained after final rule-based refinement.,REVIEW,Definition has unmatched opening parenthesis.,REVIEW,Definition appears structurally incomplete or truncated; requires source verification.
7,corpse,سِرِيهُ,"Corpse, dead body ( Shah",ACCEPT,Definition directly matches the English headword.,REVIEW,Definition has unmatched opening parenthesis.,REVIEW,Definition appears structurally incomplete or truncated; requires source verification.
7,having,بيٺل ڪاُر,Having power and position. (,ACCEPT,Definition directly matches the English headword.,REVIEW,Definition appears truncated. Definition has unmatched opening parenthesis.,REVIEW,Definition appears structurally incomplete or truncated; requires source verification.
7,killed,ڪُشْتَهَ,"Killed) Calcined metal, calx.",ACCEPT,Candidate retained after final rule-based refinement.,REVIEW,Definition has unmatched closing parenthesis.,REVIEW,Definition appears structurally incomplete or truncated; requires source verification.
7,liter,اُلَسْتُ,liter Am I not?) Eternity.,ACCEPT,Definition directly matches the English headword.,REVIEW,English headword requires contextual/sense review. Definition has unmatched closing parenthesis.,REVIEW,Definition appears structurally incomplete or truncated; requires source verification.
7,pulling,گوشِماليِ,Pulling the ears; chastisement; reproof.,ACCEPT,Definition directly matches the English headword.,REVIEW,English headword requires contextual/sense review.,REVIEW,Potentially valid dictionary entry; semantic/source verification recommended.
7,pulling,ڎاڙهئيِ پَٽَ,"Pulling of beards; quarrelling, scuffle.",ACCEPT,Definition directly matches the English headword.,REVIEW,English headword requires contextual/sense review.,REVIEW,Potentially valid dictionary entry; semantic/source verification recommended.
7,risen,آڪِرو,"Risen in price, dear; cross-dispositioned.",ACCEPT,Definition directly matches the English headword.,REVIEW,English headword requires contextual/sense review.,REVIEW,Potentially valid dictionary entry; semantic/source verification recommended.
7,sound,اَروﮘا ئيِ,"Sound health, freedom from sickness.",ACCEPT,Definition directly matches the English headword.,REVIEW,English headword requires contextual/sense review.,REVIEW,Potentially valid dictionary entry; semantic/source verification recommended.
7,sound,چَرْٻمِ,Sound made in eating.,ACCEPT,Definition directly matches the English headword.,REVIEW,English headword requires contextual/sense review.,REVIEW,Potentially valid dictionary entry; semantic/source verification recommended.
7,sound,سُمَتيِ,Sound sense or judgment.,ACCEPT,Definition directly matches the English headword.,REVIEW,English headword requires contextual/sense review.,REVIEW,Potentially valid dictionary entry; semantic/source verification recommended.
7,sound,صَدا,"Sound, voice, echo. Mendicant's cry.",ACCEPT,Definition directly matches the English headword.,REVIEW,English headword requires contextual/sense review.,REVIEW,Potentially valid dictionary entry; semantic/source verification recommended.
7,sound,گهِڻْگِهڻِ,"Sound of a bell, ding-dong.",ACCEPT,Definition directly matches the English headword.,REVIEW,English headword requires contextual/sense review.,REVIEW,Potentially valid dictionary entry; semantic/source verification recommended.
7,still,تِهائيِن,"Still more, the more.",ACCEPT,Definition directly matches the English headword.,REVIEW,English headword requires contextual/sense review.,REVIEW,Potentially valid dictionary entry; semantic/source verification recommended.
7,still,ڪُهائيِ,Still born (an infant).,ACCEPT,Definition directly matches the English headword.,REVIEW,English headword requires contextual/sense review.,REVIEW,Potentially valid dictionary entry; semantic/source verification recommended.
7,suitable,جوڳو,"Suitable, fit, proper, sufficient; liable.",ACCEPT,Definition directly matches the English headword.,REVIEW,English headword requires contextual/sense review.,REVIEW,Potentially valid dictionary entry; semantic/source verification recommended.
7,talk,چَرْچو,"Talk, report; joking, ridicule, jesting, raillery.",ACCEPT,Definition directly matches the English headword.,REVIEW,English headword requires contextual/sense review.,REVIEW,Potentially valid dictionary entry; semantic/source verification recommended.
7,talk,ڏندچرچا,"Talk of the town; gossip, scandal.",ACCEPT,Definition directly matches the English headword.,REVIEW,English headword requires contextual/sense review.,REVIEW,Potentially valid dictionary entry; semantic/source verification recommended.
7,talk,ڪن جۇن ڳالهيۇن,"Talk in whispers, private talk.",ACCEPT,Definition directly matches the English headword.,REVIEW,English headword requires contextual/sense review.,REVIEW,Potentially valid dictionary entry; semantic/source verification recommended.
7,talk,ڳالَهُ,"Talk, chat; abusive language.",ACCEPT,Definition directly matches the English headword.,REVIEW,English headword requires contextual/sense review.,REVIEW,Potentially valid dictionary entry; semantic/source verification recommended.
7,talk,ڳالهاءُ,"Talk, sound of speaking.",ACCEPT,Definition directly matches the English headword.,REVIEW,English headword requires contextual/sense review.,REVIEW,Potentially valid dictionary entry; semantic/source verification recommended.
7,talk,ڳالِهہ ٻولِهہ مُهارِ,"Talk, chit-chat, conversation; negotiations.",ACCEPT,Definition directly matches the English headword.,REVIEW,English headword requires contextual/sense review.,REVIEW,Potentially valid dictionary entry; semantic/source verification recommended.
7,till,تاسيِن,"Till then, so long ( corr of",ACCEPT,Definition directly matches the English headword.,REVIEW,Definition has unmatched opening parenthesis.,REVIEW,Definition appears structurally incomplete or truncated; requires source verification.
7,trouble,جَفا,"Trouble, hardship; molestation, injustice.",ACCEPT,Definition directly matches the English headword.,REVIEW,English headword requires contextual/sense review.,REVIEW,Potentially valid dictionary entry; semantic/source verification recommended.
7,trouble,جَنَجَلُ,"Trouble, difficulty, embarrassment, mess.",ACCEPT,Definition directly matches the English headword.,REVIEW,English headword requires contextual/sense review.,REVIEW,Potentially valid dictionary entry; semantic/source verification recommended.
7,trouble,دِقَتَ,"Trouble, annoyance; pain, ache.",ACCEPT,Definition directly matches the English headword.,REVIEW,English headword requires contextual/sense review.,REVIEW,Potentially valid dictionary entry; semantic/source verification recommended.
7,trouble,هڻ ڌڻ,"Trouble, bother. False weighing or. measuring.",ACCEPT,Definition directly matches the English headword.,REVIEW,English headword requires contextual/sense review.,REVIEW,Potentially valid dictionary entry; semantic/source verification recommended.
7,warriors,ڪوڎيا,Warriors fond of war. ( Shah,ACCEPT,Definition directly matches the English headword.,REVIEW,Definition has unmatched opening parenthesis.,REVIEW,Definition appears structurally incomplete or truncated; requires source verification.
7,watching,سنڀال,"Watching, taking care, guarding",ACCEPT,Definition directly matches the English headword.,REVIEW,English headword requires contextual/sense review.,REVIEW,Potentially valid dictionary entry; semantic/source verification recommended.
6,began,ڳالهائڻ لڳو,"Began to speak); to get aground (a boat); to rot, be spotted (fruit); to match with; to follow, to listen to, believe, rely on (what another says); to reach; to appertain; join. To strike (as a stone); to strike (the mind).",ACCEPT,Definition directly matches the English headword.,REVIEW,Definition has unmatched closing parenthesis.,REVIEW,Definition appears structurally incomplete or truncated; requires source verification.
6,breaking,ڀَڃُگَهڙِ,"Breaking up and remaking; adding and deducting; prudence, sense.",ACCEPT,Definition directly matches the English headword.,REVIEW,English headword requires contextual/sense review.,REVIEW,Potentially valid dictionary entry; semantic/source verification recommended.
6,falling,ٽَپِڪو,"Falling of ripened fruit (esp. mangoes), a windfall. ( e. g",ACCEPT,Definition directly matches the English headword.,REVIEW,Definition has unmatched opening parenthesis.,REVIEW,Definition appears structurally incomplete or truncated; requires source verification.
6,pulling,گهيچو,"Pulling and pushing backwards and forwards, or in and out, irregular oscillation, the uneasy motion or jolting of a camel, &c.",ACCEPT,Definition directly matches the English headword.,REVIEW,English headword requires contextual/sense review.,REVIEW,Potentially valid dictionary entry; semantic/source verification recommended.
6,risen,اُٿِيَلُ,"Risen; sore (an eye); heavy (sea); longing, yearning (the heart).",ACCEPT,Candidate retained after final rule-based refinement.,REVIEW,English headword requires contextual/sense review.,REVIEW,Potentially valid dictionary entry; semantic/source verification recommended.
6,sound,ٽيِن ٽيِن,Sound of a fart. Idle foolish chattering.,ACCEPT,Definition directly matches the English headword.,REVIEW,English headword requires contextual/sense review.,REVIEW,Potentially valid dictionary entry; semantic/source verification recommended.
6,still,هيڪاريِ,"Still, more, still greater, still less, still further. For good.",ACCEPT,Definition directly matches the English headword.,REVIEW,English headword requires contextual/sense review.,REVIEW,Potentially valid dictionary entry; semantic/source verification recommended.
6,stray,فِروعيِ,"Stray, and without owner (cattle, &c.) A fine taken from thieves for a theft committed. The word (from",ACCEPT,Definition directly matches the English headword.,REVIEW,Definition has unmatched opening parenthesis.,REVIEW,Definition appears structurally incomplete or truncated; requires source verification.
6,talk,آلاپُ,"Talk, conversation. A prelude to music, sweet strains.",ACCEPT,Definition directly matches the English headword.,REVIEW,English headword requires contextual/sense review.,REVIEW,Potentially valid dictionary entry; semantic/source verification recommended.
6,talk,پَچارَ,"Talk, speech; improper or unpleasing talk, irritating language.",ACCEPT,Definition directly matches the English headword.,REVIEW,English headword requires contextual/sense review.,REVIEW,Potentially valid dictionary entry; semantic/source verification recommended.
6,talk,ذِڪِرُ,"Talk, saying, mention, remembrance; reading of the Quran and reciting the praises and names of God.",ACCEPT,Definition directly matches the English headword.,REVIEW,English headword requires contextual/sense review.,REVIEW,Potentially valid dictionary entry; semantic/source verification recommended.
6,talk,ڳالهوڙ,"Talk without end, great prolixity of tongue; a serious affair.",ACCEPT,Definition directly matches the English headword.,REVIEW,English headword requires contextual/sense review.,REVIEW,Potentially valid dictionary entry; semantic/source verification recommended.
6,till,تيسيِنتوئِين,"Till then, so long, up to that time or place. ( corr of",ACCEPT,Definition directly matches the English headword.,REVIEW,Definition has unmatched opening parenthesis.,REVIEW,Definition appears structurally incomplete or truncated; requires source verification.
6,twist,وَرُ,"Twist, curve, bend, turn, circuit, coil curl, ringlet, winding. A boon, blessing, especially in the gift of a Brahmin or deity. ( com ) Quality or number of cloth. Circumvention, deceiving. A bridegroom or husband.",ACCEPT,Definition directly matches the English headword.,REVIEW,Definition contains dictionary abbreviation marker.,REVIEW,Potentially valid dictionary entry; semantic/source verification recommended.
6,worked,ڀَرتۇ,Worked with embroidery. (,ACCEPT,Definition directly matches the English headword.,REVIEW,Definition appears truncated. Definition has unmatched opening parenthesis.,REVIEW,Definition appears structurally incomplete or truncated; requires source verification.
4,breaking,اَنجاميِ ڪۇڙو,One breaking promises.,ACCEPT,Candidate retained after final rule-based refinement.,REVIEW,English headword requires contextual/sense review.,REVIEW,Potentially valid dictionary entry; semantic/source verification recommended.
4,breaking,ڊۇنڊۇن,"Farting, breaking wind.",ACCEPT,Candidate retained after final rule-based refinement.,REVIEW,English headword requires contextual/sense review.,REVIEW,Potentially valid dictionary entry; semantic/source verification recommended.
4,cards,تاشَ,Brocade). Playing cards.,ACCEPT,Candidate retained after final rule-based refinement.,REVIEW,Definition has unmatched closing parenthesis.,REVIEW,Definition appears structurally incomplete or truncated; requires source verification.
4,comp,ٽِنجَ,"Conceit, foppery. ( comp",ACCEPT,Candidate retained after final rule-based refinement.,REVIEW,Definition has unmatched opening parenthesis.,REVIEW,Definition appears structurally incomplete or truncated; requires source verification.
4,competence,دال روٽيِ,fig ) Moderate competence.,ACCEPT,Candidate retained after final rule-based refinement.,REVIEW,Definition has unmatched closing parenthesis.,REVIEW,Definition appears structurally incomplete or truncated; requires source verification.
4,cruel,بي رَحِمُ,"Merciless, cruel. (",ACCEPT,Candidate retained after final rule-based refinement.,REVIEW,Definition appears truncated. Definition has unmatched opening parenthesis.,REVIEW,Definition appears structurally incomplete or truncated; requires source verification.
4,educated,خواندو,"Lettered, educated, (as",ACCEPT,Candidate retained after final rule-based refinement.,REVIEW,Definition has unmatched opening parenthesis.,REVIEW,Definition appears structurally incomplete or truncated; requires source verification.
4,friends,شيرشڪر,fig ) Intimate friends.,ACCEPT,Candidate retained after final rule-based refinement.,REVIEW,Definition has unmatched closing parenthesis.,REVIEW,Definition appears structurally incomplete or truncated; requires source verification.
4,hindi,وانجِهہ,( Hindi,ACCEPT,Definition directly matches the English headword.,REVIEW,Definition has unmatched opening parenthesis.,REVIEW,Definition appears structurally incomplete or truncated; requires source verification.
4,hindi,ويچَڻُ,( Hindi,ACCEPT,Definition directly matches the English headword.,REVIEW,Definition has unmatched opening parenthesis.,REVIEW,Definition appears structurally incomplete or truncated; requires source verification.
4,hindu,ڀُڄَڻُ,(Hindu).,ACCEPT,Definition directly matches the English headword.,REVIEW,Definition is essentially the English headword.,REVIEW,Potentially valid dictionary entry; semantic/source verification recommended.
4,hindu,مَعْرِڪو,(Hindu).,ACCEPT,Definition directly matches the English headword.,REVIEW,Definition is essentially the English headword.,REVIEW,Potentially valid dictionary entry; semantic/source verification recommended.
4,jewelry,ڌَڙِ,( Jewelry ) Girdle. ( Weaving,ACCEPT,Candidate retained after final rule-based refinement.,REVIEW,Definition has unmatched opening parenthesis.,REVIEW,Definition appears structurally incomplete or truncated; requires source verification.
4,knowing,فارسيِ دان,Persian knowing). داناهُ، داناءُ,ACCEPT,Candidate retained after final rule-based refinement.,REVIEW,Definition has unmatched closing parenthesis.,REVIEW,Definition appears structurally incomplete or truncated; requires source verification.
4,pelican,ڦيڻاهيِ,A pelican (,ACCEPT,Candidate retained after final rule-based refinement.,REVIEW,Definition appears truncated. Definition has unmatched opening parenthesis.,REVIEW,Definition appears structurally incomplete or truncated; requires source verification.
4,playing,تاشَ,Brocade). Playing cards.,ACCEPT,Candidate retained after final rule-based refinement.,REVIEW,Definition has unmatched closing parenthesis.,REVIEW,Definition appears structurally incomplete or truncated; requires source verification.
4,rebound,اُٿڙ,A rebound. (,ACCEPT,Candidate retained after final rule-based refinement.,REVIEW,Definition appears truncated. Definition has unmatched opening parenthesis.,REVIEW,Definition appears structurally incomplete or truncated; requires source verification.
4,ruined,اُجڙ,"Desolate, ruined.",ACCEPT,Candidate retained after final rule-based refinement.,REVIEW,English headword requires contextual/sense review.,REVIEW,Potentially valid dictionary entry; semantic/source verification recommended.
4,ruined,چوڙ,"Destroyed, ruined, waste.",ACCEPT,Candidate retained after final rule-based refinement.,REVIEW,English headword requires contextual/sense review.,REVIEW,Potentially valid dictionary entry; semantic/source verification recommended.
4,ruined,خَرابَُ,"Bad, evil; ruined.",ACCEPT,Candidate retained after final rule-based refinement.,REVIEW,English headword requires contextual/sense review.,REVIEW,Potentially valid dictionary entry; semantic/source verification recommended.
4,sound,ڦَهَڪاءُ,A slapping sound.,ACCEPT,Candidate retained after final rule-based refinement.,REVIEW,English headword requires contextual/sense review.,REVIEW,Potentially valid dictionary entry; semantic/source verification recommended.
4,sound,جهانئيِ,"Noise, sound, voice.",ACCEPT,Candidate retained after final rule-based refinement.,REVIEW,English headword requires contextual/sense review.,REVIEW,Potentially valid dictionary entry; semantic/source verification recommended.
4,sound,چيِچاٽُ,A creaking sound.,ACCEPT,Candidate retained after final rule-based refinement.,REVIEW,English headword requires contextual/sense review.,REVIEW,Potentially valid dictionary entry; semantic/source verification recommended.
4,sound,چيِنگهاٽُ,A creaking sound.,ACCEPT,Candidate retained after final rule-based refinement.,REVIEW,English headword requires contextual/sense review.,REVIEW,Potentially valid dictionary entry; semantic/source verification recommended.
4,sound,کَڙْڪائڻ,"To knock, sound.",ACCEPT,Candidate retained after final rule-based refinement.,REVIEW,English headword requires contextual/sense review.,REVIEW,Potentially valid dictionary entry; semantic/source verification recommended.
4,sound,گُڙْڪو,A rumbling sound.,ACCEPT,Candidate retained after final rule-based refinement.,REVIEW,English headword requires contextual/sense review.,REVIEW,Potentially valid dictionary entry; semantic/source verification recommended.
4,sound,لَلْڪارَ,"Melody, sweet sound.",ACCEPT,Candidate retained after final rule-based refinement.,REVIEW,English headword requires contextual/sense review.,REVIEW,Potentially valid dictionary entry; semantic/source verification recommended.
4,sound,ٻِرْڪَ,A sound.,ACCEPT,Candidate retained after final rule-based refinement.,REVIEW,English headword requires contextual/sense review.,REVIEW,Potentially valid dictionary entry; semantic/source verification recommended.
4,sound,رِمِ جِهمِ,A pleasing sound.,ACCEPT,Candidate retained after final rule-based refinement.,REVIEW,English headword requires contextual/sense review.,REVIEW,Potentially valid dictionary entry; semantic/source verification recommended.
4,still,ڪَرْڻَڦُلُ,"A still, alembic.",ACCEPT,Candidate retained after final rule-based refinement.,REVIEW,English headword requires contextual/sense review.,REVIEW,Potentially valid dictionary entry; semantic/source verification recommended.
4,still,نِوائو,"Windless, calm, still.",ACCEPT,Candidate retained after final rule-based refinement.,REVIEW,English headword requires contextual/sense review.,REVIEW,Potentially valid dictionary entry; semantic/source verification recommended.
4,successful,سَڪاجُ,"Successful, complete, accomplished. One whose actions are good.",ACCEPT,Definition directly matches the English headword.,REVIEW,English headword requires contextual/sense review.,REVIEW,Potentially valid dictionary entry; semantic/source verification recommended.
4,suitable,جوڙائِتو,"or Suitable, suitably.",ACCEPT,Candidate retained after final rule-based refinement.,REVIEW,English headword requires contextual/sense review.,REVIEW,Potentially valid dictionary entry; semantic/source verification recommended.
4,talk,اورَڳُ,Kind friendly talk.,ACCEPT,Candidate retained after final rule-based refinement.,REVIEW,English headword requires contextual/sense review.,REVIEW,Potentially valid dictionary entry; semantic/source verification recommended.
4,talk,بحرڦاڙڻ,To talk tall.,ACCEPT,Candidate retained after final rule-based refinement.,REVIEW,English headword requires contextual/sense review.,REVIEW,Potentially valid dictionary entry; semantic/source verification recommended.
4,talk,بڪوادِ,"Prattle, foolish talk.",ACCEPT,Candidate retained after final rule-based refinement.,REVIEW,English headword requires contextual/sense review.,REVIEW,Potentially valid dictionary entry; semantic/source verification recommended.
4,talk,پَچارَڻُ,To talk about.,ACCEPT,Candidate retained after final rule-based refinement.,REVIEW,English headword requires contextual/sense review.,REVIEW,Potentially valid dictionary entry; semantic/source verification recommended.
4,talk,ڍيڪَ ڇَڎَڻُ,To talk nonsense.,ACCEPT,Candidate retained after final rule-based refinement.,REVIEW,English headword requires contextual/sense review.,REVIEW,Potentially valid dictionary entry; semantic/source verification recommended.
4,talk,گوياگفتار,"Conversation, talk.",ACCEPT,Candidate retained after final rule-based refinement.,REVIEW,English headword requires contextual/sense review.,REVIEW,Potentially valid dictionary entry; semantic/source verification recommended.
4,talk,مَقالُ,"Saying, talk, conversation.",ACCEPT,Candidate retained after final rule-based refinement.,REVIEW,English headword requires contextual/sense review.,REVIEW,Potentially valid dictionary entry; semantic/source verification recommended.
4,talk,واڪَڻُ,"To talk, converse.",ACCEPT,Candidate retained after final rule-based refinement.,REVIEW,English headword requires contextual/sense review.,REVIEW,Potentially valid dictionary entry; semantic/source verification recommended.
4,talk,واڻيِ,"Language, talk.",ACCEPT,Candidate retained after final rule-based refinement.,REVIEW,English headword requires contextual/sense review.,REVIEW,Potentially valid dictionary entry; semantic/source verification recommended.
4,talk,وِنڌاپَڻُ,"Chatter, talk nonsense.",ACCEPT,Candidate retained after final rule-based refinement.,REVIEW,English headword requires contextual/sense review.,REVIEW,Potentially valid dictionary entry; semantic/source verification recommended.
4,talk,اورَڳُہ,Kind friendly talk.,ACCEPT,Candidate retained after final rule-based refinement.,REVIEW,English headword requires contextual/sense review.,REVIEW,Potentially valid dictionary entry; semantic/source verification recommended.
4,thunder,گَجَڻُ,"To thunder, roar. (",ACCEPT,Candidate retained after final rule-based refinement.,REVIEW,Definition appears truncated. Definition has unmatched opening parenthesis.,REVIEW,Definition appears structurally incomplete or truncated; requires source verification.
4,transferred,بدلي ٿيڻ,To be transferred.,ACCEPT,Candidate retained after final rule-based refinement.,REVIEW,English headword requires contextual/sense review.,REVIEW,Potentially valid dictionary entry; semantic/source verification recommended.
4,trouble,اُچائڻ,"To trouble, annoy.",ACCEPT,Candidate retained after final rule-based refinement.,REVIEW,English headword requires contextual/sense review.,REVIEW,Potentially valid dictionary entry; semantic/source verification recommended.
4,trouble,اَڳلي کي هلاک ٿوکرين,You trouble one.,ACCEPT,Candidate retained after final rule-based refinement.,REVIEW,English headword requires contextual/sense review.,REVIEW,Potentially valid dictionary entry; semantic/source verification recommended.
4,trouble,جاڳَرُ,Demand. (?) Trouble. (?),ACCEPT,Candidate retained after final rule-based refinement.,REVIEW,English headword requires contextual/sense review.,REVIEW,Potentially valid dictionary entry; semantic/source verification recommended.
4,trouble,جُکَ,"Pain, sorrow, trouble.",ACCEPT,Candidate retained after final rule-based refinement.,REVIEW,English headword requires contextual/sense review.,REVIEW,Potentially valid dictionary entry; semantic/source verification recommended.
4,trouble,دق ڪرڻ,"To trouble, annoy.",ACCEPT,Candidate retained after final rule-based refinement.,REVIEW,English headword requires contextual/sense review.,REVIEW,Potentially valid dictionary entry; semantic/source verification recommended.
4,trouble,ڏانجهَہ,"Pain, trouble.",ACCEPT,Candidate retained after final rule-based refinement.,REVIEW,English headword requires contextual/sense review.,REVIEW,Potentially valid dictionary entry; semantic/source verification recommended.
4,trouble,ڪَهَڪُ,"Pain, distress, trouble.",ACCEPT,Candidate retained after final rule-based refinement.,REVIEW,English headword requires contextual/sense review.,REVIEW,Potentially valid dictionary entry; semantic/source verification recommended.
4,trouble,کاپارو,"Annoyance, trouble, botheration.",ACCEPT,Candidate retained after final rule-based refinement.,REVIEW,English headword requires contextual/sense review.,REVIEW,Potentially valid dictionary entry; semantic/source verification recommended.
4,trouble,مَشَقَّتِ,"Labour, trouble, difficulty.",ACCEPT,Candidate retained after final rule-based refinement.,REVIEW,English headword requires contextual/sense review.,REVIEW,Potentially valid dictionary entry; semantic/source verification recommended.
4,trouble,وِماسُ,"Anxiety, grief, trouble.",ACCEPT,Candidate retained after final rule-based refinement.,REVIEW,English headword requires contextual/sense review.,REVIEW,Potentially valid dictionary entry; semantic/source verification recommended.
4,trouble,وِياڪُلُ ڪرڻ,"To annoy, trouble.",ACCEPT,Candidate retained after final rule-based refinement.,REVIEW,English headword requires contextual/sense review.,REVIEW,Potentially valid dictionary entry; semantic/source verification recommended.
4,trouble,هَرْجُ,"Loss, detriment. Trouble.",ACCEPT,Candidate retained after final rule-based refinement.,REVIEW,English headword requires contextual/sense review.,REVIEW,Potentially valid dictionary entry; semantic/source verification recommended.
4,trouble,هلاکہ ڪرڻ,"To trouble, annoy.",ACCEPT,Candidate retained after final rule-based refinement.,REVIEW,English headword requires contextual/sense review.,REVIEW,Potentially valid dictionary entry; semantic/source verification recommended.
4,trouble,هَلاوَتَ,"Distress, annoyance, trouble.",ACCEPT,Candidate retained after final rule-based refinement.,REVIEW,English headword requires contextual/sense review.,REVIEW,Potentially valid dictionary entry; semantic/source verification recommended.
4,turn,گَرْدانَڻُ,To turn ( Shah,ACCEPT,Candidate retained after final rule-based refinement.,REVIEW,Definition has unmatched opening parenthesis.,REVIEW,Definition appears structurally incomplete or truncated; requires source verification.
4,turn,وارو,"Time, tour, turn. (",ACCEPT,Candidate retained after final rule-based refinement.,REVIEW,Definition appears truncated. Definition has unmatched opening parenthesis.,REVIEW,Definition appears structurally incomplete or truncated; requires source verification.
4,watching,جاڳَرْتِ,"Waking, watching, vigilance.",ACCEPT,Candidate retained after final rule-based refinement.,REVIEW,English headword requires contextual/sense review.,REVIEW,Potentially valid dictionary entry; semantic/source verification recommended.
4,watching,سَهيڙَ,"Carefulness, watching, vigilance.",ACCEPT,Candidate retained after final rule-based refinement.,REVIEW,English headword requires contextual/sense review.,REVIEW,Potentially valid dictionary entry; semantic/source verification recommended.
4,weaving,ڌَڙِ,( Jewelry ) Girdle. ( Weaving,ACCEPT,Candidate retained after final rule-based refinement.,REVIEW,Definition has unmatched opening parenthesis.,REVIEW,Definition appears structurally incomplete or truncated; requires source verification.
4,worlds,تِرْلوڪ,The three worlds (,ACCEPT,Candidate retained after final rule-based refinement.,REVIEW,Definition appears truncated. Definition has unmatched opening parenthesis.,REVIEW,Definition appears structurally incomplete or truncated; requires source verification.
