english,sindhi,english_definition,source_stage
arriving,سَهيڙو,Arriving.,stage4
atlantic,اوقيانوس,Atlantic.,stage4
blanco,کَڙۇ,Blanco.,stage4
breaking,ٽوڙَڦوڙَ,Breaking.,stage4
bullying,دَهْمانُ,Bullying.,stage4
butts,گوليِ مارِ,Butts.,stage4
complaining,شڪايتيِ,Complaining.,stage4
compliments,آداب,Compliments.,stage4
congratulations,سُواڏائيِ,Congratulations.,stage4
convex,اُپيٽو,Convex.,stage4
convex,ماهيِ پُشْتِ,Convex.,stage4
coral,ڳُڻيٺيٍِ,Coral.,stage4
coral,مَرْجانِ,Coral.,stage4
crisp,کڙڪيدار,Crisp.,stage4
crooked,وِنگو,Crooked.,stage4
crooked,پۇڄا,Crooked.,stage4
curse,بددعا,Curse.,stage4
cursed,ڀِِيڻيِ ڀَِِڳَو,Cursed.,stage4
cursed,پِٽِڻيِ,Cursed.,stage4
cursed,لَعْنتي,Cursed.,stage4
curved,خمدار,Curved.,stage4
drinking,پِئَٹيِ,Drinking.,stage4
drinking,پيڄُ,Drinking.,stage4
ebony,آبنوُس,Ebony.,stage4
egypt,مِصْرُ,Egypt.,stage4
england,اِنگلستانُ,England.,stage4
equine,گهوڙيجو,Equine.,stage4
everywhere,جاءِبَجاءِ,Everywhere.,stage4
everywhere,هرجاءِ,Everywhere.,stage4
everywhere,هرگاه,Everywhere.,stage4
everywhere,هنڌين ماڳين,Everywhere.,stage4
everywhere,پاڙي پَنڌِ,Everywhere.,stage4
exactly,يَٿارَٿِ,Exactly.,stage4
fireworks,آتشبازي,Fireworks.,stage4
flaming,آتش بار,Flaming.,stage4
forgiveness,بَخِشَ,Forgiveness.,stage4
giving,ڏئڻيِ,Giving.,stage4
giving,ڏيتيِ,Giving.,stage4
greater,اَڪِبَرُ,Greater.,stage4
greece,يۇنانُ,Greece.,stage4
kissing,چُمڻيِ,Kissing.,stage4
licking,چَٽَ,Licking.,stage4
liter,پوشِ,liter,stage4
nineteenth,اُوڻيِهون,Nineteenth.,stage4
nowadays,اَڄ,Nowadays.,stage4
parents,ماتا پِتا,Parents.,stage4
parents,والِدَيْنِ,Parents.,stage4
persia,اِيران,Persia.,stage4
preaching,وَعِظُ,Preaching.,stage4
preaching,وَعَظُ,Preaching.,stage4
preaching,پِرْچارُ,Preaching.,stage4
prophets,اَنْبِيا,Prophets.,stage4
proving,اِثباتي,Proving.,stage4
pulling,ساهَ,Pulling.,stage4
remembered,يادِ,Remembered.,stage4
risen,اُٿِياڪُ,Risen.,stage4
ruined,زافُ,Ruined.,stage4
savings,بَچَت,Savings.,stage4
savings,ڪَٽيِ,Savings.,stage4
secondly,ٻيوتہ,Secondly.,stage4
secretly,پَر۾,Secretly.,stage4
shaking,ڌُڏِ ڌُڏِ,Shaking.,stage4
shaking,لوڏَ,Shaking.,stage4
slaves,ٻانَهوثِ,Slaves.,stage4
sometimes,بعضي بعضي,Sometimes.,stage4
sometimes,گاهيِ گاهيِ,Sometimes.,stage4
sound,ڪَرَلُ,Sound.,stage4
sound,ڪَڙْڪَڙِ,Sound.,stage4
sounding,تانَگهہ,Sounding.,stage4
spinach,اِسفناج,Spinach.,stage4
still,توءِ,Still.,stage4
storing,سَٿَ,Storing.,stage4
successful,ڪرتارٿ,Successful.,stage4
suitable,بابَ خو,Suitable.,stage4
swallowing,ڳِهَڻِ,Swallowing.,stage4
swallowing,اُرِڪَ,Swallowing.,stage4
syria,شامُ,Syria.,stage4
tailed,پُڇِرُ,Tailed.,stage4
talk,گويا,Talk.,stage4
talk,سُرْجيِتُ,Talk,stage4
theatrical,ناٽڪيِ,Theatrical.,stage4
thunder,رَعْدُ,Thunder.,stage4
tickling,ڪِتِڪوئيِ,Tickling.,stage4
tolerant,سهن سيل,Tolerant.,stage4
tomato,ٽَماٽو,Tomato.,stage4
tomorrow,فَرْدا,Tomorrow.,stage4
transferred,مُنْتَقِلُ,Transferred.,stage4
travelling,اُجهاڳو,Travelling.,stage4
travelling,سفريِ,Travelling.,stage4
trees,وَڻاهُ,Trees.,stage4
trouble,تَنگَ,Trouble.,stage4
twentieth,ويِهون,Twentieth.,stage4
vomiting,مُنهَن ڦُلَ,Vomiting.,stage4
vomiting,منهن کار,Vomiting.,stage4
wandering,ٽولاڪو,Wandering.,stage4
wandering,جهوتَ,Wandering.,stage4
watching,نگهبانيِ,Watching.,stage4
weighing,جوکَہ,Weighing.,stage4
worry,گينداڙَ,Worry.,stage4
wrestling,ڪُشْتيِ,Wrestling.,stage4
wrestling,مَلَ,Wrestling.,stage4
pulling,کِنچاتاڻَ,"Pulling, pressure.",stage4
ruined,بَرِباد,"Ruined, destroyed, lost.",stage4
ruined,ڀَثِڻِ,"Ruined, destroyed.",stage4
ruined,تَباهُ,"Ruined, undone.",stage4
sound,اَروﮖ,"Sound, healthy.",stage4
sound,ڪَڙلاءُ,"Sound, voice.",stage4
sound,کَڙاکَڙيِ,"Sound, strong.",stage4
sound,آلابُ,"Sound, cry.",stage4
successful,سَمُرادو,Successful. Amiable.,stage4
talk,آلاءُ,"Talk, conversation.",stage4
talk,چَوْپَچَؤ,"Talk, conversation.",stage4
talk,گُفْتارُ,"Talk, chat.",stage4
talk,ڳائووائو,"Talk, mention.",stage4
trouble,اَهَنْجُ,"Trouble, inconvenience; pain.",stage4
trouble,اِيذاءُ,"Trouble, nuisance; pain.",stage4
trouble,تَصْديِعَ,"Trouble, difficulty.",stage4
trouble,تَڪْلِيفَ,"Trouble, difficulty, hardship.",stage4
trouble,جاکوڙَ,"Trouble, difficulty, vexation.",stage4
trouble,سُتۇنُ,Trouble. Speech.,stage4
trouble,ڪاڪاهو,"Trouble, pain, difficulty.",stage4
pulling,گوشِماليِ,Pulling the ears; chastisement; reproof.,stage4
pulling,ڎاڙهئيِ پَٽَ,"Pulling of beards; quarrelling, scuffle.",stage4
risen,آڪِرو,"Risen in price, dear; cross-dispositioned.",stage4
sound,اَروﮘا ئيِ,"Sound health, freedom from sickness.",stage4
sound,چَرْٻمِ,Sound made in eating.,stage4
sound,سُمَتيِ,Sound sense or judgment.,stage4
sound,صَدا,"Sound, voice, echo. Mendicant's cry.",stage4
sound,گهِڻْگِهڻِ,"Sound of a bell, ding-dong.",stage4
still,تِهائيِن,"Still more, the more.",stage4
still,ڪُهائيِ,Still born (an infant).,stage4
suitable,جوڳو,"Suitable, fit, proper, sufficient; liable.",stage4
talk,چَرْچو,"Talk, report; joking, ridicule, jesting, raillery.",stage4
talk,ڏندچرچا,"Talk of the town; gossip, scandal.",stage4
talk,ڪن جۇن ڳالهيۇن,"Talk in whispers, private talk.",stage4
talk,ڳالَهُ,"Talk, chat; abusive language.",stage4
talk,ڳالهاءُ,"Talk, sound of speaking.",stage4
talk,ڳالِهہ ٻولِهہ مُهارِ,"Talk, chit-chat, conversation; negotiations.",stage4
trouble,جَفا,"Trouble, hardship; molestation, injustice.",stage4
trouble,جَنَجَلُ,"Trouble, difficulty, embarrassment, mess.",stage4
trouble,دِقَتَ,"Trouble, annoyance; pain, ache.",stage4
trouble,هڻ ڌڻ,"Trouble, bother. False weighing or. measuring.",stage4
watching,سنڀال,"Watching, taking care, guarding",stage4
breaking,ڀَڃُگَهڙِ,"Breaking up and remaking; adding and deducting; prudence, sense.",stage4
pulling,گهيچو,"Pulling and pushing backwards and forwards, or in and out, irregular oscillation, the uneasy motion or jolting of a camel, &c.",stage4
sound,ٽيِن ٽيِن,Sound of a fart. Idle foolish chattering.,stage4
still,هيڪاريِ,"Still, more, still greater, still less, still further. For good.",stage4
talk,آلاپُ,"Talk, conversation. A prelude to music, sweet strains.",stage4
talk,پَچارَ,"Talk, speech; improper or unpleasing talk, irritating language.",stage4
talk,ذِڪِرُ,"Talk, saying, mention, remembrance; reading of the Quran and reciting the praises and names of God.",stage4
talk,ڳالهوڙ,"Talk without end, great prolixity of tongue; a serious affair.",stage4
twist,وَرُ,"Twist, curve, bend, turn, circuit, coil curl, ringlet, winding. A boon, blessing, especially in the gift of a Brahmin or deity. ( com ) Quality or number of cloth. Circumvention, deceiving. A bridegroom or husband.",stage4
hindu,ڀُڄَڻُ,(Hindu).,stage4
hindu,مَعْرِڪو,(Hindu).,stage4
successful,سَڪاجُ,"Successful, complete, accomplished. One whose actions are good.",stage4
pulling,تَڻيِ,"Pulling: desire, longing.",stage5
risen,اُٿِيَلُ,"Risen; sore (an eye); heavy (sea); longing, yearning (the heart).",stage5
breaking,اَنجاميِ ڪۇڙو,One breaking promises.,stage5
breaking,ڊۇنڊۇن,"Farting, breaking wind.",stage5
ruined,اُجڙ,"Desolate, ruined.",stage5
ruined,چوڙ,"Destroyed, ruined, waste.",stage5
ruined,خَرابَُ,"Bad, evil; ruined.",stage5
sound,ڦَهَڪاءُ,A slapping sound.,stage5
sound,جهانئيِ,"Noise, sound, voice.",stage5
sound,چيِچاٽُ,A creaking sound.,stage5
sound,چيِنگهاٽُ,A creaking sound.,stage5
sound,کَڙْڪائڻ,"To knock, sound.",stage5
sound,گُڙْڪو,A rumbling sound.,stage5
sound,لَلْڪارَ,"Melody, sweet sound.",stage5
sound,ٻِرْڪَ,A sound.,stage5
sound,رِمِ جِهمِ,A pleasing sound.,stage5
still,ڪَرْڻَڦُلُ,"A still, alembic.",stage5
still,نِوائو,"Windless, calm, still.",stage5
suitable,جوڙائِتو,"or Suitable, suitably.",stage5
talk,اورَڳُ,Kind friendly talk.,stage5
talk,بحرڦاڙڻ,To talk tall.,stage5
talk,بڪوادِ,"Prattle, foolish talk.",stage5
talk,پَچارَڻُ,To talk about.,stage5
talk,ڍيڪَ ڇَڎَڻُ,To talk nonsense.,stage5
talk,گوياگفتار,"Conversation, talk.",stage5
talk,مَقالُ,"Saying, talk, conversation.",stage5
talk,واڪَڻُ,"To talk, converse.",stage5
talk,واڻيِ,"Language, talk.",stage5
talk,وِنڌاپَڻُ,"Chatter, talk nonsense.",stage5
talk,اورَڳُہ,Kind friendly talk.,stage5
transferred,بدلي ٿيڻ,To be transferred.,stage5
trouble,اُچائڻ,"To trouble, annoy.",stage5
trouble,اَڳلي کي هلاک ٿوکرين,You trouble one.,stage5
trouble,جاڳَرُ,Demand. (?) Trouble. (?),stage5
trouble,جُکَ,"Pain, sorrow, trouble.",stage5
trouble,دق ڪرڻ,"To trouble, annoy.",stage5
trouble,ڏانجهَہ,"Pain, trouble.",stage5
trouble,ڪَهَڪُ,"Pain, distress, trouble.",stage5
trouble,کاپارو,"Annoyance, trouble, botheration.",stage5
trouble,مَشَقَّتِ,"Labour, trouble, difficulty.",stage5
trouble,وِماسُ,"Anxiety, grief, trouble.",stage5
trouble,وِياڪُلُ ڪرڻ,"To annoy, trouble.",stage5
trouble,هَرْجُ,"Loss, detriment. Trouble.",stage5
trouble,هلاکہ ڪرڻ,"To trouble, annoy.",stage5
trouble,هَلاوَتَ,"Distress, annoyance, trouble.",stage5
watching,جاڳَرْتِ,"Waking, watching, vigilance.",stage5
watching,سَهيڙَ,"Carefulness, watching, vigilance.",stage5
