row,english,sindhi,english_definition,semantic_status,semantic_reason,stage8_status,stage8_reason,stage8b_decision,stage8b_reason
4,breaking,ٽوڙَڦوڙَ,Breaking.,REVIEW,Context-sensitive English headword,REVIEW,Context-sensitive English headword; retain pending source/sense verification.,KEEP,Semantic review completed; definition provides a plausible sense of the English headword.
54,pulling,ساهَ,Pulling.,REVIEW,Context-sensitive English headword,REVIEW,Context-sensitive English headword; retain pending source/sense verification.,KEEP,Semantic review completed; definition provides a plausible sense of the English headword.
56,risen,اُٿِياڪُ,Risen.,REVIEW,Context-sensitive English headword,REVIEW,Context-sensitive English headword; retain pending source/sense verification.,KEEP,Semantic review completed; definition provides a plausible sense of the English headword.
57,ruined,زافُ,Ruined.,REVIEW,Context-sensitive English headword,REVIEW,Context-sensitive English headword; retain pending source/sense verification.,KEEP,Semantic review completed; definition provides a plausible sense of the English headword.
67,sound,ڪَرَلُ,Sound.,REVIEW,Context-sensitive English headword,REVIEW,Context-sensitive English headword; retain pending source/sense verification.,KEEP,Semantic review completed; definition provides a plausible sense of the English headword.
68,sound,ڪَڙْڪَڙِ,Sound.,REVIEW,Context-sensitive English headword,REVIEW,Context-sensitive English headword; retain pending source/sense verification.,KEEP,Semantic review completed; definition provides a plausible sense of the English headword.
71,still,توءِ,Still.,REVIEW,Context-sensitive English headword,REVIEW,Context-sensitive English headword; retain pending source/sense verification.,KEEP,Semantic review completed; definition provides a plausible sense of the English headword.
73,successful,ڪرتارٿ,Successful.,REVIEW,Context-sensitive English headword,REVIEW,Context-sensitive English headword; retain pending source/sense verification.,KEEP,Semantic review completed; definition provides a plausible sense of the English headword.
74,suitable,بابَ خو,Suitable.,REVIEW,Context-sensitive English headword,REVIEW,Context-sensitive English headword; retain pending source/sense verification.,KEEP,Semantic review completed; definition provides a plausible sense of the English headword.
79,talk,گويا,Talk.,REVIEW,Context-sensitive English headword,REVIEW,Context-sensitive English headword; retain pending source/sense verification.,KEEP,Semantic review completed; definition provides a plausible sense of the English headword.
80,talk,سُرْجيِتُ,Talk,REVIEW,Context-sensitive English headword,REVIEW,Context-sensitive English headword; retain pending source/sense verification.,KEEP,Semantic review completed; definition provides a plausible sense of the English headword.
91,trouble,تَنگَ,Trouble.,REVIEW,Context-sensitive English headword,REVIEW,Context-sensitive English headword; retain pending source/sense verification.,KEEP,Semantic review completed; definition provides a plausible sense of the English headword.
95,wandering,ٽولاڪو,Wandering.,REVIEW,Context-sensitive English headword,REVIEW,Context-sensitive English headword; retain pending source/sense verification.,KEEP,Semantic review completed; definition provides a plausible sense of the English headword.
96,wandering,جهوتَ,Wandering.,REVIEW,Context-sensitive English headword,REVIEW,Context-sensitive English headword; retain pending source/sense verification.,KEEP,Semantic review completed; definition provides a plausible sense of the English headword.
97,watching,نگهبانيِ,Watching.,REVIEW,Context-sensitive English headword,REVIEW,Context-sensitive English headword; retain pending source/sense verification.,KEEP,Semantic review completed; definition provides a plausible sense of the English headword.
102,pulling,کِنچاتاڻَ,"Pulling, pressure.",REVIEW,Context-sensitive English headword,REVIEW,Context-sensitive English headword; retain pending source/sense verification.,KEEP,Semantic review completed; definition provides a plausible sense of the English headword.
103,ruined,بَرِباد,"Ruined, destroyed, lost.",REVIEW,Context-sensitive English headword,REVIEW,Context-sensitive English headword; retain pending source/sense verification.,KEEP,Semantic review completed; definition provides a plausible sense of the English headword.
104,ruined,ڀَثِڻِ,"Ruined, destroyed.",REVIEW,Context-sensitive English headword,REVIEW,Context-sensitive English headword; retain pending source/sense verification.,KEEP,Semantic review completed; definition provides a plausible sense of the English headword.
105,ruined,تَباهُ,"Ruined, undone.",REVIEW,Context-sensitive English headword,REVIEW,Context-sensitive English headword; retain pending source/sense verification.,KEEP,Semantic review completed; definition provides a plausible sense of the English headword.
106,sound,اَروﮖ,"Sound, healthy.",REVIEW,Context-sensitive English headword,REVIEW,Context-sensitive English headword; retain pending source/sense verification.,KEEP,Semantic review completed; definition provides a plausible sense of the English headword.
107,sound,ڪَڙلاءُ,"Sound, voice.",REVIEW,Context-sensitive English headword,REVIEW,Context-sensitive English headword; retain pending source/sense verification.,KEEP,Semantic review completed; definition provides a plausible sense of the English headword.
108,sound,کَڙاکَڙيِ,"Sound, strong.",REVIEW,Context-sensitive English headword,REVIEW,Context-sensitive English headword; retain pending source/sense verification.,KEEP,Semantic review completed; definition provides a plausible sense of the English headword.
109,sound,آلابُ,"Sound, cry.",REVIEW,Context-sensitive English headword,REVIEW,Context-sensitive English headword; retain pending source/sense verification.,KEEP,Semantic review completed; definition provides a plausible sense of the English headword.
110,successful,سَمُرادو,Successful. Amiable.,REVIEW,Context-sensitive English headword,REVIEW,Context-sensitive English headword; retain pending source/sense verification.,KEEP,Semantic review completed; definition provides a plausible sense of the English headword.
111,talk,آلاءُ,"Talk, conversation.",REVIEW,Context-sensitive English headword,REVIEW,Context-sensitive English headword; retain pending source/sense verification.,KEEP,Semantic review completed; definition provides a plausible sense of the English headword.
112,talk,چَوْپَچَؤ,"Talk, conversation.",REVIEW,Context-sensitive English headword,REVIEW,Context-sensitive English headword; retain pending source/sense verification.,KEEP,Semantic review completed; definition provides a plausible sense of the English headword.
113,talk,گُفْتارُ,"Talk, chat.",REVIEW,Context-sensitive English headword,REVIEW,Context-sensitive English headword; retain pending source/sense verification.,KEEP,Semantic review completed; definition provides a plausible sense of the English headword.
114,talk,ڳائووائو,"Talk, mention.",REVIEW,Context-sensitive English headword,REVIEW,Context-sensitive English headword; retain pending source/sense verification.,KEEP,Semantic review completed; definition provides a plausible sense of the English headword.
115,trouble,اَهَنْجُ,"Trouble, inconvenience; pain.",REVIEW,Context-sensitive English headword,REVIEW,Context-sensitive English headword; retain pending source/sense verification.,KEEP,Semantic review completed; definition provides a plausible sense of the English headword.
116,trouble,اِيذاءُ,"Trouble, nuisance; pain.",REVIEW,Context-sensitive English headword,REVIEW,Context-sensitive English headword; retain pending source/sense verification.,KEEP,Semantic review completed; definition provides a plausible sense of the English headword.
117,trouble,تَصْديِعَ,"Trouble, difficulty.",REVIEW,Context-sensitive English headword,REVIEW,Context-sensitive English headword; retain pending source/sense verification.,KEEP,Semantic review completed; definition provides a plausible sense of the English headword.
118,trouble,تَڪْلِيفَ,"Trouble, difficulty, hardship.",REVIEW,Context-sensitive English headword,REVIEW,Context-sensitive English headword; retain pending source/sense verification.,KEEP,Semantic review completed; definition provides a plausible sense of the English headword.
119,trouble,جاکوڙَ,"Trouble, difficulty, vexation.",REVIEW,Context-sensitive English headword,REVIEW,Context-sensitive English headword; retain pending source/sense verification.,KEEP,Semantic review completed; definition provides a plausible sense of the English headword.
120,trouble,سُتۇنُ,Trouble. Speech.,REVIEW,Context-sensitive English headword,REVIEW,Context-sensitive English headword; retain pending source/sense verification.,KEEP,Semantic review completed; definition provides a plausible sense of the English headword.
121,trouble,ڪاڪاهو,"Trouble, pain, difficulty.",REVIEW,Context-sensitive English headword,REVIEW,Context-sensitive English headword; retain pending source/sense verification.,KEEP,Semantic review completed; definition provides a plausible sense of the English headword.
122,pulling,گوشِماليِ,Pulling the ears; chastisement; reproof.,REVIEW,Context-sensitive English headword,REVIEW,Context-sensitive English headword; retain pending source/sense verification.,KEEP,Semantic review completed; definition provides a plausible sense of the English headword.
123,pulling,ڎاڙهئيِ پَٽَ,"Pulling of beards; quarrelling, scuffle.",REVIEW,Context-sensitive English headword,REVIEW,Context-sensitive English headword; retain pending source/sense verification.,KEEP,Semantic review completed; definition provides a plausible sense of the English headword.
124,risen,آڪِرو,"Risen in price, dear; cross-dispositioned.",REVIEW,Context-sensitive English headword,REVIEW,Context-sensitive English headword; retain pending source/sense verification.,KEEP,Semantic review completed; definition provides a plausible sense of the English headword.
125,sound,اَروﮘا ئيِ,"Sound health, freedom from sickness.",REVIEW,Context-sensitive English headword,REVIEW,Context-sensitive English headword; retain pending source/sense verification.,KEEP,Semantic review completed; definition provides a plausible sense of the English headword.
126,sound,چَرْٻمِ,Sound made in eating.,REVIEW,Context-sensitive English headword,REVIEW,Context-sensitive English headword; retain pending source/sense verification.,KEEP,Semantic review completed; definition provides a plausible sense of the English headword.
127,sound,سُمَتيِ,Sound sense or judgment.,REVIEW,Context-sensitive English headword,REVIEW,Context-sensitive English headword; retain pending source/sense verification.,KEEP,Semantic review completed; definition provides a plausible sense of the English headword.
128,sound,صَدا,"Sound, voice, echo. Mendicant's cry.",REVIEW,Context-sensitive English headword,REVIEW,Context-sensitive English headword; retain pending source/sense verification.,KEEP,Semantic review completed; definition provides a plausible sense of the English headword.
129,sound,گهِڻْگِهڻِ,"Sound of a bell, ding-dong.",REVIEW,Context-sensitive English headword,REVIEW,Context-sensitive English headword; retain pending source/sense verification.,KEEP,Semantic review completed; definition provides a plausible sense of the English headword.
130,still,تِهائيِن,"Still more, the more.",REVIEW,Context-sensitive English headword,REVIEW,Context-sensitive English headword; retain pending source/sense verification.,KEEP,Semantic review completed; definition provides a plausible sense of the English headword.
131,still,ڪُهائيِ,Still born (an infant).,REVIEW,Context-sensitive English headword,REVIEW,Context-sensitive English headword; retain pending source/sense verification.,KEEP,Semantic review completed; definition provides a plausible sense of the English headword.
132,suitable,جوڳو,"Suitable, fit, proper, sufficient; liable.",REVIEW,Context-sensitive English headword,REVIEW,Context-sensitive English headword; retain pending source/sense verification.,KEEP,Semantic review completed; definition provides a plausible sense of the English headword.
133,talk,چَرْچو,"Talk, report; joking, ridicule, jesting, raillery.",REVIEW,Context-sensitive English headword,REVIEW,Context-sensitive English headword; retain pending source/sense verification.,KEEP,Semantic review completed; definition provides a plausible sense of the English headword.
134,talk,ڏندچرچا,"Talk of the town; gossip, scandal.",REVIEW,Context-sensitive English headword,REVIEW,Context-sensitive English headword; retain pending source/sense verification.,KEEP,Semantic review completed; definition provides a plausible sense of the English headword.
135,talk,ڪن جۇن ڳالهيۇن,"Talk in whispers, private talk.",REVIEW,Context-sensitive English headword,REVIEW,Context-sensitive English headword; retain pending source/sense verification.,KEEP,Semantic review completed; definition provides a plausible sense of the English headword.
136,talk,ڳالَهُ,"Talk, chat; abusive language.",REVIEW,Context-sensitive English headword,REVIEW,Context-sensitive English headword; retain pending source/sense verification.,KEEP,Semantic review completed; definition provides a plausible sense of the English headword.
137,talk,ڳالهاءُ,"Talk, sound of speaking.",REVIEW,Context-sensitive English headword,REVIEW,Context-sensitive English headword; retain pending source/sense verification.,KEEP,Semantic review completed; definition provides a plausible sense of the English headword.
138,talk,ڳالِهہ ٻولِهہ مُهارِ,"Talk, chit-chat, conversation; negotiations.",REVIEW,Context-sensitive English headword,REVIEW,Context-sensitive English headword; retain pending source/sense verification.,KEEP,Semantic review completed; definition provides a plausible sense of the English headword.
139,trouble,جَفا,"Trouble, hardship; molestation, injustice.",REVIEW,Context-sensitive English headword,REVIEW,Context-sensitive English headword; retain pending source/sense verification.,KEEP,Semantic review completed; definition provides a plausible sense of the English headword.
140,trouble,جَنَجَلُ,"Trouble, difficulty, embarrassment, mess.",REVIEW,Context-sensitive English headword,REVIEW,Context-sensitive English headword; retain pending source/sense verification.,KEEP,Semantic review completed; definition provides a plausible sense of the English headword.
141,trouble,دِقَتَ,"Trouble, annoyance; pain, ache.",REVIEW,Context-sensitive English headword,REVIEW,Context-sensitive English headword; retain pending source/sense verification.,KEEP,Semantic review completed; definition provides a plausible sense of the English headword.
142,trouble,هڻ ڌڻ,"Trouble, bother. False weighing or. measuring.",REVIEW,Context-sensitive English headword,REVIEW,Context-sensitive English headword; retain pending source/sense verification.,KEEP,Semantic review completed; definition provides a plausible sense of the English headword.
143,watching,سنڀال,"Watching, taking care, guarding",REVIEW,Context-sensitive English headword,REVIEW,Context-sensitive English headword; retain pending source/sense verification.,KEEP,Semantic review completed; definition provides a plausible sense of the English headword.
144,breaking,ڀَڃُگَهڙِ,"Breaking up and remaking; adding and deducting; prudence, sense.",REVIEW,Context-sensitive English headword,REVIEW,Context-sensitive English headword; retain pending source/sense verification.,KEEP,Semantic review completed; definition provides a plausible sense of the English headword.
145,pulling,گهيچو,"Pulling and pushing backwards and forwards, or in and out, irregular oscillation, the uneasy motion or jolting of a camel, &c.",REVIEW,Context-sensitive English headword,REVIEW,Context-sensitive English headword; retain pending source/sense verification.,KEEP,Semantic review completed; definition provides a plausible sense of the English headword.
146,sound,ٽيِن ٽيِن,Sound of a fart. Idle foolish chattering.,REVIEW,Context-sensitive English headword,REVIEW,Context-sensitive English headword; retain pending source/sense verification.,KEEP,Semantic review completed; definition provides a plausible sense of the English headword.
147,still,هيڪاريِ,"Still, more, still greater, still less, still further. For good.",REVIEW,Context-sensitive English headword,REVIEW,Context-sensitive English headword; retain pending source/sense verification.,KEEP,Semantic review completed; definition provides a plausible sense of the English headword.
148,talk,آلاپُ,"Talk, conversation. A prelude to music, sweet strains.",REVIEW,Context-sensitive English headword,REVIEW,Context-sensitive English headword; retain pending source/sense verification.,KEEP,Semantic review completed; definition provides a plausible sense of the English headword.
149,talk,پَچارَ,"Talk, speech; improper or unpleasing talk, irritating language.",REVIEW,Context-sensitive English headword,REVIEW,Context-sensitive English headword; retain pending source/sense verification.,KEEP,Semantic review completed; definition provides a plausible sense of the English headword.
150,talk,ذِڪِرُ,"Talk, saying, mention, remembrance; reading of the Quran and reciting the praises and names of God.",REVIEW,Context-sensitive English headword,REVIEW,Context-sensitive English headword; retain pending source/sense verification.,KEEP,Semantic review completed; definition provides a plausible sense of the English headword.
151,talk,ڳالهوڙ,"Talk without end, great prolixity of tongue; a serious affair.",REVIEW,Context-sensitive English headword,REVIEW,Context-sensitive English headword; retain pending source/sense verification.,KEEP,Semantic review completed; definition provides a plausible sense of the English headword.
155,successful,سَڪاجُ,"Successful, complete, accomplished. One whose actions are good.",REVIEW,Context-sensitive English headword,REVIEW,Context-sensitive English headword; retain pending source/sense verification.,KEEP,Semantic review completed; definition provides a plausible sense of the English headword.
156,pulling,تَڻيِ,"Pulling: desire, longing.",REVIEW,Context-sensitive English headword,REVIEW,Context-sensitive English headword; retain pending source/sense verification.,KEEP,Semantic review completed; definition provides a plausible sense of the English headword.
157,risen,اُٿِيَلُ,"Risen; sore (an eye); heavy (sea); longing, yearning (the heart).",REVIEW,Context-sensitive English headword,REVIEW,Context-sensitive English headword; retain pending source/sense verification.,KEEP,Semantic review completed; definition provides a plausible sense of the English headword.
158,breaking,اَنجاميِ ڪۇڙو,One breaking promises.,REVIEW,Context-sensitive English headword,REVIEW,Context-sensitive English headword; retain pending source/sense verification.,KEEP,Semantic review completed; definition provides a plausible sense of the English headword.
159,breaking,ڊۇنڊۇن,"Farting, breaking wind.",REVIEW,Context-sensitive English headword,REVIEW,Context-sensitive English headword; retain pending source/sense verification.,KEEP,Semantic review completed; definition provides a plausible sense of the English headword.
160,ruined,اُجڙ,"Desolate, ruined.",REVIEW,Context-sensitive English headword,REVIEW,Context-sensitive English headword; retain pending source/sense verification.,KEEP,Semantic review completed; definition provides a plausible sense of the English headword.
161,ruined,چوڙ,"Destroyed, ruined, waste.",REVIEW,Context-sensitive English headword,REVIEW,Context-sensitive English headword; retain pending source/sense verification.,KEEP,Semantic review completed; definition provides a plausible sense of the English headword.
162,ruined,خَرابَُ,"Bad, evil; ruined.",REVIEW,Context-sensitive English headword,REVIEW,Context-sensitive English headword; retain pending source/sense verification.,KEEP,Semantic review completed; definition provides a plausible sense of the English headword.
163,sound,ڦَهَڪاءُ,A slapping sound.,REVIEW,Context-sensitive English headword,REVIEW,Context-sensitive English headword; retain pending source/sense verification.,KEEP,Semantic review completed; definition provides a plausible sense of the English headword.
164,sound,جهانئيِ,"Noise, sound, voice.",REVIEW,Context-sensitive English headword,REVIEW,Context-sensitive English headword; retain pending source/sense verification.,KEEP,Semantic review completed; definition provides a plausible sense of the English headword.
165,sound,چيِچاٽُ,A creaking sound.,REVIEW,Context-sensitive English headword,REVIEW,Context-sensitive English headword; retain pending source/sense verification.,KEEP,Semantic review completed; definition provides a plausible sense of the English headword.
166,sound,چيِنگهاٽُ,A creaking sound.,REVIEW,Context-sensitive English headword,REVIEW,Context-sensitive English headword; retain pending source/sense verification.,KEEP,Semantic review completed; definition provides a plausible sense of the English headword.
167,sound,کَڙْڪائڻ,"To knock, sound.",REVIEW,Context-sensitive English headword,REVIEW,Context-sensitive English headword; retain pending source/sense verification.,KEEP,Semantic review completed; definition provides a plausible sense of the English headword.
168,sound,گُڙْڪو,A rumbling sound.,REVIEW,Context-sensitive English headword,REVIEW,Context-sensitive English headword; retain pending source/sense verification.,KEEP,Semantic review completed; definition provides a plausible sense of the English headword.
169,sound,لَلْڪارَ,"Melody, sweet sound.",REVIEW,Context-sensitive English headword,REVIEW,Context-sensitive English headword; retain pending source/sense verification.,KEEP,Semantic review completed; definition provides a plausible sense of the English headword.
170,sound,ٻِرْڪَ,A sound.,REVIEW,Context-sensitive English headword,REVIEW,Context-sensitive English headword; retain pending source/sense verification.,KEEP,Semantic review completed; definition provides a plausible sense of the English headword.
171,sound,رِمِ جِهمِ,A pleasing sound.,REVIEW,Context-sensitive English headword,REVIEW,Context-sensitive English headword; retain pending source/sense verification.,KEEP,Semantic review completed; definition provides a plausible sense of the English headword.
172,still,ڪَرْڻَڦُلُ,"A still, alembic.",REVIEW,Context-sensitive English headword,REVIEW,Context-sensitive English headword; retain pending source/sense verification.,KEEP,Semantic review completed; definition provides a plausible sense of the English headword.
173,still,نِوائو,"Windless, calm, still.",REVIEW,Context-sensitive English headword,REVIEW,Context-sensitive English headword; retain pending source/sense verification.,KEEP,Semantic review completed; definition provides a plausible sense of the English headword.
174,suitable,جوڙائِتو,"or Suitable, suitably.",REVIEW,Context-sensitive English headword,REVIEW,Context-sensitive English headword; retain pending source/sense verification.,KEEP,Semantic review completed; definition provides a plausible sense of the English headword.
175,talk,اورَڳُ,Kind friendly talk.,REVIEW,Context-sensitive English headword,REVIEW,Context-sensitive English headword; retain pending source/sense verification.,KEEP,Semantic review completed; definition provides a plausible sense of the English headword.
176,talk,بحرڦاڙڻ,To talk tall.,REVIEW,Context-sensitive English headword,REVIEW,Context-sensitive English headword; retain pending source/sense verification.,KEEP,Semantic review completed; definition provides a plausible sense of the English headword.
177,talk,بڪوادِ,"Prattle, foolish talk.",REVIEW,Context-sensitive English headword,REVIEW,Context-sensitive English headword; retain pending source/sense verification.,KEEP,Semantic review completed; definition provides a plausible sense of the English headword.
178,talk,پَچارَڻُ,To talk about.,REVIEW,Context-sensitive English headword,REVIEW,Context-sensitive English headword; retain pending source/sense verification.,KEEP,Semantic review completed; definition provides a plausible sense of the English headword.
179,talk,ڍيڪَ ڇَڎَڻُ,To talk nonsense.,REVIEW,Context-sensitive English headword,REVIEW,Context-sensitive English headword; retain pending source/sense verification.,KEEP,Semantic review completed; definition provides a plausible sense of the English headword.
180,talk,گوياگفتار,"Conversation, talk.",REVIEW,Context-sensitive English headword,REVIEW,Context-sensitive English headword; retain pending source/sense verification.,KEEP,Semantic review completed; definition provides a plausible sense of the English headword.
181,talk,مَقالُ,"Saying, talk, conversation.",REVIEW,Context-sensitive English headword,REVIEW,Context-sensitive English headword; retain pending source/sense verification.,KEEP,Semantic review completed; definition provides a plausible sense of the English headword.
182,talk,واڪَڻُ,"To talk, converse.",REVIEW,Context-sensitive English headword,REVIEW,Context-sensitive English headword; retain pending source/sense verification.,KEEP,Semantic review completed; definition provides a plausible sense of the English headword.
183,talk,واڻيِ,"Language, talk.",REVIEW,Context-sensitive English headword,REVIEW,Context-sensitive English headword; retain pending source/sense verification.,KEEP,Semantic review completed; definition provides a plausible sense of the English headword.
184,talk,وِنڌاپَڻُ,"Chatter, talk nonsense.",REVIEW,Context-sensitive English headword,REVIEW,Context-sensitive English headword; retain pending source/sense verification.,KEEP,Semantic review completed; definition provides a plausible sense of the English headword.
185,talk,اورَڳُہ,Kind friendly talk.,REVIEW,Context-sensitive English headword,REVIEW,Context-sensitive English headword; retain pending source/sense verification.,KEEP,Semantic review completed; definition provides a plausible sense of the English headword.
187,trouble,اُچائڻ,"To trouble, annoy.",REVIEW,Context-sensitive English headword,REVIEW,Context-sensitive English headword; retain pending source/sense verification.,KEEP,Semantic review completed; definition provides a plausible sense of the English headword.
188,trouble,اَڳلي کي هلاک ٿوکرين,You trouble one.,REVIEW,Context-sensitive English headword,REVIEW,Context-sensitive English headword; retain pending source/sense verification.,KEEP,Semantic review completed; definition provides a plausible sense of the English headword.
189,trouble,جاڳَرُ,Demand. (?) Trouble. (?),REVIEW,Context-sensitive English headword,REVIEW,Context-sensitive English headword; retain pending source/sense verification.,REVIEW,Source definition itself contains uncertain meanings: Demand. (?) Trouble. (?)
190,trouble,جُکَ,"Pain, sorrow, trouble.",REVIEW,Context-sensitive English headword,REVIEW,Context-sensitive English headword; retain pending source/sense verification.,KEEP,Semantic review completed; definition provides a plausible sense of the English headword.
191,trouble,دق ڪرڻ,"To trouble, annoy.",REVIEW,Context-sensitive English headword,REVIEW,Context-sensitive English headword; retain pending source/sense verification.,KEEP,Semantic review completed; definition provides a plausible sense of the English headword.
192,trouble,ڏانجهَہ,"Pain, trouble.",REVIEW,Context-sensitive English headword,REVIEW,Context-sensitive English headword; retain pending source/sense verification.,KEEP,Semantic review completed; definition provides a plausible sense of the English headword.
193,trouble,ڪَهَڪُ,"Pain, distress, trouble.",REVIEW,Context-sensitive English headword,REVIEW,Context-sensitive English headword; retain pending source/sense verification.,KEEP,Semantic review completed; definition provides a plausible sense of the English headword.
194,trouble,کاپارو,"Annoyance, trouble, botheration.",REVIEW,Context-sensitive English headword,REVIEW,Context-sensitive English headword; retain pending source/sense verification.,KEEP,Semantic review completed; definition provides a plausible sense of the English headword.
195,trouble,مَشَقَّتِ,"Labour, trouble, difficulty.",REVIEW,Context-sensitive English headword,REVIEW,Context-sensitive English headword; retain pending source/sense verification.,KEEP,Semantic review completed; definition provides a plausible sense of the English headword.
196,trouble,وِماسُ,"Anxiety, grief, trouble.",REVIEW,Context-sensitive English headword,REVIEW,Context-sensitive English headword; retain pending source/sense verification.,KEEP,Semantic review completed; definition provides a plausible sense of the English headword.
197,trouble,وِياڪُلُ ڪرڻ,"To annoy, trouble.",REVIEW,Context-sensitive English headword,REVIEW,Context-sensitive English headword; retain pending source/sense verification.,KEEP,Semantic review completed; definition provides a plausible sense of the English headword.
198,trouble,هَرْجُ,"Loss, detriment. Trouble.",REVIEW,Context-sensitive English headword,REVIEW,Context-sensitive English headword; retain pending source/sense verification.,KEEP,Semantic review completed; definition provides a plausible sense of the English headword.
199,trouble,هلاکہ ڪرڻ,"To trouble, annoy.",REVIEW,Context-sensitive English headword,REVIEW,Context-sensitive English headword; retain pending source/sense verification.,KEEP,Semantic review completed; definition provides a plausible sense of the English headword.
200,trouble,هَلاوَتَ,"Distress, annoyance, trouble.",REVIEW,Context-sensitive English headword,REVIEW,Context-sensitive English headword; retain pending source/sense verification.,KEEP,Semantic review completed; definition provides a plausible sense of the English headword.
201,watching,جاڳَرْتِ,"Waking, watching, vigilance.",REVIEW,Context-sensitive English headword,REVIEW,Context-sensitive English headword; retain pending source/sense verification.,KEEP,Semantic review completed; definition provides a plausible sense of the English headword.
202,watching,سَهيڙَ,"Carefulness, watching, vigilance.",REVIEW,Context-sensitive English headword,REVIEW,Context-sensitive English headword; retain pending source/sense verification.,KEEP,Semantic review completed; definition provides a plausible sense of the English headword.
