row,english,sindhi,english_definition,multiple_sindhi_for_headword,issue
1,arriving,سَهيڙو,Arriving.,NO,
2,atlantic,اوقيانوس,Atlantic.,NO,
3,blanco,کَڙۇ,Blanco.,NO,
4,breaking,ٽوڙَڦوڙَ,Breaking.,YES,
5,bullying,دَهْمانُ,Bullying.,NO,
6,butts,گوليِ مارِ,Butts.,NO,
7,complaining,شڪايتيِ,Complaining.,NO,
8,compliments,آداب,Compliments.,NO,
9,congratulations,سُواڏائيِ,Congratulations.,NO,
10,convex,اُپيٽو,Convex.,YES,
11,convex,ماهيِ پُشْتِ,Convex.,YES,
12,coral,ڳُڻيٺيٍِ,Coral.,YES,
13,coral,مَرْجانِ,Coral.,YES,
14,crisp,کڙڪيدار,Crisp.,NO,
15,crooked,وِنگو,Crooked.,YES,
16,crooked,پۇڄا,Crooked.,YES,
17,curse,بددعا,Curse.,NO,
18,cursed,ڀِِيڻيِ ڀَِِڳَو,Cursed.,YES,
19,cursed,پِٽِڻيِ,Cursed.,YES,
20,cursed,لَعْنتي,Cursed.,YES,
21,curved,خمدار,Curved.,NO,
22,drinking,پِئَٹيِ,Drinking.,YES,
23,drinking,پيڄُ,Drinking.,YES,
24,ebony,آبنوُس,Ebony.,NO,
25,egypt,مِصْرُ,Egypt.,NO,
26,england,اِنگلستانُ,England.,NO,
27,equine,گهوڙيجو,Equine.,NO,
28,everywhere,جاءِبَجاءِ,Everywhere.,YES,
29,everywhere,هرجاءِ,Everywhere.,YES,
30,everywhere,هرگاه,Everywhere.,YES,
31,everywhere,هنڌين ماڳين,Everywhere.,YES,
32,everywhere,پاڙي پَنڌِ,Everywhere.,YES,
33,exactly,يَٿارَٿِ,Exactly.,NO,
34,fireworks,آتشبازي,Fireworks.,NO,
35,flaming,آتش بار,Flaming.,NO,
36,forgiveness,بَخِشَ,Forgiveness.,NO,
37,giving,ڏئڻيِ,Giving.,YES,
38,giving,ڏيتيِ,Giving.,YES,
39,greater,اَڪِبَرُ,Greater.,NO,
40,greece,يۇنانُ,Greece.,NO,
41,kissing,چُمڻيِ,Kissing.,NO,
42,licking,چَٽَ,Licking.,NO,
43,liter,پوشِ,liter,NO,
44,nineteenth,اُوڻيِهون,Nineteenth.,NO,
45,nowadays,اَڄ,Nowadays.,NO,
46,parents,ماتا پِتا,Parents.,YES,
47,parents,والِدَيْنِ,Parents.,YES,
48,persia,اِيران,Persia.,NO,
49,preaching,وَعِظُ,Preaching.,YES,
50,preaching,وَعَظُ,Preaching.,YES,
51,preaching,پِرْچارُ,Preaching.,YES,
52,prophets,اَنْبِيا,Prophets.,NO,
53,proving,اِثباتي,Proving.,NO,
54,pulling,ساهَ,Pulling.,YES,
55,remembered,يادِ,Remembered.,NO,
56,risen,اُٿِياڪُ,Risen.,YES,
57,ruined,زافُ,Ruined.,YES,
58,savings,بَچَت,Savings.,YES,
59,savings,ڪَٽيِ,Savings.,YES,
60,secondly,ٻيوتہ,Secondly.,NO,
61,secretly,پَر۾,Secretly.,NO,
62,shaking,ڌُڏِ ڌُڏِ,Shaking.,YES,
63,shaking,لوڏَ,Shaking.,YES,
64,slaves,ٻانَهوثِ,Slaves.,NO,
65,sometimes,بعضي بعضي,Sometimes.,YES,
66,sometimes,گاهيِ گاهيِ,Sometimes.,YES,
67,sound,ڪَرَلُ,Sound.,YES,
68,sound,ڪَڙْڪَڙِ,Sound.,YES,
69,sounding,تانَگهہ,Sounding.,NO,
70,spinach,اِسفناج,Spinach.,NO,
71,still,توءِ,Still.,YES,
72,storing,سَٿَ,Storing.,NO,
73,successful,ڪرتارٿ,Successful.,YES,
74,suitable,بابَ خو,Suitable.,YES,
75,swallowing,ڳِهَڻِ,Swallowing.,YES,
76,swallowing,اُرِڪَ,Swallowing.,YES,
77,syria,شامُ,Syria.,NO,
78,tailed,پُڇِرُ,Tailed.,NO,
79,talk,گويا,Talk.,YES,
80,talk,سُرْجيِتُ,Talk,YES,
81,theatrical,ناٽڪيِ,Theatrical.,NO,
82,thunder,رَعْدُ,Thunder.,NO,
83,tickling,ڪِتِڪوئيِ,Tickling.,NO,
84,tolerant,سهن سيل,Tolerant.,NO,
85,tomato,ٽَماٽو,Tomato.,NO,
86,tomorrow,فَرْدا,Tomorrow.,NO,
87,transferred,مُنْتَقِلُ,Transferred.,YES,
88,travelling,اُجهاڳو,Travelling.,YES,
89,travelling,سفريِ,Travelling.,YES,
90,trees,وَڻاهُ,Trees.,NO,
91,trouble,تَنگَ,Trouble.,YES,
92,twentieth,ويِهون,Twentieth.,NO,
93,vomiting,مُنهَن ڦُلَ,Vomiting.,YES,
94,vomiting,منهن کار,Vomiting.,YES,
95,wandering,ٽولاڪو,Wandering.,YES,
96,wandering,جهوتَ,Wandering.,YES,
97,watching,نگهبانيِ,Watching.,YES,
98,weighing,جوکَہ,Weighing.,NO,
99,worry,گينداڙَ,Worry.,NO,
100,wrestling,ڪُشْتيِ,Wrestling.,YES,
101,wrestling,مَلَ,Wrestling.,YES,
102,pulling,کِنچاتاڻَ,"Pulling, pressure.",YES,
103,ruined,بَرِباد,"Ruined, destroyed, lost.",YES,
104,ruined,ڀَثِڻِ,"Ruined, destroyed.",YES,
105,ruined,تَباهُ,"Ruined, undone.",YES,
106,sound,اَروﮖ,"Sound, healthy.",YES,
107,sound,ڪَڙلاءُ,"Sound, voice.",YES,
108,sound,کَڙاکَڙيِ,"Sound, strong.",YES,
109,sound,آلابُ,"Sound, cry.",YES,
110,successful,سَمُرادو,Successful. Amiable.,YES,
111,talk,آلاءُ,"Talk, conversation.",YES,
112,talk,چَوْپَچَؤ,"Talk, conversation.",YES,
113,talk,گُفْتارُ,"Talk, chat.",YES,
114,talk,ڳائووائو,"Talk, mention.",YES,
115,trouble,اَهَنْجُ,"Trouble, inconvenience; pain.",YES,
116,trouble,اِيذاءُ,"Trouble, nuisance; pain.",YES,
117,trouble,تَصْديِعَ,"Trouble, difficulty.",YES,
118,trouble,تَڪْلِيفَ,"Trouble, difficulty, hardship.",YES,
119,trouble,جاکوڙَ,"Trouble, difficulty, vexation.",YES,
120,trouble,سُتۇنُ,Trouble. Speech.,YES,
121,trouble,ڪاڪاهو,"Trouble, pain, difficulty.",YES,
122,pulling,گوشِماليِ,Pulling the ears; chastisement; reproof.,YES,
123,pulling,ڎاڙهئيِ پَٽَ,"Pulling of beards; quarrelling, scuffle.",YES,
124,risen,آڪِرو,"Risen in price, dear; cross-dispositioned.",YES,
125,sound,اَروﮘا ئيِ,"Sound health, freedom from sickness.",YES,
126,sound,چَرْٻمِ,Sound made in eating.,YES,
127,sound,سُمَتيِ,Sound sense or judgment.,YES,
128,sound,صَدا,"Sound, voice, echo. Mendicant's cry.",YES,
129,sound,گهِڻْگِهڻِ,"Sound of a bell, ding-dong.",YES,
130,still,تِهائيِن,"Still more, the more.",YES,
131,still,ڪُهائيِ,Still born (an infant).,YES,
132,suitable,جوڳو,"Suitable, fit, proper, sufficient; liable.",YES,
133,talk,چَرْچو,"Talk, report; joking, ridicule, jesting, raillery.",YES,
134,talk,ڏندچرچا,"Talk of the town; gossip, scandal.",YES,
135,talk,ڪن جۇن ڳالهيۇن,"Talk in whispers, private talk.",YES,
136,talk,ڳالَهُ,"Talk, chat; abusive language.",YES,
137,talk,ڳالهاءُ,"Talk, sound of speaking.",YES,
138,talk,ڳالِهہ ٻولِهہ مُهارِ,"Talk, chit-chat, conversation; negotiations.",YES,
139,trouble,جَفا,"Trouble, hardship; molestation, injustice.",YES,
140,trouble,جَنَجَلُ,"Trouble, difficulty, embarrassment, mess.",YES,
141,trouble,دِقَتَ,"Trouble, annoyance; pain, ache.",YES,
142,trouble,هڻ ڌڻ,"Trouble, bother. False weighing or. measuring.",YES,
143,watching,سنڀال,"Watching, taking care, guarding",YES,
144,breaking,ڀَڃُگَهڙِ,"Breaking up and remaking; adding and deducting; prudence, sense.",YES,
145,pulling,گهيچو,"Pulling and pushing backwards and forwards, or in and out, irregular oscillation, the uneasy motion or jolting of a camel, &c.",YES,
146,sound,ٽيِن ٽيِن,Sound of a fart. Idle foolish chattering.,YES,
147,still,هيڪاريِ,"Still, more, still greater, still less, still further. For good.",YES,
148,talk,آلاپُ,"Talk, conversation. A prelude to music, sweet strains.",YES,
149,talk,پَچارَ,"Talk, speech; improper or unpleasing talk, irritating language.",YES,
150,talk,ذِڪِرُ,"Talk, saying, mention, remembrance; reading of the Quran and reciting the praises and names of God.",YES,
151,talk,ڳالهوڙ,"Talk without end, great prolixity of tongue; a serious affair.",YES,
152,twist,وَرُ,"Twist, curve, bend, turn, circuit, coil curl, ringlet, winding. A boon, blessing, especially in the gift of a Brahmin or deity. ( com ) Quality or number of cloth. Circumvention, deceiving. A bridegroom or husband.",NO,
153,hindu,ڀُڄَڻُ,(Hindu).,YES,
154,hindu,مَعْرِڪو,(Hindu).,YES,
155,successful,سَڪاجُ,"Successful, complete, accomplished. One whose actions are good.",YES,
156,pulling,تَڻيِ,"Pulling: desire, longing.",YES,
157,risen,اُٿِيَلُ,"Risen; sore (an eye); heavy (sea); longing, yearning (the heart).",YES,
158,breaking,اَنجاميِ ڪۇڙو,One breaking promises.,YES,
159,breaking,ڊۇنڊۇن,"Farting, breaking wind.",YES,
160,ruined,اُجڙ,"Desolate, ruined.",YES,
161,ruined,چوڙ,"Destroyed, ruined, waste.",YES,
162,ruined,خَرابَُ,"Bad, evil; ruined.",YES,
163,sound,ڦَهَڪاءُ,A slapping sound.,YES,
164,sound,جهانئيِ,"Noise, sound, voice.",YES,
165,sound,چيِچاٽُ,A creaking sound.,YES,
166,sound,چيِنگهاٽُ,A creaking sound.,YES,
167,sound,کَڙْڪائڻ,"To knock, sound.",YES,
168,sound,گُڙْڪو,A rumbling sound.,YES,
169,sound,لَلْڪارَ,"Melody, sweet sound.",YES,
170,sound,ٻِرْڪَ,A sound.,YES,
171,sound,رِمِ جِهمِ,A pleasing sound.,YES,
172,still,ڪَرْڻَڦُلُ,"A still, alembic.",YES,
173,still,نِوائو,"Windless, calm, still.",YES,
174,suitable,جوڙائِتو,"or Suitable, suitably.",YES,
175,talk,اورَڳُ,Kind friendly talk.,YES,
176,talk,بحرڦاڙڻ,To talk tall.,YES,
177,talk,بڪوادِ,"Prattle, foolish talk.",YES,
178,talk,پَچارَڻُ,To talk about.,YES,
179,talk,ڍيڪَ ڇَڎَڻُ,To talk nonsense.,YES,
180,talk,گوياگفتار,"Conversation, talk.",YES,
181,talk,مَقالُ,"Saying, talk, conversation.",YES,
182,talk,واڪَڻُ,"To talk, converse.",YES,
183,talk,واڻيِ,"Language, talk.",YES,
184,talk,وِنڌاپَڻُ,"Chatter, talk nonsense.",YES,
185,talk,اورَڳُہ,Kind friendly talk.,YES,
186,transferred,بدلي ٿيڻ,To be transferred.,YES,
187,trouble,اُچائڻ,"To trouble, annoy.",YES,
188,trouble,اَڳلي کي هلاک ٿوکرين,You trouble one.,YES,
189,trouble,جاڳَرُ,Demand. (?) Trouble. (?),YES,
190,trouble,جُکَ,"Pain, sorrow, trouble.",YES,
191,trouble,دق ڪرڻ,"To trouble, annoy.",YES,
192,trouble,ڏانجهَہ,"Pain, trouble.",YES,
193,trouble,ڪَهَڪُ,"Pain, distress, trouble.",YES,
194,trouble,کاپارو,"Annoyance, trouble, botheration.",YES,
195,trouble,مَشَقَّتِ,"Labour, trouble, difficulty.",YES,
196,trouble,وِماسُ,"Anxiety, grief, trouble.",YES,
197,trouble,وِياڪُلُ ڪرڻ,"To annoy, trouble.",YES,
198,trouble,هَرْجُ,"Loss, detriment. Trouble.",YES,
199,trouble,هلاکہ ڪرڻ,"To trouble, annoy.",YES,
200,trouble,هَلاوَتَ,"Distress, annoyance, trouble.",YES,
201,watching,جاڳَرْتِ,"Waking, watching, vigilance.",YES,
202,watching,سَهيڙَ,"Carefulness, watching, vigilance.",YES,
