score,english,sindhi,english_definition,final_decision,final_reason
11,etc,برابر,etc.,REJECT,Dictionary/reference artifact or unrelated fragment.
11,etc,براهمڻ,etc.,REJECT,Dictionary/reference artifact or unrelated fragment.
11,etc,بي ڍنگو,etc.,REJECT,Dictionary/reference artifact or unrelated fragment.
11,etc,بهَڻ,etc.,REJECT,Dictionary/reference artifact or unrelated fragment.
11,etc,ڀانِسالُ,etc.,REJECT,Dictionary/reference artifact or unrelated fragment.
11,etc,ڀيدُ,etc.,REJECT,Dictionary/reference artifact or unrelated fragment.
11,etc,تَنوارَ,etc.,REJECT,Dictionary/reference artifact or unrelated fragment.
11,etc,توبَ,etc.,REJECT,Dictionary/reference artifact or unrelated fragment.
11,etc,بادِشاهُ,etc.,REJECT,Dictionary/reference artifact or unrelated fragment.
11,etc,گُرﯘ,etc.,REJECT,Dictionary/reference artifact or unrelated fragment.
11,etc,پَرَديسُ,etc.,REJECT,Dictionary/reference artifact or unrelated fragment.
11,etc,پِئادِ,etc.,REJECT,Dictionary/reference artifact or unrelated fragment.
11,etc,ڦولڙِو,etc.,REJECT,Dictionary/reference artifact or unrelated fragment.
11,etc,جُوانُ مَرْدُ,etc.,REJECT,Dictionary/reference artifact or unrelated fragment.
11,etc,جُنئي,etc.,REJECT,Dictionary/reference artifact or unrelated fragment.
11,etc,جهوڳَڻُ,etc.,REJECT,Dictionary/reference artifact or unrelated fragment.
11,etc,چَچُاو,etc.,REJECT,Dictionary/reference artifact or unrelated fragment.
11,etc,چَڪاسَڻُ,etc.,REJECT,Dictionary/reference artifact or unrelated fragment.
11,etc,چنجهائيِ,etc.,REJECT,Dictionary/reference artifact or unrelated fragment.
11,etc,ڏشْٽُ,etc.,REJECT,Dictionary/reference artifact or unrelated fragment.
11,etc,رِڪلبُ,etc.,REJECT,Dictionary/reference artifact or unrelated fragment.
11,etc,سَنياسُ,etc.,REJECT,Dictionary/reference artifact or unrelated fragment.
11,etc,سيوا,etc.,REJECT,Dictionary/reference artifact or unrelated fragment.
11,etc,فِرَنگُہ,etc.,REJECT,Dictionary/reference artifact or unrelated fragment.
11,etc,ڪَنواٺيِ,etc.,REJECT,Dictionary/reference artifact or unrelated fragment.
11,etc,ڪنواٺيِ,etc.,REJECT,Dictionary/reference artifact or unrelated fragment.
11,etc,ڪالهہ,etc.,REJECT,Dictionary/reference artifact or unrelated fragment.
11,etc,ڪَڙاهو,etc.,REJECT,Dictionary/reference artifact or unrelated fragment.
11,etc,ڪَيْسَرِ,etc.,REJECT,Dictionary/reference artifact or unrelated fragment.
11,etc,گُڻُ,etc.,REJECT,Dictionary/reference artifact or unrelated fragment.
11,etc,عالمگير,etc.,REJECT,Dictionary/reference artifact or unrelated fragment.
11,etc,ڳهلو,etc.,REJECT,Dictionary/reference artifact or unrelated fragment.
11,etc,ڍاڪُنئَون,etc.,REJECT,Dictionary/reference artifact or unrelated fragment.
11,etc,لونَبڙُ,etc.,REJECT,Dictionary/reference artifact or unrelated fragment.
11,etc,لۇنارُ,etc.,REJECT,Dictionary/reference artifact or unrelated fragment.
11,etc,ماٹهو,etc.,REJECT,Dictionary/reference artifact or unrelated fragment.
11,etc,ماتاب,etc.,REJECT,Dictionary/reference artifact or unrelated fragment.
11,etc,مَرْدُ,etc.,REJECT,Dictionary/reference artifact or unrelated fragment.
11,etc,مُرْسُ,etc.,REJECT,Dictionary/reference artifact or unrelated fragment.
11,etc,مَهِينو,etc.,REJECT,Dictionary/reference artifact or unrelated fragment.
11,etc,لَعْنَتَ,etc.,REJECT,Dictionary/reference artifact or unrelated fragment.
11,etc,نِسِچو,etc.,REJECT,Dictionary/reference artifact or unrelated fragment.
11,etc,نِئاتِ,etc.,REJECT,Dictionary/reference artifact or unrelated fragment.
11,etc,نِئازُ,etc.,REJECT,Dictionary/reference artifact or unrelated fragment.
11,etc,نِئاءُ,etc.,REJECT,Dictionary/reference artifact or unrelated fragment.
11,etc,وارِثُ,etc.,REJECT,Dictionary/reference artifact or unrelated fragment.
11,etc,ويچارَڻُ,etc.,REJECT,Dictionary/reference artifact or unrelated fragment.
11,etc,وِئُٽَ,etc.,REJECT,Dictionary/reference artifact or unrelated fragment.
11,etc,هِنئَرَ,etc.,REJECT,Dictionary/reference artifact or unrelated fragment.
11,etc,تاڪيو,etc.,REJECT,Dictionary/reference artifact or unrelated fragment.
11,etc,پُڦيِ,etc.,REJECT,Dictionary/reference artifact or unrelated fragment.
8,adv,جِٿي,adv. See,REJECT,Dictionary/reference artifact or unrelated fragment.
8,cor,سَنتَرُ,cor of Center.,REJECT,Dictionary/reference artifact or unrelated fragment.
8,cor,سَنتِريِ,cor of Sentry.,REJECT,Dictionary/reference artifact or unrelated fragment.
8,cor,ڪانِسُ,Cor of Cornice.,REJECT,Dictionary/reference artifact or unrelated fragment.
8,cor,ڪائِجو,Cor of,REJECT,Dictionary/reference artifact or unrelated fragment.
8,cor,ڪَپِتانُ,cor of Captain.,REJECT,Dictionary/reference artifact or unrelated fragment.
8,cor,ڪِرْسِتانُ,cor of Christian.,REJECT,Dictionary/reference artifact or unrelated fragment.
8,cor,ڪَرِنيلُ,cor of Colonel.,REJECT,Dictionary/reference artifact or unrelated fragment.
8,cor,ڪَمانيِ,cor of Commander.,REJECT,Dictionary/reference artifact or unrelated fragment.
8,cor,ڪَنتِرو,cor of Decanter.,REJECT,Dictionary/reference artifact or unrelated fragment.
8,cor,کَٿو,cor of,REJECT,Dictionary/reference artifact or unrelated fragment.
8,cor,لَيْن,cor of Line.,REJECT,Dictionary/reference artifact or unrelated fragment.
8,cor,ميلُ,cor of Madam.,REJECT,Dictionary/reference artifact or unrelated fragment.
8,cor,ٻالاسُ,cor of Balance.,REJECT,Dictionary/reference artifact or unrelated fragment.
8,cor,ڪِٽِليِ,cor of Kettle.,REJECT,Dictionary/reference artifact or unrelated fragment.
8,etc,جاڎان,etc).,REJECT,Dictionary/reference artifact or unrelated fragment.
8,etc,جيسِتائِين,etc).,REJECT,Dictionary/reference artifact or unrelated fragment.
8,prep,مَٿون,prep. See,REJECT,Dictionary/reference artifact or unrelated fragment.
7,cor,رَئُنَ,"cor of Round). A round, patrol.",REJECT,Dictionary/reference artifact or unrelated fragment.
7,cor,فِرَنگُ,cor of Frank; Europe.,REJECT,Dictionary/reference artifact or unrelated fragment.
7,cor,لاٽُ,cor of Lord) The Viceroy.,REJECT,Dictionary/reference artifact or unrelated fragment.
7,cor,وَرْتو,cor of Order. A uniform.,REJECT,Dictionary/reference artifact or unrelated fragment.
7,etc,حُقو,", etc.",REJECT,Dictionary/reference artifact or unrelated fragment.
7,etc,شاگِرِدُ,", etc.",REJECT,Dictionary/reference artifact or unrelated fragment.
7,prevalence,واسِرو,Prevalence (of a disease). a. See,REJECT,Dictionary/reference artifact or unrelated fragment.
7,washing,طَهارَتَ,Washing either partially or fully; See,REJECT,Dictionary/reference artifact or unrelated fragment.
6,among,وِڌِ,"Among Hindus, the defilement brought on others by one dying in a state of uncleanness, or on one's self from causing the death of a cat, &c. A defect (in a metal). See",REJECT,Dictionary/reference artifact or unrelated fragment.
6,anything,پُڙْدُ,"Anything used as tinder. Paper, cloth, etc, torn up or tossed together.",REJECT,Dictionary/reference artifact or unrelated fragment.
6,brutal,مرنئَڪو,"Brutal, etc.",REJECT,Dictionary/reference artifact or unrelated fragment.
6,complaining,مُتَشَڪيِ,Complaining; See under,REJECT,Dictionary/reference artifact or unrelated fragment.
6,cor,فِرَنٽِ,"cor of Front.) Rebellious, ready to fight.",REJECT,Dictionary/reference artifact or unrelated fragment.
6,etc,براهمڻيِ٬ برهمڻ,etc. See,REJECT,Dictionary/reference artifact or unrelated fragment.
6,etc,ڀَوڻُ,"etc. Eccentricity, pride.",REJECT,Dictionary/reference artifact or unrelated fragment.
6,etc,جَڎهاڪُرَ,etc.).,REJECT,Dictionary/reference artifact or unrelated fragment.
6,etc,جَڎهِن,etc.) تَڎْهوڻِڪو، تَڎْهوڪو,REJECT,Dictionary/reference artifact or unrelated fragment.
6,etc,جِئَن,etc.),REJECT,Dictionary/reference artifact or unrelated fragment.
6,etc,پاڙوسيِ,etc. under پارون، پاڙو See,REJECT,Dictionary/reference artifact or unrelated fragment.
6,etc,جانمَْردُ,etc. See,REJECT,Dictionary/reference artifact or unrelated fragment.
6,etc,جِتِ,etc. جِٿَئون،جِٿانئَون،جِٿان,REJECT,Dictionary/reference artifact or unrelated fragment.
6,etc,ميٿيِ,"etc.), a cluster.",REJECT,Dictionary/reference artifact or unrelated fragment.
6,etc,چۇنجهائيِ,etc. See,REJECT,Dictionary/reference artifact or unrelated fragment.
6,etc,ڏُهيلو,etc. See,REJECT,Dictionary/reference artifact or unrelated fragment.
6,etc,مُڙْسُ,etc. See,REJECT,Dictionary/reference artifact or unrelated fragment.
6,etc,مَهِنو,etc. See,REJECT,Dictionary/reference artifact or unrelated fragment.
6,etc,نِيازُ,etc. See,REJECT,Dictionary/reference artifact or unrelated fragment.
6,etc,وغيره,"Etc., et cetera.",REJECT,Dictionary/reference artifact or unrelated fragment.
6,etc,عَهُدو,"etc., under",REJECT,Dictionary/reference artifact or unrelated fragment.
6,etc,کَٽوليِ,etc.).,REJECT,Dictionary/reference artifact or unrelated fragment.
6,trees,وَڻُ ٽِڻُ,"Trees, shrubs, etc.",REJECT,Dictionary/reference artifact or unrelated fragment.
6,watching,ٽَهورَ,"Watching, etc.",REJECT,Dictionary/reference artifact or unrelated fragment.
5,anything,آلونۇرُ,"Anything worthless, spoiled, etc. abs. n",REJECT,Dictionary/reference artifact or unrelated fragment.
5,bubbles,ڀُڻِڪَ,"Bubbles in glass, etc.",REJECT,Dictionary/reference artifact or unrelated fragment.
5,etc,جَڎْهوڪو,etc.). A long time since.,REJECT,Dictionary/reference artifact or unrelated fragment.
5,etc,پاروسيِ,"etc.) Neighbouring, vicinal. A neighbour.",REJECT,Dictionary/reference artifact or unrelated fragment.
5,etc,ڳُڻاريِڪ,etc. under ڳُڻوانُ . ڳُڻُ Possessing excellent qualities.,REJECT,Dictionary/reference artifact or unrelated fragment.
5,growing,ڇِڳارو,"Growing in clusters, etc., tufted.",REJECT,Dictionary/reference artifact or unrelated fragment.
5,having,سامايل,Having arrived at etc.,REJECT,Dictionary/reference artifact or unrelated fragment.
5,leadership,پيشِوائيِ,Leadership; escort and reception of etc.,REJECT,Dictionary/reference artifact or unrelated fragment.
5,sound,سُکوپَتِ,"Sound sleep, deep sleep. سُکِياڻيِ، سُکِيو، سُکيِ See under",REJECT,Dictionary/reference artifact or unrelated fragment.
5,sound,نِدا,Sound; ( gram See under,REJECT,Dictionary/reference artifact or unrelated fragment.
5,stay,رِهائِڻُ,"Stay, staying. Manners; life, business, etc.",REJECT,Dictionary/reference artifact or unrelated fragment.
5,turn,ويرُ,"Turn, turn. See under",REJECT,Dictionary/reference artifact or unrelated fragment.
4,annoying,ڇيڙَ,"Annoying, etc., instigation; a number of persons following and provoking another.",REJECT,Dictionary/reference artifact or unrelated fragment.
4,boiled,ڏَڌورَ,"Boiled unripe grain of juar, bajiri , etc.",REJECT,Dictionary/reference artifact or unrelated fragment.
4,causing,پِريرِڻا,"Causing to do, etc. Act of sending, etc.",REJECT,Dictionary/reference artifact or unrelated fragment.
4,center,سَنتَرُ,cor of Center.,REJECT,Dictionary/reference artifact or unrelated fragment.
4,cor,زِڪَ,( cor,REJECT,Dictionary/reference artifact or unrelated fragment.
4,cor,قائِزو,( cor of,REJECT,Dictionary/reference artifact or unrelated fragment.
4,cor,ڪافُ,n. cor of,REJECT,Dictionary/reference artifact or unrelated fragment.
4,cor,ڪڳَرُ,( cor of,REJECT,Dictionary/reference artifact or unrelated fragment.
4,cor,کَڦَڻُ,( cor of,REJECT,Dictionary/reference artifact or unrelated fragment.
4,cor,کَرَ,( cor of,REJECT,Dictionary/reference artifact or unrelated fragment.
4,cor,کَسَمُ,( cor of,REJECT,Dictionary/reference artifact or unrelated fragment.
4,cor,مُسَطَحَ,( cor,REJECT,Dictionary/reference artifact or unrelated fragment.
4,corpse,مَڙَهُ,A corpse. See,REJECT,Dictionary/reference artifact or unrelated fragment.
4,curse,پِٽِڻو,A curse. See,REJECT,Dictionary/reference artifact or unrelated fragment.
4,etc,تِڎُ,"A grasshopper, etc",REJECT,Dictionary/reference artifact or unrelated fragment.
4,etc,پِڃارو,etc. See under,REJECT,Dictionary/reference artifact or unrelated fragment.
4,etc,چِڙيِ,etc. See under,REJECT,Dictionary/reference artifact or unrelated fragment.
4,etc,چَمِڙيِ٬ چَمِڙو,etc. See under چَمڙاپوشُ . چَمُ,REJECT,Dictionary/reference artifact or unrelated fragment.
4,etc,ڇِڪڙ٬ ڇِڪَ,"etc., See under",REJECT,Dictionary/reference artifact or unrelated fragment.
4,etc,ڪاراٽِجَڻُ,etc. See under,REJECT,Dictionary/reference artifact or unrelated fragment.
4,etc,مُتَعْديِ,etc. See under,REJECT,Dictionary/reference artifact or unrelated fragment.
4,giving,ٻِِلَهہ,Giving milk from two teats (a cow) etc.,REJECT,Dictionary/reference artifact or unrelated fragment.
4,giving,ٽِلَهہ,"Giving milk from three teats only (a cow, etc.).",REJECT,Dictionary/reference artifact or unrelated fragment.
4,having,نافِذُ,"Having effect, obeyed, issued, passed (an order, etc.).",REJECT,Dictionary/reference artifact or unrelated fragment.
4,joined,هاڻو,"Joined with. An affix signifying ""touched with"", etc., as",REJECT,Dictionary/reference artifact or unrelated fragment.
4,leaves,دونو,"Leaves folded in the form of a cup for sweatmeats, etc.",REJECT,Dictionary/reference artifact or unrelated fragment.
4,pelican,پيڻِ,A pelican. پيڻاڍِيو، پيڻاڍيِ See,REJECT,Dictionary/reference artifact or unrelated fragment.
4,roaming,ٽورو,"Roaming about, taking the air. walking. A stool, evacuation. A company, gang; a herd of cattle, flock of sheep, etc.",REJECT,Dictionary/reference artifact or unrelated fragment.
4,spreading,فراس,"Spreading carpets, etc., the business of a",REJECT,Dictionary/reference artifact or unrelated fragment.
4,stretching,ڳاموڙَ,"Stretching one's limbs, a twitching of the limbs, languor; sickening (for fever, etc.).",REJECT,Dictionary/reference artifact or unrelated fragment.
4,throwing,بُلُ,"Throwing up a kite, a ball, etc. A joint of the sugar-cane, etc.",REJECT,Dictionary/reference artifact or unrelated fragment.
4,vegetables,ڀاڄيِ,"Vegetables, pot herbs. Food, sweets &c. distributed among relations, etc.",REJECT,Dictionary/reference artifact or unrelated fragment.
4,worry,گِهِلَڻُ,"See گِهِل گيِنداڙَ . گِهِرَڻُ Harassment, worry.",REJECT,Dictionary/reference artifact or unrelated fragment.
