score,english,sindhi,english_definition
13,arriving,سَهيڙو,Arriving.
13,atlantic,اوقيانوس,Atlantic.
13,blanco,کَڙۇ,Blanco.
13,breaking,ٽوڙَڦوڙَ,Breaking.
13,bullying,دَهْمانُ,Bullying.
13,butts,گوليِ مارِ,Butts.
13,complaining,شڪايتيِ,Complaining.
13,compliments,آداب,Compliments.
13,congratulations,سُواڏائيِ,Congratulations.
13,convex,اُپيٽو,Convex.
13,convex,ماهيِ پُشْتِ,Convex.
13,cor,قُلْبانُ,Cor
13,coral,ڳُڻيٺيٍِ,Coral.
13,coral,مَرْجانِ,Coral.
13,crisp,کڙڪيدار,Crisp.
13,crooked,وِنگو,Crooked.
13,crooked,پۇڄا,Crooked.
13,curse,بددعا,Curse.
13,cursed,ڀِِيڻيِ ڀَِِڳَو,Cursed.
13,cursed,پِٽِڻيِ,Cursed.
13,cursed,لَعْنتي,Cursed.
13,curved,خمدار,Curved.
13,drinking,پِئَٹيِ,Drinking.
13,drinking,پيڄُ,Drinking.
13,ebony,آبنوُس,Ebony.
13,egypt,مِصْرُ,Egypt.
13,england,اِنگلستانُ,England.
13,equine,گهوڙيجو,Equine.
13,everywhere,جاءِبَجاءِ,Everywhere.
13,everywhere,هرجاءِ,Everywhere.
13,everywhere,هرگاه,Everywhere.
13,everywhere,هنڌين ماڳين,Everywhere.
13,everywhere,پاڙي پَنڌِ,Everywhere.
13,exactly,يَٿارَٿِ,Exactly.
13,fireworks,آتشبازي,Fireworks.
13,flaming,آتش بار,Flaming.
13,forgiveness,بَخِشَ,Forgiveness.
13,giving,ڏئڻيِ,Giving.
13,giving,ڏيتيِ,Giving.
13,greater,اَڪِبَرُ,Greater.
13,greece,يۇنانُ,Greece.
13,kissing,چُمڻيِ,Kissing.
13,licking,چَٽَ,Licking.
13,liter,پوشِ,liter
13,nineteenth,اُوڻيِهون,Nineteenth.
13,nowadays,اَڄ,Nowadays.
13,parents,ماتا پِتا,Parents.
13,parents,والِدَيْنِ,Parents.
13,persia,اِيران,Persia.
13,preaching,وَعِظُ,Preaching.
13,preaching,وَعَظُ,Preaching.
13,preaching,پِرْچارُ,Preaching.
13,prophets,اَنْبِيا,Prophets.
13,proving,اِثباتي,Proving.
13,pulling,ساهَ,Pulling.
13,remembered,يادِ,Remembered.
13,risen,اُٿِياڪُ,Risen.
13,ruined,زافُ,Ruined.
13,savings,بَچَت,Savings.
13,savings,ڪَٽيِ,Savings.
13,secondly,ٻيوتہ,Secondly.
13,secretly,پَر۾,Secretly.
13,shaking,ڌُڏِ ڌُڏِ,Shaking.
13,shaking,لوڏَ,Shaking.
13,slaves,ٻانَهوثِ,Slaves.
13,sometimes,بعضي بعضي,Sometimes.
13,sometimes,گاهيِ گاهيِ,Sometimes.
13,sound,ڪَرَلُ,Sound.
13,sound,ڪَڙْڪَڙِ,Sound.
13,sounding,تانَگهہ,Sounding.
13,spinach,اِسفناج,Spinach.
13,still,توءِ,Still.
13,storing,سَٿَ,Storing.
13,successful,ڪرتارٿ,Successful.
13,suitable,بابَ خو,Suitable.
13,swallowing,ڳِهَڻِ,Swallowing.
13,swallowing,اُرِڪَ,Swallowing.
13,syria,شامُ,Syria.
13,tailed,پُڇِرُ,Tailed.
13,talk,گويا,Talk.
13,talk,سُرْجيِتُ,Talk
13,theatrical,ناٽڪيِ,Theatrical.
13,thunder,رَعْدُ,Thunder.
13,tickling,ڪِتِڪوئيِ,Tickling.
13,tolerant,سهن سيل,Tolerant.
13,tomato,ٽَماٽو,Tomato.
13,tomorrow,فَرْدا,Tomorrow.
13,transferred,مُنْتَقِلُ,Transferred.
13,travelling,اُجهاڳو,Travelling.
13,travelling,سفريِ,Travelling.
13,trees,وَڻاهُ,Trees.
13,trouble,تَنگَ,Trouble.
13,twentieth,ويِهون,Twentieth.
13,vomiting,مُنهَن ڦُلَ,Vomiting.
13,vomiting,منهن کار,Vomiting.
13,wandering,ٽولاڪو,Wandering.
13,wandering,جهوتَ,Wandering.
13,watching,نگهبانيِ,Watching.
13,weighing,جوکَہ,Weighing.
13,worry,گينداڙَ,Worry.
13,wrestling,ڪُشْتيِ,Wrestling.
13,wrestling,مَلَ,Wrestling.
11,etc,برابر,etc.
11,etc,براهمڻ,etc.
11,etc,بي ڍنگو,etc.
11,etc,بهَڻ,etc.
11,etc,ڀانِسالُ,etc.
11,etc,ڀيدُ,etc.
11,etc,تَنوارَ,etc.
11,etc,توبَ,etc.
11,etc,بادِشاهُ,etc.
11,etc,گُرﯘ,etc.
11,etc,پَرَديسُ,etc.
11,etc,پِئادِ,etc.
11,etc,ڦولڙِو,etc.
11,etc,جُوانُ مَرْدُ,etc.
11,etc,جُنئي,etc.
11,etc,جهوڳَڻُ,etc.
11,etc,چَچُاو,etc.
11,etc,چَڪاسَڻُ,etc.
11,etc,چنجهائيِ,etc.
11,etc,ڏشْٽُ,etc.
11,etc,رِڪلبُ,etc.
11,etc,سَنياسُ,etc.
11,etc,سيوا,etc.
11,etc,فِرَنگُہ,etc.
11,etc,ڪَنواٺيِ,etc.
11,etc,ڪنواٺيِ,etc.
11,etc,ڪالهہ,etc.
11,etc,ڪَڙاهو,etc.
11,etc,ڪَيْسَرِ,etc.
11,etc,گُڻُ,etc.
11,etc,عالمگير,etc.
11,etc,ڳهلو,etc.
11,etc,ڍاڪُنئَون,etc.
11,etc,لونَبڙُ,etc.
11,etc,لۇنارُ,etc.
11,etc,ماٹهو,etc.
11,etc,ماتاب,etc.
11,etc,مَرْدُ,etc.
11,etc,مُرْسُ,etc.
11,etc,مَهِينو,etc.
11,etc,لَعْنَتَ,etc.
11,etc,نِسِچو,etc.
11,etc,نِئاتِ,etc.
11,etc,نِئازُ,etc.
11,etc,نِئاءُ,etc.
11,etc,وارِثُ,etc.
11,etc,ويچارَڻُ,etc.
11,etc,وِئُٽَ,etc.
11,etc,هِنئَرَ,etc.
11,etc,تاڪيو,etc.
11,etc,پُڦيِ,etc.
8,abs,کَرائيِ,abs. n of
8,abs,کَڙائيِ,abs. n of
8,abs,نِروڳو,abs. n
8,abs,وِسائيِ,abs. n of
8,adv,تَٿان پَٿان,adv. In extremis
8,adv,جِٿي,adv. See
8,agreeing,متفق راءِ,Agreeing in opinion.
8,aim,مَدارُ,"Aim, accomplishment; dependence"
8,aim,مَقْصۇدُ,"Aim, object, intention."
8,albert,چَوْڪَسُ,"Albert, watchful."
8,amusing,کلائيندڙ,"Amusing, funny."
8,ancestors,وڎا,"Ancestors, patriarchs."
8,annoyed,تالان,"Annoyed, worried; plundered."
8,annoyed,عاجُزُ,"Annoyed, tormented, vexed."
8,arranged,مَرْبوُطُ,"Arranged, grammatical."
8,arranging,سُڌارَ,"Arranging, regulation. Improvement."
8,asking,پُڇَ,"Asking, questioning. پُڇَ ڳَڇَ، پُڇاڳاڇا"
8,au,ٻَڪُہ,Au embrace; embracing.
8,beating,تاڙنا,"Beating, corporal punishment."
8,beating,مارڪٽ,"Beating, fighting, scuffle."
8,belonging,جانِبُ,Belonging to life.
8,bending,لَچِڪَدارُ,"Bending, elastic."
8,birds,چڙيِ چاندنيِ,Birds in general.
8,boiled,جوشيِ,Boiled. Strong.
8,bot,نَرُوارُ,bot ) Stamen
8,brothers,اَخِوانَ,"Brothers) Brotherly, friendly."
8,burnt,سڙيل,Burnt; envious.
8,capped,ڪَڇوراڙيِ,Capped elbow.
8,changed,مُبَدِّلِ,"Changed, altered."
8,collected,سَنچِتِ,Collected. A code.
8,coming,وارُ,"Coming, approaching."
8,compelled,مَجْبۇرُ,"Compelled, forced. constrained,"
8,conducting,پِرْواهَڪُ,Conducting. A conductor.
8,consultation,مَشْوَرَتِ,"Consultation, counsel."
8,containing,ٽِمَٹو,Containing three maunds.
8,containing,سيرڪُ,Containing a seer.
8,containing,ٻِمَڻو,Containing two maunds).
8,continent,پَرَهيزيِ,Continent; temperate.
8,continuously,ساندَهِ,Continuously alike.
8,cooked,ڀاتِ,Cooked rice.
8,cooked,ڏَڌِڙيِ,Cooked pea pods.
8,cooked,سيئل,Cooked by steam.
8,cor,سَنتَرُ,cor of Center.
8,cor,سَنتِريِ,cor of Sentry.
8,cor,ڪانِسُ,Cor of Cornice.
8,cor,ڪائِجو,Cor of
8,cor,ڪَپِتانُ,cor of Captain.
8,cor,ڪِرْسِتانُ,cor of Christian.
8,cor,ڪَرِنيلُ,cor of Colonel.
8,cor,ڪَمانيِ,cor of Commander.
8,cor,ڪَنتِرو,cor of Decanter.
8,cor,کَٿو,cor of
8,cor,لَيْن,cor of Line.
8,cor,ميلُ,cor of Madam.
8,cor,ٻالاسُ,cor of Balance.
8,cor,ڪِٽِليِ,cor of Kettle.
8,corr,تَتُ,corr of
8,corr,سَوَ,corr of
8,corrupted,ونٺِيَلُ,"Corrupted, lost, abandoned."
8,countless,اڻ ڳِڻَتُ,"Countless, innumerable, incalculable."
8,cries,وِلاڙَ,Cries of complaint.
8,crimson,قرمزيِ,"Crimson, scarlet."
8,crooked,ڏنگوکڙو,"Crooked, zigzag."
8,cross,تُرْش رِۇءِ,"Cross, surly."
8,crossing,اوڪَرُ,Crossing (a river).
8,cruel,ڌوڌيِ,"Cruel, tyrannical."
8,crying,بُڪاءُ,"Crying, weeping, lamenting."
8,crying,روڄُ,"Crying, weeping."
8,crying,وَلاڙَ,"Crying, weeping."
8,curious,سۇنجهڻو,"Curious, prying, inquisitive."
8,curse,سِراپُ,"Curse, imprecation; dread."
8,curse,لَعْنَتَ,"Curse, imprecation."
8,cursed,مَلعۇنُ,"Cursed, accursed, execrated."
8,decay,زَوِاليَتَ,"Decay, ruin, decline."
8,delivered,ويايل,Delivered (a woman).
8,denying,نابِرُ,"Denying, opposing, adverse."
8,denying,ناڪارَ,"Denying, refusal, objection."
8,destroyed,چپڙاس,"Destroyed, waste, extinct."
8,destroyed,چوڙ,"Destroyed, ruined, waste."
8,destroyed,وِناسُ,"Destroyed, exterminated. Destruction."
8,dragging,جَهڙڪو,"Dragging, pushing."
8,dried,ڪَڙنَگُ,"Dried up, emaciated."
8,dried,گوهيِ,Dried cowdung.
8,drunken,مَخموُرُ,"Drunken, intoxicated."
8,eaten,سريل,Eaten by insects.
8,etc,جاڎان,etc).
8,etc,جيسِتائِين,etc).
8,everywhere,حاضران حضور,"Everywhere present, omnipresent."
8,exactly,نِکَنڊآڌيِ راتِ,Exactly midnight.
8,exactly,هۇبَہ هۇ,"Exactly, precisely."
8,extremely,مهاگرم,Extremely heaty.
8,faded,وساڻل,Faded (color).
8,fallen,پَتِتُ,"Fallen, abandoned, sinful."
8,favor,اَنگِرَهُ,"Favor, kin dness."
8,favored,مَمْنۇنُ,"Favored; thankful, grateful."
8,feeling,حِسِ,"Feeling, sense."
8,feminine,اِستريِ لنگ,Feminine gender.
8,feminine,مُؤَنِّثُ,Feminine (gender). مونجهِہ، مونجهُہ، مونجهَہ
8,filings,ٽُڪَ,Filings of engravings.
8,filled,سَجَڪو,"Filled, palled; wealthy."
8,fragments,ٽُڪِراٺو,"Fragments, pieces."
8,fried,تَلۇڻو,Fried in ghee
8,giving,ڏي وٺ,Giving and taking.
8,habits,ڀيتِ,"Habits, ways."
8,has,موڻِ,has been put.
8,having,بِبِرُ,Having large dugs.
8,having,ڀائِتو,Having a brother.
8,having,جُواريِ,having sweet stalks.
8,having,پَنِرُ,Having leaves; leafy.
8,having,ڌيئيتو,Having a daughter.
8,having,وسعت وار,Having means; solvent.
8,having,سَهيِ سَنبَهيِ,Having got ready.
8,honor,اَجيِ,"Honor, welcome."
8,honor,ڀَرَمُ,"Honor, good name."
8,honor,مُهُتُ,"Honor, respect. Victory."
8,hunting,شڪار گاه,Hunting ground).
8,incidents,سَوانَحِ,"Incidents, events."
8,inevitably,اَوَسِ,"Inevitably, certainly."
8,jerusalem,ولايتيِ ٻٻر,Jerusalem tree.
8,joined,ماهِلُ,"Joined, mixed, mingled."
8,jumping,ڀِنڀَ,"Jumping, frisking."
8,jumping,ٽِپَ وَٺَڻُ,Jumping about.
8,jumping,ٽَپِڪونَچِڪو,Jumping and frisking.
8,kept,ٻِيجيِ,Kept for seed.
8,kept,تاڪانئون,Kept in a
8,kindness,اَحسان,"Kindness, obligation."
8,kindness,ايڇِپو,"Kindness, favour."
8,kindness,تاريِ,"Kindness. Support, reliance."
8,kindness,عِنايَتَ,"Kindness, favour."
8,kindness,ڪِرْپا,"Kindness, favour."
8,kindness,ڪَرَمُ,"Kindness, favour."
8,kindness,لُطْفُ,"Kindness, favour."
8,kindness,مِهِرَ,"Kindness, mercy, compassion."
8,kindness,ڎَتُ,"Kindness, favor."
8,labor,پورِهيو,"Labor, work; wages."
8,lands,زمينات,Lands collectively.
8,laughing,کل کاٻاريِ کلاسريِ,"Laughing, ridicule, joke."
8,laughing,کلڻو,"Laughing, merry, jocular."
8,leaning,اَهليل,"Leaning, lop-sided."
8,looking,نِرْکَہ,Looking closely.
8,loved,قُرْبِوَندُ,"Loved, respected."
8,marvel,عَباسيِ,Marvel of Peru.
8,marvel,عباسيِ,Marvel of Peru
8,melted,گُدازُ,"Melted, dissolved."
8,ministers,اَدکان دولت,Ministers of state.
8,nom,آنئًَين,nom. pl ) of
8,nom,ساڍا,nom. plu. mas (
8,nom,ساڍَيۇن,nom. plu. fem
8,null,رَدِ۽باطلُ,Null and void.
8,null,رد۽باطل,Null & void.
8,offended,ڏمريل,"Offended, angry."
8,offended,رُسَڻُ,"Offended, huffed."
8,offerings,اُپاسِنا,"Offerings, sacrifice; worship."
8,opp,ماٽير,opp to
8,overweight,اُٽل,Overweight; preponderance.
8,owing,آڪُڙَڪري,Owing to.
8,pillars,ستۇن بنديِ,"Pillars, a colonnade."
8,pl,اَنواع,pl. of
8,pleased,سُرْحالُ,"Pleased, happy."
8,portland,ڪاروچڻ,Portland cement.
8,possessed,سَمانگَرُ,Possessed of.
8,praise,اُسِتتِ,"Praise, divine praise."
8,praise,تَعَريفَ,"Praise, laudation."
8,praise,ثَنا,"Praise, laudation."
8,praise,حَمْدُ,"Praise, thanksgiving."
8,praise,صِفَتَ,Praise; quality.
8,praise,مَدَحَ,"Praise, laudation."
8,praise,مَهِما,"Praise, laudation, glory. مِهْمانُ، مَهْمانُ"
8,praise,نِعَتَ,Praise (of Mahomed).
8,praise,واکاڻَ,"Praise, eulogy."
8,preaching,ڪَٿا,"Preaching, interpreting Scriptures."
8,prep,مَٿون,prep. See
8,pres,ڏيِ,pres. p
8,pres,ڏيِندو,pres. p of
8,producing,ڇٻراٺو,Producing much
8,psalms,زَبۇرَ,Psalms of David.
8,pulled,ڇِڪْيَلُ,Pulled; defendant.
8,pulling,تَڻيِ,"Pulling: desire, longing."
8,pulling,کِنچاتاڻَ,"Pulling, pressure."
8,relating,پَيْماشيِ,Relating to measuring.
8,repairing,مَرْمَتَ,"Repairing, mending."
8,residing,مُقِيمُ,"Residing, stationed."
8,respects,نِئازَ,"Respects, regards."
8,rewards,اِنعام اِڪرامَ,Rewards and dignities.
8,roasted,ڪَبابُ,"Roasted meat, roast."
8,roots,اَصليت,"Roots, elements, fundamentals."
8,ruined,بَرِباد,"Ruined, destroyed, lost."
8,ruined,ڀَثِڻِ,"Ruined, destroyed."
8,ruined,تَباهُ,"Ruined, undone."
8,savings,پَسِمانِد,"Savings; remnants, dregs."
8,scattered,ڇُڙْوِکِڙِ,"Scattered, dispersed."
8,scattered,هاريل,"Scattered, spilled."
8,scented,باسارو,Scented; stinking.
8,scented,جَوْرُ,Scented oleander.
8,seeker,گهوريندڙ,"Seeker, searcher."
8,separately,ٻِنِ ڀِنِ,"Separately, severally."
8,separately,جُدو,"Separately, by itself."
8,serenity,سانتيڪائيِ,"Serenity, stillness, quietness."
8,settings,جَڙِتِ,Settings in ornaments. جَڙَڻيِ،جَڙْتِ،جَڙَتِ
8,shaking,جُهٻَ,"Shaking, churning."
8,shaking,لَڙْلَڙِ,"Shaking; chattering, prattle."
8,shaving,حَجامَتَ,"Shaving, tonsure."
8,shaving,سَنوارتَ,"Shaving, tonsure."
8,smaller,اَصْغَرُ,Smaller (a war).
8,smiling,مرڪڻو,Smiling; a smiler.
8,sometimes,مَوادي,"Sometimes, occasionally."
8,somewhat,ٻاَهِرِتيِ,Somewhat outward.
8,somewhat,ڌوْنرَسَرُ,Somewhat grey (hair).
8,somewhat,سرسيڙُ,Somewhat more.
8,somewhat,سَوْکيرِڙو,Somewhat easy.
8,somewhat,سويرڙو,Somewhat earlier.
8,somewhat,لاٺائيِ,Somewhat smaller.
8,somewhat,ميريرڙو,Somewhat dirty.
8,somewhat,نيريرڙو,Somewhat blue.
8,somewhat,وَڌيرِڙو,Somewhat large.
8,sound,اَروﮖ,"Sound, healthy."
8,sound,ڪَڙلاءُ,"Sound, voice."
8,sound,کَڙاکَڙيِ,"Sound, strong."
8,sound,آلابُ,"Sound, cry."
8,spare,فالِٽۇ,"Spare, surplus, overplus."
8,speaking,گَوْن گَوْن,Speaking indistinctly.
8,spinach,پالَڪَ,Spinach (a potherb).
8,spying,جاسۇسيِ,"Spying out, espionage."
8,stairs,ڏاڪَڻِ,Stairs; a ladder.
8,starting,ڇرڪڻيِ,"Starting, shying."
8,stray,لوٿِڪو,"Stray, wandering about."
8,strengthening,مُقَوّي,"Strengthening, tonic."
8,subjected,مادُ,"Subjected, brought under."
8,successful,سَمُرادو,Successful. Amiable.
8,suffering,دکيِ,"Suffering, unhappy."
8,suffering,کيدُ,"Suffering, misery. Deceit."
8,surroundings,ڇَڪَ,"Surroundings, vicinity."
8,suspended,مُعَطَّلُ,"Suspended, in abeyance."
8,sweat,پَگَهرُ,"Sweat, perspiration."
8,taking,ليتيِ,"Taking, receiving."
8,tal,ڊِگهُہ,Tal (in contempt).
8,talk,آلاءُ,"Talk, conversation."
8,talk,چَوْپَچَؤ,"Talk, conversation."
8,talk,گُفْتارُ,"Talk, chat."
8,talk,ڳائووائو,"Talk, mention."
8,termination,پاراپو,"Termination, end, limit."
8,terrific,ڀيتُ,"Terrific, fearful."
8,thanksgiving,شڪرگذاريِ,Thanksgiving; gratitude.
8,thinking,ويِچارُ,"Thinking, consideration, thought."
8,thoughtful,ويچاروان,"Thoughtful, prudent."
8,threat,دَڙْڪو,"Threat, menace, intimidation."
8,threatening,دٻاءُ,"Threatening, menacing, bullying."
8,throwing,اَفِگِنَديِ,"Throwing, casting."
8,timeless,اَڪالُ,"Timeless, eternal. God."
8,touching,دلگير,"Touching, pathetic."
8,towards,مَڻي,"Towards, near to."
8,towards,پاندِ,"Towards, at, near."
8,trailing,ڀَِنِگرو,Trailing eclipta.
8,travelling,راه خرچ,Travelling expenses.
8,travelling,مسافرت,"Travelling, journey, march."
8,travelling,ڀۇڻِ,"Travelling, wandering. Knowledge."
8,tricks,ڦِڪَلُ,"Tricks, artifice, stratagem."
8,tricks,چاڳُ,"Tricks, coquetry."
8,trouble,اَهَنْجُ,"Trouble, inconvenience; pain."
8,trouble,اِيذاءُ,"Trouble, nuisance; pain."
8,trouble,تَصْديِعَ,"Trouble, difficulty."
8,trouble,تَڪْلِيفَ,"Trouble, difficulty, hardship."
8,trouble,جاکوڙَ,"Trouble, difficulty, vexation."
8,trouble,سُتۇنُ,Trouble. Speech.
8,trouble,ڪاڪاهو,"Trouble, pain, difficulty."
8,trouble,لَنوَنديِ,"Trouble, bother (as"
8,unacceptable,ناپسند,"Unacceptable, rejected."
8,understood,لُپْٽُ,"Understood, not expressed."
8,upto,مُنهان مُنهِن,Upto the brim.
8,urging,هُشِ,Urging on.
8,villages,دِهاتِ,"Villages, country."
8,visiting,بيمارپُرسيِ,Visiting the sick.
8,vomiting,اُلِٽڻ,"Vomiting, vomit."
8,vomiting,اوڪارو,"Vomiting, retching."
8,vomiting,قَئي,"Vomiting, puking."
8,waking,جاڳَرْتِ,"Waking, watching, vigilance."
8,wandering,رمتو,Wandering(a faqir
8,washing,ڌئڻيِ,"Washing, a wash."
8,washing,ڪيسيِ سنان,Washing the head.
8,ways,ڀَتِ,"Ways, manner, habit."
8,wearing,چُڙِڻيِ,"Wearing, wear."
8,weaving,اُڻاَوتَ,"Weaving, texture."
8,weaving,اوڄَ,"Weaving, texture."
8,welcome,آدرستڪار,"Welcome, honor."
8,went,اُڌاڻو,Went away. inf
8,worry,پَڪَڙَپَڇاڙَ,Worry. arrest.
8,worry,کاسارو,"Worry, botheration."
7,ab,گِشْڪو,"Ab asion, rubbing, friction."
7,acts,ڪِرْتُ,"Acts, actions. Made, written, composed."
7,agreeing,وَڻَتِ,"Agreeing, love, affection, concord."
7,aim,چُسْتَ,"Aim, the directing a missile."
7,anything,بِشَئي,Anything perceptible to the senses; subject.
7,apparently,ظاهراً,Apparently; as far as appearances go.
7,arab,تازيِ,Arab (horse). A swift horse.
7,arranging,سَنوارُ,"Arranging, regulation. Improvement; cheapness."
7,begun,شُرۇعُ,"Begun, commenced. Beginning, commencement."
7,believing,مُوَحِّدُ,"Believing in one God, a unitarian."
7,belonging,حبِيباڻو,Belonging to a beloved one.
7,belonging,لَڪَڙْيارو,Belonging to a mountain pass.
7,belonging,مَعْدَنيِ,"Belonging to a mine, mineral."
7,billing,چُماچاٽيِ,"Billing and cooing, caressings."
7,birds,پَکَڻُ,Birds; the feathered tribe.
7,boiled,ڀَتُ,"Boiled rice (among Mahomedans). Porridge, gruel."
7,bothered,هَلاڪُ,"Bothered, annoyed, wearied, trouble, vexed."
7,bur,ڀَچَٽيِ,Bur desmochœta (a plant).
7,cards,بَدُ,Cards other than trump.
7,ceased,مَوْقۇفُ,"Ceased, deferred, postponed, abolished; dismissed."
7,chopped,ڪُلْفَتَ,Chopped meat made up in balls.
7,chosen,مُصْطَفَيٰ,Chosen. A name of Mahomed.
7,com,خاصيِ ڪرڻ,com ) To accept (a hundi
7,com,مَتُ,com ) A partnership deed.
7,com,جنس ميل,com ) A stock-book
7,com,ميل ڪڍڻ,com To take stock.
7,com,وهي واٽ,com ) Correspondence. A public road.
7,coming,اَچ وچ,"Coming and going, communication, frequenting."
7,coming,آواگَمَنُ گَوَنُ,Coming and going; transmigration.
7,complaining,هَوْن هَوْن,Complaining from being dissatisfied.
7,consciousness,لَکَہ,"Consciousness, knowledge, information. A mark."
7,containing,تيِليو,"Containing oil, oil-coloured."
7,cooked,اَماپَڪيِ,Cooked by mother; readymade.
7,cooked,رَسوئيِ,"Cooked food, victuals, a dinner."
7,cor,رَئُنَ,"cor of Round). A round, patrol."
7,cor,فِرَنگُ,cor of Frank; Europe.
7,cor,لاٽُ,cor of Lord) The Viceroy.
7,cor,وَرْتو,cor of Order. A uniform.
7,corpse,سِرِيهُ,"Corpse, dead body ( Shah"
7,coupled,ٻِثو,"Coupled, joined, paired, double."
7,coupled,سلهاڙيل,Coupled. Confined (to bed).
7,courage,سَتِيا,"Courage, spirit, energy, resolution. Honesty."
7,crooked,اَڙﭔنگ,"Crooked in disposition; perverse, forward."
7,crooked,تِرْڇو,"Crooked, awry; turned out (as toes)."
7,crooked,ڦِڏو,"Crooked; club-footed, deformed. ڦِڏْڪو،ڦِڏائيِ Crookedness."
7,crooked,ريِجَهڻُ,"Crooked, mischievous. abs. n"
7,cry,پُڪارَ,"Cry, outcry; a complaint."
7,crying,اوراڄو,"Crying, weeping. Calamity, evil, ill fate."
7,crying,راڙ,"Crying, roaring, constant crying."
7,crying,زاريِ,"Crying, weeping, lamentation. Supplication, entreaty."
7,curry,تِيوَڻُ,"Curry of various kinds, seasoning, relish."
7,dashed,چَڪْناچۇرُ,"Dashed to pieces, bruised."
7,declining,لاڙۇ,Declining (as the sun).
7,destroyed,ناسُ,"Destroyed, extinct. Destruction, ruin."
7,doing,اُٿامار,"Doing things offhand, dabbling."
7,dried,سوڪَڙِ,"Dried up, parched (a crop)."
7,dried,سُڪَلُ سَڙِيَلُ,"Dried up, withered; weazen."
7,eaten,ڏُٿُ,eaten on fast days.
7,entering,دَخَلُ,"Entering on; interference, meddling."
7,etc,حُقو,", etc."
7,etc,شاگِرِدُ,", etc."
7,exactly,ساڳي,"Exactly, the very same."
7,falling,گيارس,falling on the 11th of
7,filled,ٽِمٽارُ,"Filled to the top, brimful."
7,filled,چوٽانچوٽِ,"Filled, full to the brim."
7,filthy,ڪِنو,"Filthy, bad, stinking, putrid."
7,freed,سَنڪَرُ,"Freed, released. A name of Siva"
7,giving,ڏئڻ وٺڻ,Giving and taking debts and credits.
7,giving,ڪڃادان,Giving the bride in marriage.
7,giving,ليتيِ ڏيتيِ,"Giving and taking, traffic, dealings."
7,glazing,ڪاشيِ,"Glazing put on earthenware, glaze."
7,has,اِبهيِٴڪڙيِ آيوآهيِ ڇا؟,Has he reached this stage?.
7,having,اَکِرُ,Having eyes or spots.
7,having,آنيارو,Having roe (as the palla fish.)
7,having,بيٺل ڪاُر,Having power and position. (
7,having,ٻِلاثو,Having two flames; shining two ways.
7,having,ٻِهُڃاڻُ,Having much knowledge; wise.
7,having,ڀيِديِ,Having knowledge of one's secrets.
7,having,پَنجَڻِ,"Having five teats (a cow, &c.)"
7,having,پَهَلۇدارُ,"Having facets, or sides."
7,having,چَتُرَڀُڄُ,Having four arms (said of Vishnu).
7,having,ڌيڻيوارو,"Having such; hence, in easy circumstances."
7,having,ڏهسو,Having 1000 threads in the woof (cloth).
7,having,ڪَجْلو,Having the eyelids so painted.
7,having,ڪَمَرَبَسْتو,Having the waist girded up.
7,having,کِلَ مُکو,"Having a smiling face, affable, merry."
7,having,گل مُنهون,Having a ruddy face.
7,having,ڳڀوراڙو,Having a large family of children.
7,having,گهڻ ٻجو,"Having many seeds, seedy."
7,having,لاڳدار,Having a connection or interest.
7,having,مٿي ميريِ,Having the menses (a woman).
7,having,مُرْسيتيِ,Having a husband (a woman) married.
7,having,وڎخرچو,Having many expenses; expensive.
7,having,ساءُ,Having the taste of poison.
7,having,هَٻو,Having the wings clipped.
7,having,هجائتو,Having the influence of friendship.
7,having,هَنگايو,Having an inclination to stool.
7,heard,هَفَوائيِ,Heard by report. Report.
7,hundreds,سَوين,"Hundreds, hundreds of, in hundreds."
7,hunting,آهيڙو,"Hunting, pursuing or killing game."
7,hunting,شِڪارُ,"Hunting, chase, shooting, prey, game."
7,insects,سُرو,Insects destructive to grain.
7,joined,شامِلُ,"Joined, connected; associated; concerned; attached, appended."
7,judging,ڏٻرو آچارُ,Judging at the lowest estimation.
7,killed,ڪُشْتَهَ,"Killed) Calcined metal, calx."
7,killing,مارو,"Killing; dying, mortality; massacre. Killer."
7,kindness,پاڄارو,Kindness; a kind act.
7,kindness,نَوازَ,"Kindness, showing kindness or liberality."
7,kinds,تِڎيِ,Kinds of cricket or cockroach.
7,knowing,ڍُٽو,"Knowing, sharp, clever (a thief)."
7,laughing,کِلَ,"Laughing, a laugh, derision."
7,laughing,کلڻائيِ,"Laughing and playing; merriment, risibility."
7,leaves,پَٽَهَہ,Leaves of a cotton-pod.
7,lined,سۇسيِ,Lined or striped cloth.
7,lit,چارپئسا,lit Four pice) Money; competence.
7,lit,خۇدڪشيدو,lit Self-drawn). Fancy blend (liquor).
7,lit,نِشَسْتِ بَرْخاسِتِ,"lit Sitting and rising). Etiquette, manners."
7,lit,هَمَهَ اۇاَسْتِ,lit All is He) Pantheism.
7,lit,اوتِ پوتِ,lit warp & woof) Thoroughly.
7,liter,اُلَسْتُ,liter Am I not?) Eternity.
7,loving,ڀَڳِتيِ,"Loving devotion, ardent worship."
7,ninth,نائون,Ninth. The figure nine.
7,observing,اُهاڙُ,Observing of traces; ( mil ) reconnoissance.
7,obtained,ڳاڙُئون,Obtained by oozing or dripping.
7,ordered,مامۇرُ,"Ordered. Usage. Work, business."
7,peel,ڇِلُ,"Peel, skin, rind, shell, filings, shavings."
7,pertaining,سڌاڻو,Pertaining to a holy man. Miraculous.
7,playing,گَنجِفو,"Playing cards, a pack of cards."
7,pluto,ڌرم راءِ,Pluto (of the Hindus)
7,prayers,فاتَحَ,Prayers for the dead.
7,preparing,سانباهي,"Preparing for a journey, &c., preparation."
7,prevalence,واسِرو,Prevalence (of a disease). a. See
7,providing,پالِنا,"Providing, or caring for, bringing up."
7,pulling,گوشِماليِ,Pulling the ears; chastisement; reproof.
7,pulling,ڎاڙهئيِ پَٽَ,"Pulling of beards; quarrelling, scuffle."
7,putting,نَٽاءُ,"Putting off, evading, shirking."
7,quietly,گَهس ڦُسِ ۾,"Quietly, in hugger mugger."
7,rebound,لَمُ,Rebound of a ball. ( Up. S ).
7,respected,بَرْکہُ,"Respected; honored, having influence."
7,respected,عَزِيزُ,Respected; dear. A relation.
7,risen,آڪِرو,"Risen in price, dear; cross-dispositioned."
7,scattered,ڪَڻوڪَڻو,"Scattered, dispersed, in divers directions."
7,scattered,وائِوِڪِرِ,"Scattered, wandering; helpless and harmless."
7,scorpio,عَقْرَبُ,Scorpio — a sign of the zodiac.
7,secretly,لِڪَ ڇِپَ ۾,"Secretly, on the sly."
7,seeds,ڪِرْياڻو,Seeds other than cereals.
7,separately,پاڻوواڻيِ,"Separately respectively, at one."
7,signs,ڍوءُ,"Signs of rain, bad weather."
7,somewhat,اَلبت,"Somewhat; certainly, of course."
7,somewhat,ٿُلهيڙو,Somewhat thick or corpulent; thickish
7,somewhat,ڊگهيرڙو,"Somewhat long or larger, tallish."
7,somewhat,ڳوڙهيرڙو,Somewhat thick or dense.
7,somewhat,وَڎيرڙو,"Somewhat large, biggish, too large."
7,somewhat,هيٺتي,Somewhat low or lower.
7,sound,اَروﮘا ئيِ,"Sound health, freedom from sickness."
7,sound,چَرْٻمِ,Sound made in eating.
7,sound,سُمَتيِ,Sound sense or judgment.
7,sound,صَدا,"Sound, voice, echo. Mendicant's cry."
7,sound,گهِڻْگِهڻِ,"Sound of a bell, ding-dong."
7,speaking,پَرَپَچارَ,Speaking ill of others.
7,spreading,پَکيڙَ,"Spreading out; expansion, extent, area."
7,spying,چارالَ,"Spying, scoutineg, secret inquiry. چارِپو،چارَپَ،چاراپو"
7,st,پاپيِتو,St. Ignatius's bean.
7,sticking,لِڳْلِڳِ,"Sticking, stickiness. Glutinous, sticky."
7,still,تِهائيِن,"Still more, the more."
7,still,ڪُهائيِ,Still born (an infant).
7,stocks,اِشڪَنْجو,Stocks for torture. Bookbinder's press.
7,stopping,ٿَمُ,"Stopping, ceasing. A lair."
7,stored,سَٿُ,"Stored, hoarded. Pressed down."
7,struck,ڪانارِيو,Struck by an arrow.
7,suitable,جوڳو,"Suitable, fit, proper, sufficient; liable."
7,swallowing,ڳيِتَ,"Swallowing, a swallow, a gulp."
7,sweeping,چوتيِ,Sweeping clean (as by a thief).
7,talk,چَرْچو,"Talk, report; joking, ridicule, jesting, raillery."
7,talk,ڏندچرچا,"Talk of the town; gossip, scandal."
7,talk,ڪن جۇن ڳالهيۇن,"Talk in whispers, private talk."
7,talk,ڳالَهُ,"Talk, chat; abusive language."
7,talk,ڳالهاءُ,"Talk, sound of speaking."
7,talk,ڳالِهہ ٻولِهہ مُهارِ,"Talk, chit-chat, conversation; negotiations."
7,tested,مُجَرِّبُ,"Tested, proved, tried, expert."
7,thoughtful,قياسيِ,"Thoughtful, considerate; kind; theoretical; hypothetical."
7,thousands,هزارون,"Thousands of, or by thousands."
7,throwing,نيزي بازيِ,"Throwing the lance, tilting."
7,thrown,برامديِ,Thrown up by the river.
7,thunder,گوڙِ,"Thunder, a peal, a rumbling noise."
7,till,تاسيِن,"Till then, so long ( corr of"
7,till,(تائين),"Till, until, up to."
7,till,توڙِبن,"Till, up to; as far as."
7,totally,صفن صفا,"Totally void, empty, cleared out."
7,towards,ڏانهون,"Towards, in the direction of."
7,travelling,ڀَتُ,Travelling or additional allowance; rations.
7,trouble,جَفا,"Trouble, hardship; molestation, injustice."
7,trouble,جَنَجَلُ,"Trouble, difficulty, embarrassment, mess."
7,trouble,دِقَتَ,"Trouble, annoyance; pain, ache."
7,trouble,هڻ ڌڻ,"Trouble, bother. False weighing or. measuring."
7,turkish,تُرْڪيِ,Turkish. The Turkish language.
7,turn,ڀيِرو,"Turn, time; a revolution, turn."
7,turned,اوٿِلوُ,Turned over (as a neck-tie).
7,turned,مُتَوَجَهُ,"Turned towards, attentive, favourable."
7,twist,وراڪو,"Twist, turn, twisting, wind, winding."
7,ups,نَشيبُ وفَرازُ,Ups and downs; profit and loss.
7,vegetables,بَرٿو,Vegetables boiled and then bruised.
7,vegetables,بَڪُر,"Vegetables and fruit, greens."
7,vegetables,سائي ڀاڄيِ,"Vegetables, leaves, greens, pot-herbs."
7,vegetables,ڪَچِريِ,Vegetables sliced and dried.
7,vomiting,رت جيِ اُلٽيِ,"Vomiting of blood, hæmatemesis."
7,warriors,ڪوڎيا,Warriors fond of war. ( Shah
7,washing,پَنجِسَنانيِ,"Washing the hands, feet and head."
7,washing,طَهارَتَ,Washing either partially or fully; See
7,watching,سنڀال,"Watching, taking care, guarding"
7,weaving,ميل ڪرائڻ,weaving To close or cover cloth.
7,weighing,ڌَڙُ,"Weighing, measuring (grain and merchandize)."
7,welcome,ڀَليِن آيئَن,Welcome! You are welcome.
7,women,مَسْتۇرِاتِ,"Women, respectable ( i. e veiled) women."
7,worked,مقيس,worked or woven into it.
7,worried,آتو,"Worried, weary; eagerly anxious."
7,wreck,ڪونچ جاٽڪرا,"Wreck, the ruins of a ship."
6,acts,فَعْلُ,"Acts, deeds. Fornication, adultery. ( gram ) A verb."
6,aim,شَسْتُ,Aim; a thumb-stall used by archers.
6,among,وِڌِ,"Among Hindus, the defilement brought on others by one dying in a state of uncleanness, or on one's self from causing the death of a cat, &c. A defect (in a metal). See"
6,anything,پُڙْدُ,"Anything used as tinder. Paper, cloth, etc, torn up or tossed together."
6,anything,طافُ,"Anything dividing a plain from a mountain, a border."
6,anything,عيد,anything laid by against the evil day.
6,arrived,راسۇ,"Arrived at excellence, or a state of perfection."
6,beating,پِٽِڪو,Beating the head or breast from grief.
6,beating,ڦَهَ ڦَهَ,"Beating, striking; the sound of a slap or blow (in quick succession), a shower (of abuse); a thud."
6,began,ڳالهائڻ لڳو,"Began to speak); to get aground (a boat); to rot, be spotted (fruit); to match with; to follow, to listen to, believe, rely on (what another says); to reach; to appertain; join. To strike (as a stone); to strike (the mind)."
6,belonging,مُلْکيِ,"Belonging to one's country, indigenous; national; political. Revenue."
6,breaking,ڀَڃُگَهڙِ,"Breaking up and remaking; adding and deducting; prudence, sense."
6,brutal,مرنئَڪو,"Brutal, etc."
6,chopped,ڪُتِرِ,Chopped straw or grass; the chopping such into small pieces.
6,clouds,غُبارُ,Clouds of dust; mist; weight on the mind.
6,complaining,مُتَشَڪيِ,Complaining; See under
6,containing,لَوْنگيِ,"Containing cloves, having the taste of cloves."
6,cor,فِرَنٽِ,"cor of Front.) Rebellious, ready to fight."
6,crooked,ڏنگو,"Crooked, bent, awry, uneven, oblique; naughty, full of opposition or crooked ways."
6,crooked,ڪَجُ,"Crooked, curved; cross, perverse. ( survey ) A corner."
6,crowded,ڳَهَٽُ,"Crowded together, collected in a crowd. A throng, crowd."
6,crying,رنگهَہ,"Crying, complaining, fretting (of a child from sickness)."
6,cuts,اُٽي,Cuts (with friends).
6,dancing,راسَ ڌاريِ,Dancing boys who act the parts of Krishna and the gopis
6,dates,ڪَتَلَ,Dates brought from abroad packed up in a lump.
6,debts,پيٺِ,"Debts, liabilities. An offering given to a superior."
6,depending,ٺينگيمَڙْديِ,"Depending on one's self, self-reliance; independence, smartness."
6,dried,ڇَهُ,Dried leaves and stalks falling to the ground.
6,etc,براهمڻيِ٬ برهمڻ,etc. See
6,etc,ڀَوڻُ,"etc. Eccentricity, pride."
6,etc,جَڎهاڪُرَ,etc.).
6,etc,جَڎهِن,etc.) تَڎْهوڻِڪو، تَڎْهوڪو
6,etc,جِئَن,etc.)
6,etc,پاڙوسيِ,etc. under پارون، پاڙو See
6,etc,جانمَْردُ,etc. See
6,etc,جِتِ,etc. جِٿَئون،جِٿانئَون،جِٿان
6,etc,ميٿيِ,"etc.), a cluster."
6,etc,چۇنجهائيِ,etc. See
6,etc,ڏُهيلو,etc. See
6,etc,مُڙْسُ,etc. See
6,etc,مَهِنو,etc. See
6,etc,نِيازُ,etc. See
6,etc,وغيره,"Etc., et cetera."
6,etc,عَهُدو,"etc., under"
6,etc,کَٽوليِ,etc.).
6,fallen,سَڙُه,Fallen and stretched out (said of a sluggard).
6,fallen,نازِلُ,"Fallen on one (as a misfortune), descending."
6,falling,ٽَپِڪو,"Falling of ripened fruit (esp. mangoes), a windfall. ( e. g"
6,filthy,خِلْْطُ,Filthy humours secreted in the bowels; one of the four humours of the human body.
6,folds,لانگَ,Folds of dhoti passed between the thighs; a cloth worn between the legs; the girding one's self in this way.
6,formed,ڇيلِوون,"Formed of pared or peeled wood, devoid of skin or peel; shaped or squared (timber). Scaly (a fish)."
6,forming,جوڙُ,"Forming, junction; addition, total, sum. A match, fit, fellow. A crowd or body of faqirs. a Suitable, fit. Well, in good health."
6,gains,ٻِيگهيِ,"Gains coming in from two quarters, a capital opportunity."
6,grains,آڻُ,"Grains of tares, &c. found in rice. اُڻَپَ، اُڻَتِ، اُڻاتِ، اُڻاتَ"
6,having,ڀُچُ,"Having long straggling hair; barbarous, or barbarous-looking, uncouth Long tangled hair."
6,having,پَنجِڪَلْياڻُ,Having four white feet and a white mark on the forehead (a horse).
6,having,ڌڻڪو,"Having an owner. Straight, exactly, in the spot."
6,having,ڏَنوَڏارُ,Having a tendency to tear wearing apparel.
6,having,رۇماچِتُ,"Having the hair of the body erect; hence, delighted, enraptured."
6,having,ستارپيشانيِ,Having a star in the forehead (a blemish in a horse); said also of an ill-fated person.
6,having,سُچَرُ,Having a constantly good appe tite; voracious.
6,having,سُساڏو,"Having a large quantity of pepper, salt and spice; spicy, piquant."
6,having,گريارو,"Having knots or sections (as sugar-cane, &c.), jointed."
6,having,مائيدار,"Having substance, or body; substantial, possessing thickness."
6,held,سَماجِڪُ,"Held in common, belonging to a society."
6,influenced,ڪانيارو,"Influenced by another; dependant, indebted, under obligation. Timid."
6,kissing,قدم بوسي,Kissing the feet of a superior; respectful salutation.
6,lit,بالانِشيِنُ,lit high-seated). Sitting high. A high seat.
6,lit,ٺوٺُ,lit A dried-up tree). A dried-up mass of body; any thing hard from dryness.
6,lit,چارآدميِ,lit Four men) People in general; a jury of arbitrators.
6,lit,چئن ڎينهن جوچٽڪو,"lit Four day's glimmer). Ephemeral existence, nine days' wonder."
6,lit,خانه بدوش,lit One's house on his shoulders; nomadic.
6,lit,ڪنڊاپوکڻ,lit to sow thorns.) To do evil.
6,lit,ڪَناگهَڙَڻُ,lit To make pots). To idle away time.
6,lit,نڪ وڍڻ,lit To cut the nose; to put to shame.
6,lit,سرنوشت,"lit What is written on the forehead, destiny."
6,lit,هرديگيِ چمچو,lit ) A ladle for every kettle; spoken of a mischief maker.
6,looking,جهاتيِ,"Looking through a hole or round a corner secretly, peeping."
6,looking,ديِکَہ,"Looking intensely; excessive strain on eyes; photophobia, or in tolerance of light."
6,looking,ڏِتِ,"Looking earnestly; making much use of or straining the eyes. Habit, custom. ڏُتِڙْجَڻُ ، ڏُتِرْجَڻُ"
6,looking,سۇنجَهہ,"Looking about, spying here and there, inquistiveness."
6,looking,نِهارَ,"Looking at, looking for, viewing, staring, watching."
6,mah,وَظيفو,"Mah daily worship; stipend, pension; a scholarship."
6,med,سَجُهہ,"med ) Lochia, the discharge from the womb and vagina which follows child-birth."
6,med,ضيق النفس,"med ) Dyspnœa, difficulty of breathing; asthma."
6,med,ڪنَگو,"med ) Marasmus, a wasting away of flesh."
6,obtaining,جۇڻيِ,Obtaining and giving information as regards criminals.
6,ornaments,مَڻِيو,"Ornaments for the person trinkets, jewels. A bead."
6,performing,نارائِنَ ٻَلي,Performing an extra funeral ceremony for a person who has died of an accidental death.
6,pertaining,چاهی,Pertaining to a well; cultivated on well-water.
6,pieces,جوٽا,Pieces of thread for attaching those of the warp to the warp rod.
6,popped,ڦُلو,"Popped corn. Leucoma, albugo. Lamp black, the snuff of a candle."
6,possessed,مالدار,Possessed of property or cattle; wealthy. A cattle proprietor.
6,pulling,گهيچو,"Pulling and pushing backwards and forwards, or in and out, irregular oscillation, the uneasy motion or jolting of a camel, &c."
6,putting,تَعَمِيلَ,"Putting in force or practice, execution (of a decree), service (of a notice)."
6,putting,ڪَرَڌَرَ,"Putting things to right, manner of arranging things."
6,relating,نوابيِ,"Relating to a nawab. a Deputyship, a governorship. A kind of thin silk cloth."
6,removing,آنچَڪ,Removing the check (in chess) by bringing forward another piece.
6,removing,لاڎَڻِ,"Removing from one place to another; the goods, chattels so removed."
6,risen,اُٿِيَلُ,"Risen; sore (an eye); heavy (sea); longing, yearning (the heart)."
6,ropes,پيرَڻ,Ropes tied round the feet by thieves.
6,showing,ڏيکارو,"Showing, seeing, sight, appearance, deportment; a manifestation."
6,something,لهڻو,"Something to be received, a due, credit."
6,something,سَرِباريِ,Something extra added to the load agreed upon.
6,somewhat,اورتانهون,"Somewhat nearer, a little on this side."
6,somewhat,ڦِلهائيِ,"Somewhat flaccid or of soft or loose body; weak, feeble of mind."
6,somewhat,ڪُڇُ,"Somewhat, aught, something, anything, ever so little, whatever."
6,sound,ٽيِن ٽيِن,Sound of a fart. Idle foolish chattering.
6,spots,ٻُرْٻُرِ,"Spots or pimples on the skin; a rash, efflorescence. A quantity of lice or grubs."
6,staring,گهۇرَ,"Staring fiercely, looking dark and angry. Remembrance."
6,staring,هِڪَ ٽِڪَ,"Staring, looking fixedly. Fixed (as a paper kite); firm, constant (in one's word)."
6,still,هيڪاريِ,"Still, more, still greater, still less, still further. For good."
6,stray,فِروعيِ,"Stray, and without owner (cattle, &c.) A fine taken from thieves for a theft committed. The word (from"
6,strings,لارَ,Strings drawn out from any glutinous substance (as honey hanging down from the comb); money coming in as a fee or allowance from different directions. The tongue or clapper (of a bell).
6,sweeping,ميڙسيڙ,"Sweeping up together, the act of sweeping; sweepings."
6,swinging,لوڏو,"Swinging, shaking; a shock; convulsion; jolting, a swing, oscillation, vibration."
6,taking,کَڻَتِ,"Taking up goods in account, tick, debt."
6,talk,آلاپُ,"Talk, conversation. A prelude to music, sweet strains."
6,talk,پَچارَ,"Talk, speech; improper or unpleasing talk, irritating language."
6,talk,ذِڪِرُ,"Talk, saying, mention, remembrance; reading of the Quran and reciting the praises and names of God."
6,talk,ڳالهوڙ,"Talk without end, great prolixity of tongue; a serious affair."
6,things,گَنڊُگوڙ,"Things tossed about or tangled together, trash, dirt, rubbish; a tangle, perplexity, disorder."
6,throwing,ٻَريِ ٺَريِ,Throwing the ashes into the river immediately the corpse is burnt.
6,till,تيسيِنتوئِين,"Till then, so long, up to that time or place. ( corr of"
6,trees,وَڻُ ٽِڻُ,"Trees, shrubs, etc."
6,trees,وَڻراهِ,"Trees, a bush or tree in general; the vegetable kingdom. An avenue of trees."
6,troubled,دِقُ,"Troubled, annoyed. The fulness and pain from surfeit and indigestion."
6,turned,هيٺَمُهون,"Turned on the face or upside down, inclined to one side."
6,twist,پيچُ,"Twist, turn, revolution, coil. Gripes. Perplexity, difficulty, a fix, maze. A screw. Circumvention, cheating; equivoque; tactics."
6,twist,وَرُ,"Twist, curve, bend, turn, circuit, coil curl, ringlet, winding. A boon, blessing, especially in the gift of a Brahmin or deity. ( com ) Quality or number of cloth. Circumvention, deceiving. A bridegroom or husband."
6,tying,ڏنديِ,Tying a thread on the teeth of a comb for the purpose of getting out the lice from the hair.
6,verified,ساڀيان,"Verified confirmed, true, correct. In truth or reality, in earnest."
6,viewing,نِظارو,"Viewing, prospect; an open view; a scenery; splendour, beauty."
6,wandering,ڏورَ,"Wandering about in search of any thing, quest."
6,watching,ٽَهورَ,"Watching, etc."
6,worked,ڀَرتۇ,Worked with embroidery. (
6,wrestling,ملاکڙو,Wrestling or sport of wrestling; a place for wrestling.
5,anything,آلونۇرُ,"Anything worthless, spoiled, etc. abs. n"
5,bubbles,ڀُڻِڪَ,"Bubbles in glass, etc."
5,charmed,اَڪَنُ ڇَڪَنُ,"Charmed, fascinated, mad with love."
5,cooked,واڱڻ,"cooked with channa meal, &c."
5,delivered,اَمَهَڙو,Delivered with difficulty (a young one).
5,etc,جَڎْهوڪو,etc.). A long time since.
5,etc,پاروسيِ,"etc.) Neighbouring, vicinal. A neighbour."
5,etc,ڳُڻاريِڪ,etc. under ڳُڻوانُ . ڳُڻُ Possessing excellent qualities.
5,favor,ٿَڌوٿورو,Favor done with a purpose.
5,filled,طامع,"Filled with avidity or desire, covetous."
5,filled,مَڳُہ,"Filled with pride, wine, &c., wanton."
5,growing,ڇِڳارو,"Growing in clusters, etc., tufted."
5,having,سامايل,Having arrived at etc.
5,leadership,پيشِوائيِ,Leadership; escort and reception of etc.
5,plated,ملمعيِ,Plated with gold or silver.
5,sound,سُکوپَتِ,"Sound sleep, deep sleep. سُکِياڻيِ، سُکِيو، سُکيِ See under"
5,sound,نِدا,Sound; ( gram See under
5,stay,رِهائِڻُ,"Stay, staying. Manners; life, business, etc."
5,turn,ويرُ,"Turn, turn. See under"
4,abs,پارﯘٿو,Stale abs. n
4,abs,جۇکو,Moneyless. abs. n
4,abs,شفاياب,Convalescent. abs. n
4,abs,نيڪ بخت,Fortunate; dutiful. ( abs
4,abs,هريوڀريو,Idem. ( abs. n
4,actions,عمل,") Actions, conduct."
4,addressed,سيڻُ,so addressed.
4,afghan,پَٺاڻُ,"An Afghan, Pathan."
4,agreeing,قائِلُ,"Acquiescing, agreeing, convinced."
4,agreeing,مُتَفِقُ,"United, agreeing, unanimous."
4,agreeing,هامَ,"Assent, agreeing."
4,ah,ووءِ,Alas! ah!
4,altered,مُبَدِّلِ,"Changed, altered."
4,am,اَناالحَقُّ,I am God.
4,american,عشق پيچُ,The American Jasmine.
4,analyze,تَفْرِيقَ ڪَرَڻُ,To analyze.
4,ancestors,اَباواَجْدا,"Forefathers, ancestors."
4,andrew,جعفرزٽليِ,Merry Andrew.
4,angles,متبدل ڪنڊوُن,Alternate angles.
4,annoying,ڇيڙَ,"Annoying, etc., instigation; a number of persons following and provoking another."
4,annoying,کِيدِرو,"Troublesome, annoying."
4,ant,اُڏوهيِ,A white ant.
4,ant,چٍيهو,A small ant.
4,anything,ڪَنچَنُ,Gold. Anything delicate.
4,approaching,وارُ,"Coming, approaching."
4,arab,عِراقيِ,An Arab horse.
4,arguing,ردبدل ردقد,"Disputing, arguing."
4,arguing,وادُ,"Disputing, arguing."
4,aries,ميشُ,The sign Aries
4,aries,ميکُہ,The sign Aries
4,arranging,ٺاهَ,"Inventing, arranging, assorting."
4,arrive,رَسائِڻُ,"). To arrive, reach."
4,arrive,وارَدُٿئَڻُ,To arrive.
4,arrived,رَسِيدو,"Arrived; matured, ripe. Having communion with (God)."
4,asking,کيڪارَ,"Asking after one's welfare; the ceremony of salutation or inquiry at the meeting of friends, greeting."
4,atoms,ڀورِ,"Crumbs, atoms, powder."
4,atoms,چۇرو,"Powder, filings, atoms."
4,attacking,ڇِڙْٻَ,"Attacking with a sharp voice, snapping at one; a rebuff."
4,bark,بهۇڙ,A bark.
4,bark,ڀَونڪَڻُ,To bark.
4,bark,ڀَونڪَ,A bark.
4,beating,ٻُِلهَہ,"Punishment, beating; scolding."
4,beck,ڪنجڪ لڳہ,Under beck & call.
4,believed,پَتِجَڻُ,To be believed. پَتِوَنتُ،پَتِ وارو
4,billiard,ڪَتيِ,( Billiard ) Canon.
4,birds,چُڳَڻُ,) Food o birds.
4,blamed,حرف اَچڻ,To be blamed.
4,blamed,نِنِتو,"Censured, reproved, blamed."
4,blessings,صَلْواتَ,"Prayer, benedictions, blessings."
4,bodies,اِجرام,n. pl Bodies.
4,bodies,اِجرام سما,Heavenly bodies.
4,boiled,دِمَ,n. pl Boiled
4,boiled,ڏَڌورَ,"Boiled unripe grain of juar, bajiri , etc."
4,boiled,قَلِيو,Boiled flesh or meat dressed with anything.
4,boiled,ڪيهَرُ,Grain boiled dry.
4,bot,اوڌَ,"( bot ) Soboles, sucker."
4,bot,رَجَ,Dust ( bot ) Pollen.
4,bot,سدابهار,"( bot ) Evergreen, perennial."
4,bot,گَوْنٽُ,Kernel. ( bot ) Corolla.
4,bot,اوٽِيڙو,( bot ) A tiller.
4,breaking,اَنجاميِ ڪۇڙو,One breaking promises.
4,breaking,ڊۇنڊۇن,"Farting, breaking wind."
4,bricks,پَٿيرَڻُ,To mould (bricks).
4,brutal,حَيْنوانيِ,"Animal, brutal."
4,bullying,دٻاءُ,"Threatening, menacing, bullying."
4,cards,تاشَ,Brocade). Playing cards.
4,causing,پِريرِڻا,"Causing to do, etc. Act of sending, etc."
4,causing,واتَوارو,Emetic causing vomiting.
4,center,سَنتَرُ,cor of Center.
4,ceremonies,پَتِرَڪَْرمُ,Funeral ceremonies.
4,changed,تَغَيُّرُٿِيَڻُ,To be changed.
4,checked,پَلِجَڻُ,To be checked.
4,cheers,جئيِ جئيِ ڪارِ,"Rejoicings, cheers, exultation."
4,chips,ڀَوانيِ,Thin chips.
4,chopped,ڏاڪَرِ,Chopped straw with which cattle are fed.
4,chosen,بَرگُزيِدو,"Elect, chosen."
4,chosen,پَسَندِ,"Approved, chosen."
4,chosen,ڪَسِ,"Approved, chosen."
4,chosen,ناپئد,"Rare, chosen, unequalled."
4,cleaned,ٻِِثَٻُهيِ,Ill cleaned grain.
4,collected,اُڳڙڻ,To be collected.
4,collected,ڪَٺو,"Together, collected."
4,collectively,زمينات,Lands collectively.
4,collectively,ساه پتاه,"Jewellry, jewels collectively."
4,collectively,سِپاهُ,"Soldiery, soldiers collectively."
4,color,وساڻل,Faded (color).
4,colored,ميندئَيِ رَتَڙيِ,Henna colored.
4,colors,چِٽَ چِٽَ,Variegation of colors.
4,com,سۇجَ,( com ) Gross (weight).
4,com,کوٽِپو,( com ) Wastage.
4,com,اصل مال,( com ) Prime quality.
4,com,مُدي پُنيِ,( com ) Mature.
4,com,موڙومچڪو,Idem. ( com ) Dull.
4,coming,ايِندَڙِ,While coming.
4,commissioned,سَنَديِ,"Covenanted, commissioned, accredited."
4,comp,آميزِ,(in comp ) Mixed.
4,comp,ٽِنجَ,"Conceit, foppery. ( comp"
4,comp,چَؤ,(In comp ) Four.
4,comp,سُوَّ,(In comp ) Self.
4,comp,عَلي,(In comp ) On.
4,comp,گۇنُ,(In comp ) Colour.
4,comp,نِويِسُ,(In comp ) Writer.
4,comp,ياوَرُ,(In comp ) Keeping.
4,competence,دال روٽيِ,fig ) Moderate competence.
4,competence,سَرَڻُ,"Means, competence."
4,computing,ڳَڻَڻُ,") Counting, computing."
4,consequences,آڳوپيڇوڳڻڻ,To weigh consequences.
4,considerable,ڳَچَجيتِرو,A considerable quantity.
4,considering,ڳَڻَتورَ,"Calculating, considering."
4,constrained,مَجْبۇرُ,"Compelled, forced. constrained,"
4,continent,کَنڊُ,A continent.
4,continually,ٻارهوئيِ,"Always, ever, continually."
4,continually,هَرَهَرَ,"Constantly, continually, repeatedly."
4,continually,هَميشَهَ,"Always, ever, continually."
4,continuous,ماضيِ مدامي,Past continuous tense.
4,contracted,ڪرۇنڊڙو,"Contracted, or with body drawn up into a small space."
4,converse,واڪَڻُ,"To talk, converse."
4,copier,اُتاريندڙ,A copier.
4,cor,زِڪَ,( cor
4,cor,قائِزو,( cor of
4,cor,ڪافُ,n. cor of
4,cor,ڪڳَرُ,( cor of
4,cor,کَڦَڻُ,( cor of
4,cor,کَرَ,( cor of
4,cor,کَسَمُ,( cor of
4,cor,مُسَطَحَ,( cor
4,coral,پارِجاتِ,The coral free.
4,cords,سيجِبَندُ,Cords with which the sheet is fastened to the legs of a bed.
4,cork,ٻۇچُ,A cork.
4,corn,اُتيهﮡ,To hull (corn).
4,corn,ڪَنڊِ,Threshing corn.
4,corn,مَڪائِڻِ,"Indian corn, maize."
4,corpse,لاشَ,A corpse.
4,corpse,مَڙَهُ,A corpse. See
4,corpse,مَيَتُ,A corpse.
4,corrupted,نِبْتَرِ,"Lost, abandoned, corrupted."
4,corrupted,نبيرڻ,"Spoiled, corrupted, abandoned."
4,cosmos,ڀۇن وديا,"Creation, the cosmos."
4,costly,مَهَنگو,"Dear, costly."
4,cottage,ڪُٽيِ,A cottage.
4,cottage,نِجُهرو,"A hut, cottage."
4,cottage,ڇَڄو,"A cottage, house."
4,cough,کِرْْکِٽيِ,Whooping cough.
4,cough,کُرْٽو,Whooping cough.
4,cough,کنگهڻ,To cough.
4,cough,گَٻَهْريِ جيِ کَنگهِہ,Whooping cough.
4,cough,وڎيِ کنگهہ,Whooping cough.
4,counted,ڳاڻ ڳڻيو,"Allocated, designated, counted."
4,coupled,ٻِيجَڙِ,"In couples, coupled."
4,couples,ٻِيجَڙِ,"In couples, coupled."
4,courage,جُراَتَ,"Bravery, courage."
4,courage,ڌوتيِ ڇوڙڻ,To lose courage.
4,courage,ڍڍرڍراٿيڻ,To lose courage.
4,courtyard,اَيْوانُ,A courtyard.
4,courtyard,صَحَنُ,A courtyard.
4,crab,سِيانتو,The river crab.
4,crawl,ريِڙهيِ پائِڻُ,To crawl.
4,created,سُپِجَڻُ,To be created.
4,creator,اُپائٹهار,The Creator.
4,creator,خالِقُ,The Creator.
4,creator,سِرْجَڻَهارُ,The Creator.
4,creator,ڪرتار,The Creator.
4,creator,ڪَلتْارُ,"The Creator, God."
4,creature,ويڇاڙُ,A useless creature.
4,crooked,آڏَِترﮁو,"Uneven, crooked."
4,crooked,آڏوٽيڏو,"Awry, crooked."
4,crooked,ٽوُرو,"Bent, crooked."
4,cross,ڇِڙٻيل,"Snappish, cross."
4,cross,سَنڪۇ,( survey ) Cross staff.
4,cross,صَليبُ,"A cross, crucifix."
4,cross,اُڪِرَڻُ,To cross.
4,crow,اَلُ,A young crow.
4,crow,غَرابُ,A crow.
4,crow,ڪانويليِ,A female crow.
4,crow,ڪانِرو,A young crow.
4,cruel,بي رَحِمُ,"Merciless, cruel. ("
4,cry,رڙڪو,A cry.
4,cry,نَعْرو,"A cry, shout."
4,cry,آلابُ,"Sound, cry."
4,cry,ٽيرَ,A cry.
4,crying,رودَنُ,"Weeping, crying."
4,crying,رئڻائيِ,"Weeping, crying."
4,crying,اُٻِڪارَ,"Sighing, crying."
4,cucumber,پَٽَتﯘريِ,A wild cucumber.
4,cucumber,چِڀِڙُ,The pubescent cucumber.
4,cucumber,وَنگو,The common cucumber.
4,cue,ڏَسُ,"Direction, cue, hint."
4,cuff,بُجو,"A cuff, slap."
4,cuff,ٿًپَڙُ,"A cuff, thump."
4,cuff,چَپاٽَ,"A slap, cuff."
4,cups,پيِتَلُ,"Drunk, in cups."
4,cured,تازوتَوانو,"Refreshed, cured, renovated."
4,curl,ڪُنڍِڙو,"A curl, tress."
4,curry,اَڳرو پوڻ,To curry favor.
4,curse,بِنْبالُ,Pest; calamity; curse.
4,curse,پاراتو,"A curse, anathema."
4,curse,پِٽَ,Cursing; a curse.
4,curse,پِٽِڻو,A curse. See
4,curse,ڪانيِ هڻڻ,To curse.
4,curse,نِپُٽو,Sonless (a curse). نِپُنْسَڪُ، نِپَنْسَڪُ
4,curtain,درپردو,A door curtain.
4,curtain,مڇرداني,A mosquito curtain.
4,curtain,مَهاری,A mosquito curtain.
4,curved,مُدَوَرُ,"Arched, curved, circular."
4,dancing,نَچَڻُ,") A dance, dancing."
4,david,زَبۇرَ,Psalms of David.
4,dealings,ڏيتيِ ليتيِ,"Buying & selling, dealings."
4,dealings,لَڙهُ وَچُڙُ,"Business, dealings; intimacy."
4,degrees,درجيِ بدرجيِ,By degrees.
4,designated,ڳاڻ ڳڻيو,"Allocated, designated, counted."
4,destroyed,بَرِباد,"Ruined, destroyed, lost."
4,destroyed,ڀَثِڻِ,"Ruined, destroyed."
4,destroyed,ڪُٽُ,"Gelt, castrated; destroyed."
4,disappeared,رَفَعَ,"Finished. Removed, disappeared."
4,dishes,اُگهيِ اُٿڻ,Empty out (dishes).
4,does,ڪَرَڻُ,What one does.
4,dogs,ڪُتَنِ هابِ,Fit for dogs.
4,doing,بدڪاريِ,Evil doing.
4,doing,رَهَڙَ,"Doing anything hastily or with negligent precipitation. Scrawling, scratching, a scratch. A beaten path."
4,dolphin,دُلْفيِنُ,A dolphin.
4,doors,بَجَرَڪَپاٽَ,Adamantine doors.
4,drawers,اَڳَٺُ,Tape for drawers.
4,dried,سڪو,"Dry, dried."
4,dried,کارِڪَ,A dried date.
4,dried,ڳنڍربصر,A dried onion.
4,drinking,ڏوگهِرُ,One constantly drinking.
4,earlier,سويرڙو,Somewhat earlier.
4,ect,سٺائتو,"or Opportune, ect."
4,educated,خواندو,"Lettered, educated, (as"
4,engaged,مَشْغوُلُ,"Employed, busy, engaged"
4,etc,تِڎُ,"A grasshopper, etc"
4,etc,پِڃارو,etc. See under
4,etc,چِڙيِ,etc. See under
4,etc,چَمِڙيِ٬ چَمِڙو,etc. See under چَمڙاپوشُ . چَمُ
4,etc,ڇِڪڙ٬ ڇِڪَ,"etc., See under"
4,etc,ڪاراٽِجَڻُ,etc. See under
4,etc,مُتَعْديِ,etc. See under
4,events,سَوانَحِ,"Incidents, events."
4,exchanged,مٽجڻ,To be exchanged.
4,extractor,صورت وَندُ,"Handsome, beautiful. extractor."
4,extremely,نِهايَتُ,"Exceedingly, extremely."
4,faced,مُنهُن,") Faced, as"
4,fairly,حَقِ,"Deservedly, fairly, justly."
4,favor,اُپڪار,"Benevolence, favor."
4,favor,اَڳرو پوڻ,To curry favor.
4,favor,تَوَجَهَ,"Attention; condescension, favor."
4,favor,ياوَريِ,"Assistance, favor."
4,favor,ڎَتُ,"Kindness, favor."
4,feeling,بيِ حس,Without feeling.
4,feminine,ٻيِ,The feminine of
4,feminine,ساڌٹيِ,The feminine of
4,feminine,مسخرياٹيِ,The feminine of
4,filings,ٻۇرو,"Sawdust, filings, powder."
4,filings,چۇرو,"Powder, filings, atoms."
4,filled,ٽِپائيِ,"Sated, filled. Satiety."
4,filled,مَيو,"Filled out; full (as with wealth, fatness, pride, &c.) A camel."
4,filthy,اَڌوتو,"Unwashed, impure, filthy."
4,filthy,گۇنٺُ,"Dirty, filthy."
4,filthy,مَلِينُ,"Dirty, filthy."
4,filthy,ميرو,"Dirty, filthy, foul."
4,filthy,نِڌۇ,"Exceedingly dirty, filthy."
4,filthy,نِڪَ,Very dirty; filthy.
4,finder,لَهَڻُ,") Finder, discoverer."
4,finder,يابَندَهَ,"A finder, recipient."
4,firefly,کَرْکَٽُ,A firefly.
4,flavored,جَسَ ڀَريو,Decent. Flavored.
4,flooded,زيرآب,"Under water, flooded."
4,forgiveness,بخشائڻ,To ask forgiveness.
4,forgiveness,عَفْوَ,"Pardon, forgiveness."
4,forgotten,وِسِرَڻُ,To be forgotten.
4,forming,جوڙِڻي,"Making, forming."
4,fowler,مارُ,A fowler.
4,frequently,دفعيِ دفعيِ,"Constantly, frequently."
4,friends,شيرشڪر,fig ) Intimate friends.
4,fulfill,بجاءِآڻڻ,"To execute, fulfill."
4,fulfilled,مَنْظوُرُ,"Sanctioned, fulfilled."
4,fundamentals,اَصليت,"Roots, elements, fundamentals."
4,georgian,گَرْجيِ,A Georgian.
4,getting,نيباهُ,"Living, getting on."
4,gives,حُڪُميِ,Who gives orders.
4,giving,اِمْدادُ,"A gift, giving."
4,giving,ٻِِلَهہ,Giving milk from two teats (a cow) etc.
4,giving,ٽِلَهہ,"Giving milk from three teats only (a cow, etc.)."
4,giving,کيريتو,"Milch, giving milk."
4,got,سَهيِ سَنبَهيِ,Having got ready.
4,grains,ڏُٿُ,Wild grains.
4,grandfather,پَرَنانو,A grandfather (maternal).
4,grandfather,ڏاڏو,A paternal grandfather.
4,grandmother,ڏاڏيِ,A paternal grandmother.
4,grapes,پَٽَپيرﯘن,"Foxes' grapes, nightshade."
4,grapes,جهنگ جيِ ڊاکہ,(Wild grapes) Physalisminima
4,guessing,ڌڪيِ باريِ,Scuffling. Guessing.
4,gui,سَتارَ,A gui tar.
4,habits,رَهَتِ,"Manners, habits."
4,has,هنجيی هليٿيِ,He has influence.
4,having,اَختياريِ وارو,One having authority.
4,having,اَڌڪاريِ,One having authority.
4,having,اولاديِ,& One having children.
4,having,پَهُچَوارو,"Powerful, having authority."
4,having,چَنِبرُ,Having claws; that which snatches with the claws.
4,having,ڏاٺر,"Tusked, having tusks."
4,having,ڏندر,"Having teeth, one with large teeth; serrated. toothed."
4,having,ريکِيارو,(One) having such.
4,having,سَرَندُ,One having means.
4,having,نافِذُ,"Having effect, obeyed, issued, passed (an order, etc.)."
4,having,نسبتي,"Relative, having reference."
4,headed,ڪج فهم,Wrong. headed.
4,heard,سُيو,) To be heard.
4,heavens,اُﭛ,"The heavens, sky."
4,heavens,آسمانُ,"The sky, heavens."
4,heavens,اَنْبَرُ,The heavens.
4,heavens,رامُ رامُ,inter Good heavens !
4,hindi,وانجِهہ,( Hindi
4,hindi,ويچَڻُ,( Hindi
4,hindu,ڀُڄَڻُ,(Hindu).
4,hindu,تِرْمۇرتيِ,The Hindu Triad.
4,hindu,ڪتيِ,(Hindu fast days).
4,hindu,پاٺِشالا,A school (Hindu).
4,hindu,مَعْرِڪو,(Hindu).
4,hindu,راءِ,A Hindu title.
4,hindu,سوچيِ,A Hindu shoemaker.
4,hindu,مَساڻ,A Hindu crematory.
4,hindu,واجهو,A Hindu schoolmaster.
4,hindu,واڻِيو,) Of a Hindu.
4,hindu,واڻِياڻيِ,A female Hindu.
4,hindu,هٽواڻيو,A Hindu shopkeeper.
4,hindu,هندڪو,Of a Hindu.
4,hindu,هِندُئاڻيِ,A female Hindu.
4,hindu,شاسِتْرُ,The Hindu scriptures.
4,holes,ٽُنگِرُ,Full of holes.
4,honestly,سپتيو,"Honest, Honourably, honestly."
4,honor,آدرستڪار,"Welcome, honor."
4,honor,بنده نوازَ,Your honor!
4,honor,پَتِلاڄَ,"Fair name, honor."
4,honor,جَنابُ,Your Honor.
4,horns,واٽُوان,Curled (horns).
4,householder,گِرْهَسْتُ,"A householder, layman."
4,householder,گهرائيِ,A householder.
4,ideas,مَنوراجُ,"Fancies, foolish ideas."
4,inf,اُڌاڻو,Went away. inf
4,informed,آگاهُ,Acquainted informed of.
4,insects,سريل,Eaten by insects.
4,instruct,تاڪيد ڪَرَڻُ,"To enjoin, instruct."
4,intend,اِرادو کرﮡ,"To resolve, intend."
4,interests,حَقُ حقُۇقُ,Rights and interests.
4,interpreting,ڪَٿا,"Preaching, interpreting Scriptures."
4,jewelry,ڌَڙِ,( Jewelry ) Girdle. ( Weaving
4,joined,هاڻو,"Joined with. An affix signifying ""touched with"", etc., as"
4,joke,کل کاٻاريِ کلاسريِ,"Laughing, ridicule, joke."
4,jump,ٺينگُ,"A leap, jump."
4,jump,خيزُ,"A leap, jump."
4,jump,ڪۇدَڻُ,To jump.
4,keystone,چاٻئيِ جوپٿر,The keystone.
4,kindness,ڀَلاڻيِ,Goodness; kindness; advantage.
4,kindness,شَفَقَتَ,"Condolence, kindness."
4,kindness,ڪارۇن,A kindness.
4,kindness,مهرباني,"Friendliness, kindness, favour."
4,kindness,مَيا,"Pity, compassion, kindness."
4,kindness,هِتُ,"Love, friendship, kindness."
4,kinds,نَوْعَ,") Sorts, kinds."
4,kinds,قسمين قسمين,Of various kinds.
4,kings,شاهنشاه,King of kings.
4,kissing,چُم چُم,Constant kissing.
4,knees,دۇزانو,The two knees.
4,knowing,پَڪوازُ,"Clever, shrewd; knowing."
4,knowing,فارسيِ دان,Persian knowing). داناهُ، داناءُ
4,knows,ڄاڻي ڄاڻَڻَهارُ,God knows.
4,kos,ڳاهۇ,A kos (2 miles.)
4,later,پانهيرو,A little later.
4,leadership,هِدايَتَ,"Guidance, leadership."
4,leaves,پَليِ,The leaves of
4,leaves,پَنِرُ,Having leaves; leafy.
4,leaves,ڦِس,The leaves of
4,leaves,سون مَڪائيِ,"Senna leaves, cassia."
4,leaves,دونو,"Leaves folded in the form of a cup for sweatmeats, etc."
4,lessons,سَبَقَ,Object lessons.
4,lies,اَستﭔولڻ,To tell lies.
4,lies,ڌوڌو,"Fraud, cheating, lies."
4,liquids,ماڻي,Measure for liquids.
4,listener,سامَعَ,"A hearer, listener."
4,lit,سَتاڙو,lit Seventh day). The ceremony of the husband taking his bride home a day or two subsequent to the wedding after she has visited her friends.
4,looking,پوچارَ,"Care, looking after."
4,looking,دَرْپَنُ,A looking glass.
4,losing,هارجيت,Winning and losing.
4,lots,پکُووجَهڻُ,To cast lots.
4,loving,پِريميِ,"Affectionate, loving; devout."
4,lush,رسائتو,"Juicy, sappy, lush."
4,ly,هَفْتيِ وارُ,or Weekly -ly.
4,mach,چَڪرِيۇن,( mach ) Gearing.
4,mah,فَريدُ,A Mah saint.
4,mah,نِمازَ,Prayer ( Mah
4,mah,ٻُرْڙو,A Mah caste.
4,marry,لائۇن لهڻ,To marry.
4,marry,وَرَڻُ,To marry.
4,mas,ساڍا,nom. plu. mas (
4,mas,کارُ,( mas ) (
4,med,خُماقَ,( med ) Quinsy.
4,med,سُفۇفُ,( med ) Powder.
4,med,ڪِڇُ,( med ) Leucorrhœa.
4,med,نيِسائِڻُ,( med ) To resolve.
4,med,وِرِ,"( med ) Sinus, fistula."
4,med,اَنبُ,( med ) Pterygium.
4,med,تَشْخِيصِ,Specification; ( med ) diagnosis.
4,med,عَرْقُ الِسا,( med ) Sciatica.
4,med,ناسۇرُ,( med ) Sinus.
4,medicines,پُنجَ,( ) Heaps (of medicines).
4,melt,آٽﮡ,To melt.
4,melt,پَگهِْرجَڻَ,To melt.
4,mention,ڳائووائو,"Talk, mention."
4,metals,رَچُ,Granulation (of metals.)
4,miles,ڳاهۇ,A kos (2 miles.)
4,millions,اَربِ,A thousand millions.
4,millions,ڪِروڙ,Ten millions.
4,moderately,هالورو,Waving. moderately.
4,moses,مۇسيٰ,The Prophet Moses.
4,motley,پٽو,") Striped, motley, variegated."
4,necessarily,جائيِ,"Positively, necessarily."
4,neighbours,اوڙو پاڙو,"Neighbourhood, vicinity; neighbours."
4,noah,نۇحُ,The patriarch Noah.
4,nom,تَوِهين,The nom. pl
4,nom,مِڙِيوئي,All ( nom. pl
4,notes,ٽِپُ,To take notes.
4,obtained,پِراپَتِ,"Acquired, obtained."
4,obtained,حاصل ٿئڻ,To be obtained.
4,offended,وِڎۇڻو,"Angry, offended."
4,oneself,ڦاسيِ کائِڻُ,To hang oneself.
4,oneself,لڱہ موڙڻ,To stretch oneself.
4,oneself,مزاڪرڻ,To enjoy. oneself.
4,opp,اِسٿۇل,Gross ( opp to
4,opp,ڏۇتو,Income ( opp to
4,opp,سُجَهندو,Light ( opp to
4,opp,سَراوَندو,( Opp
4,opp,ڪَبِيرُ,"Great, opp to"
4,opp,ڪِٺُ,"Heartwood, opp to ڪِٺُ . ڪَچُ"
4,opp,مقررَيِ,"Appointment, opp to"
4,opp,ونجوڳُہ,"Discord, opp to"
4,opp,يَڪِلانگو,"Sidesaddle, opp to"
4,opp,اُڀَڪَ,"Standing, opp to"
4,opp,اَڀَهۇ,"Scanty, opp to"
4,opp,اُجَهندو,"Dusk, opp to"
4,opp,اَڳَڍائو,"Well born, opp"
4,opp,ڀۇتو,"Expenditure, opp to"
4,opposed,وِرُڌِ,"Contrary, opposed, against."
4,opposing,نابِرُ,"Denying, opposing, adverse."
4,ornaments,جَڙِتِ,Settings in ornaments. جَڙَڻيِ،جَڙْتِ،جَڙَتِ
4,overwhelmed,آلۇدو,"Bedaubed; defiled, overwhelmed."
4,pant,سَهَڪَڻُ,"To pant, wheeze."
4,pant,هُڦِجَڻُ,To pant.
4,pat,ٽِپِڙ,"To tap, pat."
4,pat,ٺاپُرَڻُ,To pat.
4,pearls,پوتِ,"Small pearls, beads."
4,pearls,موتِيُنِ جيِ جهانئيِ,Seed pearls.
4,pearls,ڪِلَ,Glimmer (of pearls).
4,pelican,پيڻِ,A pelican. پيڻاڍِيو، پيڻاڍيِ See
4,pelican,ڦيڻاهيِ,A pelican (
4,perceived,مَحْسۇسُ,"Perceptible, perceived, felt."
4,perform,اَداڪرڻ,"To perform, discharge."
4,perform,نِئَتُڻُ,"To do, perform."
4,perform,وضۇسارڻ,To perform ablutions.
4,peru,عَباسيِ,Marvel of Peru.
4,peru,عباسيِ,Marvel of Peru
4,physiol,آڪُڙَ,( physiol ) Sympathy.
4,pieces,تَهَباردُن,n. pl Pieces.
4,pieces,ٽُڪِراٺو,"Fragments, pieces."
4,pieces,اُڌاڻَڻُ,"Halves, two pieces."
4,pinnacle,اَڻيِ,A pinnacle; selfishness.
4,pl,اِجرام,n. pl Bodies.
4,pl,اَحڪام,n. pl Orders.
4,pl,آنئًَين,nom. pl ) of
4,pl,بوراڪۇن,n. pl Barracks.
4,pl,ٻَچَ,n. pl Dovetail.
4,pl,ڀِرۇن,n. pl Eyebrows.
4,pl,تَوِهين,The nom. pl
4,pl,تَهَباردُن,n. pl Pieces.
4,pl,پَرَهَڻُ,n. pl Clothings.
4,pl,پَنڌِرَنِ,The pl. oblique
4,pl,سُڪلَ ڇيڻا,n. pl Casings.
4,pl,ڇيهۇن ڇيهۇن,n. pl
4,pl,دِمَ,n. pl Boiled
4,pl,عَناصِرُ,n. pl Elements.
4,pl,ڪَپِچا,n. pl Rubble.
4,pl,ڪَسَڙَ,n. pl Weeds.
4,pl,لُڳْڙَٽُڳْڙَ,n. pl Rags.
4,pl,مِڙِيوئي,All ( nom. pl
4,pl,چِڙِۇن,n. pl of
4,playing,تاشَ,Brocade). Playing cards.
4,playing,چِڌو,A playing marble.
4,pleased,ثُٺو,). To be pleased.
4,pleased,خُرَمُ,"Happy, merry, pleased."
4,pleased,خۇشنۇد,"Happy, pleased, merry."
4,pleased,شادِ,"Joyful, happy, pleased."
4,pleased,مَحَظۇظُ,"Happy, joyful, pleased."
4,possess,ماڻَڻُ,To enjoy; possess.
4,possessed,ڀۇتارِيَلُ,One possessed.
4,praise,ساراهَ,"Applause, praise, applauding."
4,praise,سوڀَ,Victory. Praise.
4,praise,واکائَڻس,"To praise, applaud."
4,pressed,ڇيڙو,A pressed labourer.
4,prices,نِراڙُ,of prices current.
4,promises,اَنجاميِ ڪۇڙو,One breaking promises.
4,published,شايَعَ,"Divulged, issued, published."
4,punish,ڪَڍَڻُ,To punish severely.
4,punish,جوڙَپُڄائِڻُ,"To punish, chastise."
4,punjab,پَنجابيِ,Of the Punjab.
4,push,ٿيلهو,A push.
4,push,پِيلَڪَ,A push.
4,qualities,وَصْفَ,") Signs, qualities."
4,questioning,پُڇَ,"Asking, questioning. پُڇَ ڳَڇَ، پُڇاڳاڇا"
4,quicker,وَڌَنديِ وِکَہ,A quicker pace.
4,quietly,هَرين هَرين,"Slowly, quietly."
4,realise,ٻِيث پَوَڻُ,"To realise, understand."
4,rebound,اُٿڙ,A rebound. (
4,rebound,اُوسِڙو,A rebound.
4,rebound,ٿيڙُکائِڻُ,To rebound.
4,recognise,سڃاتو,"To recognise, identify."
4,recognised,سُڃاپَڻُ,To be recognised.
4,recognizing,سُڃاڻَ,"Acquaintance, recognizing."
4,regards,نِئازَ,"Respects, regards."
4,rely,ڀَرِڏِيَڻُ,"To rely, depend."
4,renovated,تازوتَوانو,"Refreshed, cured, renovated."
4,repairing,جوڙَجَڪَ,"Arrangement. Repair, repairing."
4,repairing,مَرامَتَ,"Mending, repairing."
4,repealed,مَنْسۇخُ,Cancelled repealed.
4,residing,واسيِ,"or Resident, residing."
4,respected,قُرْبِوَندُ,"Loved, respected."
4,respected,والِدَهِ,"Mother, respected mother."
4,resting,آسري جيِ جاءِ,A resting place. !
4,resting,مڙه مقام,A resting place.
4,returning,اوٽ موٽ,Going and returning.
4,ribs,پاسِريِ,The ribs.
4,riddle,پِروليِ,"A riddle, enigma."
4,riddle,ڏِٺَپِروليِ,"A riddle, enigma"
4,riddle,ڳجهارت,A riddle enigma.
4,rings,واگهۇ,ear rings.
4,rinse,آڇلائڻ,To rinse.
4,roaming,ٽورو,"Roaming about, taking the air. walking. A stool, evacuation. A company, gang; a herd of cattle, flock of sheep, etc."
4,roast,ڪَبابُ,"Roasted meat, roast."
4,rob,ڦُرَڻُ,To rob.
4,roots,پِنڊَئون,From the roots.
4,ropes,لَڄَ,) ( naut ) Ropes.
4,rub,رَڳِڙَڻُ,"To rub, grate."
4,rub,گَهِڪو,A rub.
4,ruined,اُجڙ,"Desolate, ruined."
4,ruined,چوڙ,"Destroyed, ruined, waste."
4,ruined,خَرابَُ,"Bad, evil; ruined."
4,rumble,گُڙْڪَڻُ,"To rumble, purr."
4,safely,سلامت,"or Safe, safely."
4,scaled,ڇِلُرُ,") Scaled, scaly, squamous."
4,scorpio,ڀَثُنئَڙيِ,). 'Scorpio.'
4,scriptures,ڪَٿا,"Preaching, interpreting Scriptures."
4,scriptures,شاسِتْرُ,The Hindu scriptures.
4,secretly,چُپُ چُپاتِ,"Silently, secretly."
4,secretly,ڳجهائتو,"or Secret, secretly."
4,secretly,منجهائتو,"or Secret, secretly."
4,secretly,چورئيَ,"Stealthily, secretly."
4,seeds,بي داغائيِ,"Seedless, without seeds."
4,seeds,ڪارازيريِ,Common carraway seeds.
4,seeds,ڪارِيجِيريِ,Common carraway seeds.
4,seeds,کَسْکَسِ,Poppy seeds.
4,seeds,کَراڙو,Paddy seeds.
4,seeker,گهورو,"A seeker, searcher."
4,seeker,نهارو,"A searcher, seeker."
4,seth,سيٺياڻيِ,Of a seth
4,severely,ڪَڍَڻُ,To punish severely.
4,severely,گُڎُڀَڃَڻُ,To beat severely.
4,shaking,ڌانڌولُ,A shaking.
4,shaking,ڌوڏَ,"A jolt, shaking."
4,sharply,تَمَڪَ سان,"Curtly, sharply, harshly."
4,shave,ڪۇڙَڻُ,To shave.
4,shaving,سُوارٿيِ,"Adornment, beautifying. Shaving."
4,shaving,سيرَپَ,"Hair-cutting, shaving."
4,shed,گئۇشالا,A cow shed.
4,shed,ڳاڙڻ,To shed tears.
4,shed,ڳوڙهاڳاڙڻ,To shed tears.
4,shed,هنجۇن هارڻ,To shed tears.
4,sheets,ڪَٺورو,( naut ) Stern sheets.
4,shelving,لاڙئون,"Sloping, slanting, shelving."
4,shoots,ٻۇنگَرُ,Top shoots of
4,shoulders,ڪَلَهنئِان,From the shoulders.
4,shout,ٻاڪارَ,"To shout, bawl."
4,shout,سَڏُ,"Call, calling, shout."
4,shout,نَعْرو,"A cry, shout."
4,shout,هوڪارو,A shout.
4,sides,ٻِپارو,From both sides.
4,sigh,ٿڌوساه ڪڻڻ,To sigh.
4,sigh,شۇڪارڻ,To sigh.
4,sigh,شۇڪارو,A sigh.
4,signs,ميڇ ڏئڻ,To make signs.
4,signs,وَصْفَ,") Signs, qualities."
4,sip,ڍُڪُ,"A sup, sip."
4,sip,ڍُڪَڻُ,To sip.
4,sip,سرڪو,To sip.
4,sip,سرڪيِ,A sip.
4,sit,ٺِنڀي هَڻَْنُ,To sit silent.
4,sit,ويهَڻُ,To sit.
4,slap,بُجو,"A cuff, slap."
4,slap,تَماچو,A slap.
4,slap,چَپاٽَ,"A slap, cuff."
4,slap,چَماٽَ,A slap.
4,smaller,ڪمَتر,"Less, lesser, smaller."
4,smaller,لاٺائيِ,Somewhat smaller.
4,smile,پاٻوهَ,A smile.
4,smile,پاٻوهَڻُ,To smile.
4,smile,مُشْڪَڻُ,To smile.
4,smoked,دۇنهاٽڻ,To be smoked.
4,smoker,چَنڊۇليِ,A smoker of
4,snap,ٽُٽَڻُ,"To break, snap."
4,snap,کَسَڻُ,") A snatch, snap."
4,snatch,جهٽَڻُ,"To snatch, pluck."
4,snatch,کَسَڻُ,") A snatch, snap."
4,sold,اَگهائجڻ,To be sold.
4,sold,وڪجڻ,To be sold.
4,soldiers,سِپاهُ,"Soldiery, soldiers collectively."
4,somewhat,جيڪيِسو,"Some little, somewhat."
4,somewhere,ڪاٿي,Where? Somewhere.
4,somewhere,ڪاڏي,Where? Somewhere.
4,somewhere,ڪيڎَهِين,Where? Somewhere.
4,sorts,نَوْعَ,") Sorts, kinds."
4,sorts,ناناپِرْڪارَجا,Of various sorts.
4,sorts,ناناپرڪارجو,Of various sorts.
4,souls,جنم جنم,Transmigration of souls.
4,sound,ڦَهَڪاءُ,A slapping sound.
4,sound,جهانئيِ,"Noise, sound, voice."
4,sound,چيِچاٽُ,A creaking sound.
4,sound,چيِنگهاٽُ,A creaking sound.
4,sound,کَڙْڪائڻ,"To knock, sound."
4,sound,گُڙْڪو,A rumbling sound.
4,sound,لَلْڪارَ,"Melody, sweet sound."
4,sound,ٻِرْڪَ,A sound.
4,sound,رِمِ جِهمِ,A pleasing sound.
4,speak,ﮘا لها ئڻ نٿواُڪليِ,Cannot speak.
4,speak,آلائڻ,To speak.
4,spirited,هِنئين ڎاڍو,"Courageous, spirited."
4,spirits,غيب عالم,Evil spirits.
4,spirits,مَدُرا,"Wine, spirits."
4,spirits,مُندُ,"Wine, spirits."
4,spreading,فراس,"Spreading carpets, etc., the business of a"
4,spy,چاريِ,A spy.
4,stairs,چَرْڻيِ,"A ladder, stairs."
4,stars,ثَوابِتَ,The fixed stars.
4,stay,تالِيو,( naut ) A stay.
4,steal,چورائِڻُ,To steal.
4,stew,دَمَڻُ,To stew.
4,still,ڪَرْڻَڦُلُ,"A still, alembic."
4,still,نِوائو,"Windless, calm, still."
4,stores,ذَخيِرو,"Provisions, stores, treasure."
4,stories,پَڙْٻاٽَ,"Boasting, lying stories."
4,stories,لَپوڙَ,Boasting; braggart stories.
4,stray,اُلِهيڙُ,A stray animal.
4,strengthening,خوراڪيِ,"Strengthening (medicine, &c.); eatable. One who feeds and dresses well."
4,strengthening,قوتی,"Strong, strengthening."
4,stretching,ڳاموڙَ,"Stretching one's limbs, a twitching of the limbs, languor; sickening (for fever, etc.)."
4,stroll,گُهُمڻُ,") A stroll, ramble."
4,stroll,گهمڻ ڦرڻ گهتڻ,To stroll about.
4,submit,آڻ مڃڻ,To submit.
4,submit,تات مَڃَڻَ,To submit.
4,suburbs,پَسِگِرْدائيِ,"Environs, suburbs, vicinity."
4,suburbs,گِرْدِنَواحيِ,"Neighbourhood, suburbs."
4,successful,سَڪاجُ,"Successful, complete, accomplished. One whose actions are good."
4,suck,چَڳِڙَڻُ,To suck.
4,suck,ڌاتو,) To suck.
4,sucked,ڌاپجڻَ,To be sucked.
4,sucking,ٻَٺُ,A sucking pig.
4,suffer,ٽولاڪاکائِڻ,To suffer hardships.
4,suffer,چماٽ لڳڻ,To suffer loss.
4,suffer,ڇيئو پائڻ,To suffer loss.
4,suffer,دُڪَہ ڏسڻ,To suffer.
4,suffer,مَرائِڻُ,To suffer sodomy.
4,suffering,اندوهُ,"Pain, sorrow, suffering."
4,suffering,ڏوسُ,"Sin, fault; suffering."
4,suffering,ڪڇر,One so suffering.
4,suitable,جوڙائِتو,"or Suitable, suitably."
4,sung,راڳِٹي,sung in the 3rd watch before evening.
4,sup,ڍُڪُ,"A sup, sip."
4,sup,سَهارو,"Hope, sup-"
4,suspect,شڪڻ,To fancy; suspect.
4,suspend,لٽْڪائِڻُ,"To hang, suspend."
4,swallowing,ڳِتَ,A swallow; swallowing.
4,sweep,ٻُهارَڻُ,To sweep.
4,sweep,جهاڙۇڏئڻ,To sweep.
4,sweetheart,راوَلُ,A sweetheart.
4,sweetheart,ساجَنُ,"A lover, sweetheart."
4,sweetheart,سُپِريِ,"A lover, sweetheart."
4,sweetheart,ڌِيِرُ,"A comforter, sweetheart."
4,swell,آماسِجَڻُ,To swell.
4,swell,ٿوٿِرَڻُ,To swell.
4,swell,ڦُنڊائِڻُ,To swell. ڦُنڊَڻُ، ڦُنڊِجَڻُ
4,swim,اڻتارۇ,Unable to swim.
4,switch,ڪانٽومٽائڻ,To switch.
4,tack,گوسُ اُٿارَڻُ,( naut ) To tack.
4,take,ٿَڪُ ڀَحيَڻُ لاهِڻُ,To take rest.
4,take,ٽِپُ,To take notes.
4,take,دامن وٺڻ,To take refuge.
4,take,ناس ڏئڻ,To take snuff.
4,take,ويرُوَٺَڻُ,To take revenge.
4,taking,پِئَڻُ,) Taking of water.
4,taking,ڏي وٺ,Giving and taking.
4,tales,ٽِٻَ پَڙَهُڻ,To tell tales.
4,talk,اورَڳُ,Kind friendly talk.
4,talk,بحرڦاڙڻ,To talk tall.
4,talk,بڪوادِ,"Prattle, foolish talk."
4,talk,پَچارَڻُ,To talk about.
4,talk,ڍيڪَ ڇَڎَڻُ,To talk nonsense.
4,talk,گوياگفتار,"Conversation, talk."
4,talk,مَقالُ,"Saying, talk, conversation."
4,talk,واڪَڻُ,"To talk, converse."
4,talk,واڻيِ,"Language, talk."
4,talk,وِنڌاپَڻُ,"Chatter, talk nonsense."
4,talk,اورَڳُہ,Kind friendly talk.
4,tap,ٽِپِڙ,"To tap, pat."
4,teach,سِکائِڻُ,To teach.
4,tears,آب ديدد,"In tears, tearful."
4,tears,رُئَڻَهارِڪو,"Tearful, in tears."
4,tears,ڳاڙڻ,To shed tears.
4,tears,ڳوڙهاڳاڙڻ,To shed tears.
4,tears,هنجۇن هارڻ,To shed tears.
4,tease,ڪرڻ,To tease.
4,tell,اُتﮡ,"To say, tell."
4,tell,اَستﭔولڻ,To tell lies.
4,tell,آکہُ,") To tell, inform."
4,tell,ٽِٻَ پَڙَهُڻ,To tell tales.
4,termination,تَماميِ,"The end, termination."
4,termination,توڙُ,"End, conclusion, termination."
4,terribly,مَڌَمَچَڻُ,To stink terribly.
4,thanksgiving,حَمْدُ,"Praise, thanksgiving."
4,think,خيال ڪرڻ,To think.
4,thoughtful,خياليِ,"Imaginary, fanciful; thoughtful."
4,threat,ڌمڪيِ,A threat.
4,threaten,ڀَڙْڪَڻِ,"To threaten, intimidate."
4,threaten,دئيِ ڪرڻ,"To frighten, threaten."
4,threatening,ڍِنگُمَٽَرُ,A threatening expression.
4,throttle,گهٽوڎيڻ,"To strangle, throttle."
4,throttle,ڎئڻ,To throttle.
4,throwing,بُلُ,"Throwing up a kite, a ball, etc. A joint of the sugar-cane, etc."
4,thunder,گَجَڻُ,"To thunder, roar. ("
4,tie,وَنگَہ,To tie.
4,tightly,ڏاڍِيان,"Tightly, firmly; with force, violently; loudly, with intensity."
4,tightly,سوگهوجَهَلڻُ,To catch tightly.
4,till,هيسِين,"Till this time, still, till now; or with توڻي ، توئيِن ، توڙِين ، تائيِن"
4,times,صدبار,Hundred times.
4,times,وقتي,At times; perchance.
4,tire,ٿَڪائِڻُ,"To tire, fatigue."
4,touch,ڇُهْيو,) To touch.
4,touching,دَرْدَاَنگيزِ,"Painful; pathetic, touching."
4,trace,پيروکَڻَڻُ,To trace footsteps. پيڻاڍئيِ، پيريواڍيِ، پيريِ، پيراڍۇ
4,tracker,پَڳيِ,A tracker.
4,tracker,پيريِ,A tracker. پيراگۇن، پيرانگو
4,tracker,پيڻاڍِيو,A tracker.
4,train,آگ گاڎيِ,A railway train.
4,train,ريلَ,A railway train.
4,transferred,بدلي ٿيڻ,To be transferred.
4,trap,ڦِڙْڪَ,"Snare, trap."
4,trap,ڪُؤامارُ,A rat trap.
4,travelling,سَفَرُ,"Journey, travelling, march."
4,travelling,گَشْتُ,"Circuit. travelling, tour."
4,troops,ڪُمَڪُ,"Auxiliary troops, reinforcement."
4,trouble,اُچائڻ,"To trouble, annoy."
4,trouble,اَڳلي کي هلاک ٿوکرين,You trouble one.
4,trouble,جاڳَرُ,Demand. (?) Trouble. (?)
4,trouble,جُکَ,"Pain, sorrow, trouble."
4,trouble,دق ڪرڻ,"To trouble, annoy."
4,trouble,ڏانجهَہ,"Pain, trouble."
4,trouble,ڪَهَڪُ,"Pain, distress, trouble."
4,trouble,کاپارو,"Annoyance, trouble, botheration."
4,trouble,ڳَهَڻُ,") Trouble, toil, fagging."
4,trouble,مَشَقَّتِ,"Labour, trouble, difficulty."
4,trouble,وِماسُ,"Anxiety, grief, trouble."
4,trouble,وِياڪُلُ ڪرڻ,"To annoy, trouble."
4,trouble,هَرْجُ,"Loss, detriment. Trouble."
4,trouble,هلاکہ ڪرڻ,"To trouble, annoy."
4,trouble,هَلاوَتَ,"Distress, annoyance, trouble."
4,troubled,وِياڪُلُ,"Confounded, troubled."
4,trumpet,صۇر,A trumpet.
4,turn,ڦيرُڦارُ-گهيرِ,"). A turn, twist."
4,turn,چرخ مارڻ,To turn round.
4,turn,گَرْدانَڻُ,To turn ( Shah
4,turn,لِڱو,"Time, turn, occasion."
4,turn,لَهْڪارِجَڻُ,To turn pale.
4,turn,وارو,"Time, tour, turn. ("
4,twist,ڦيرُڦارُ-گهيرِ,"). A turn, twist."
4,uncovered,نَنگو,"Naked, uncovered."
4,undergo,جوڳُ پَچائِڻُ,To undergo hardships.
4,undergo,ڪروٽ کائڻ,To undergo hardships.
4,understand,ٻِيث پَوَڻُ,"To realise, understand."
4,understand,سُرْجَهڻُ,"To understand, comprehend"
4,understand,اُجَهڻُ,"To understand, as"
4,upset,ليٽائڻ,"To upset, overturn."
4,vegetables,ڀاڄيِ,"Vegetables, pot herbs. Food, sweets &c. distributed among relations, etc."
4,venetian,سِيتاراميِ,A Venetian coin.
4,verified,مُحَقَقُ,"Authenticated, verified; positive."
4,verses,بَيْتِ بازيِ ڪرڻ,To cap (verses).
4,vicinity,اوڙو پاڙو,"Neighbourhood, vicinity; neighbours."
4,vicinity,پَسِگِرْدائيِ,"Environs, suburbs, vicinity."
4,vicinity,ڇَڪَ,"Surroundings, vicinity."
4,vicinity,ويجهائيِ,"Nearness, proximity, vicinity."
4,visit,روُئَتَ,"Appearance, sight, visit."
4,visit,مُلاقاتَ,"Meeting, interview, visit."
4,visiting,زيارَتَ,"A pilgrimage, visiting."
4,vomiting,واتَوارو,Emetic causing vomiting.
4,votes,غلبي,Majority of votes.
4,wait,تَرْسَڻُ,To wait.
4,wait,جۇهَ,Lying in wait.
4,wait,سيِڙَڻُ,"To delay, wait."
4,walk,کُڙيِ کَڻَڻُ,To walk astf.
4,walking,پَنڌُ,"Distance; journeying, walking."
4,walking,پيرين پَنڌِ,On foot; walking.
4,wander,ڀَوڻو,"To wander, roam."
4,wander,پَنجاڪَڇَڻُ,To wander aimlessly.
4,wander,چڪرَکائڻ,To wander about.
4,wander,ڇِرَڻُ,"To wander, roam."
4,wandering,ڀنوارُ,One wandering about.
4,wandering,ڦيرِيدارُ,A wandering mendicant.
4,wandering,لوٿِڪو,"Stray, wandering about."
4,wandering,ڀۇڻِ,"Travelling, wandering. Knowledge."
4,washed,ڌوئِجَڻُ,To be washed.
4,washed,ڌئارڻ,To get washed.
4,watching,جاڳَرْتِ,"Waking, watching, vigilance."
4,watching,سَهيڙَ,"Carefulness, watching, vigilance."
4,ways,ڀيتِ,"Habits, ways."
4,ways,رَوَشِ,"Behaviour, conduct, ways."
4,ways,ڪُچالَ,"Misconduct, evil ways."
4,weaving,اُڻاڻيِ,Cost of weaving.
4,weaving,ڌَڙِ,( Jewelry ) Girdle. ( Weaving
4,weaving,باسِڪارِيۇن,( weaving ) Lease-rods.
4,weigh,آڳوپيڇوڳڻڻ,To weigh consequences.
4,weigh,تورَڻُ,To weigh.
4,weigh,ٽَلَڻُ,To weigh.
4,weigh,جوکَڻُ,To weigh.
4,welcome,اَجيِ,"Honor, welcome."
4,welcome,جييِءُ ڪري,) You are welcome.
4,welcome,مَرَحْبا,inter Hail! welcome!
4,welcome,مَرَحْباڪَرَڻُ,To welcome.
4,welcome,نِچُ آيَئِن,You are welcome.
4,welcome,نچ چوڻ,To welcome.
4,welcome,هانمُشْڪا,"Greeting, welcome."
4,whistle,سيِٽَ,"Whistling, whistle"
4,whistle,سيٽ ؤڄائِڻُ,To whistle.
4,whistle,سيِنڌَ,"A whistle, whistling."
4,whistle,سيِنڌارَڻُ,To whistle.
4,whistler,سِيِٽُر,A whistler.
4,whistler,سينڌائيِ,A whistler.
4,willingness,خۇشدليِ,"Pleasure, satisfaction, willingness."
4,wink,اَکہ ڀﭸڻ,To wink.
4,wink,ٽَپَڻُ,To wink.
4,wink,جِهمائِڻُ,To wink (eyes).
4,wipe,اُگَهڻُ,To wipe.
4,wisely,سَنڌُ ڪمائِڻ,To act wisely.
4,words,لَفْظُ,"). Words, terms."
4,words,تُڪانتَ,Rhyme of words.
4,words,حيص بيص ڪَرڻَ,To bandy words.
4,words,ڪِٺس,"Indecent words, scurrility."
4,words,رَٽَڻُ,") Speech, words."
4,worlds,دارينِ,The two worlds.
4,worlds,تِرْلوڪ,The three worlds (
4,worried,تالان,"Annoyed, worried; plundered."
4,worry,ريڙائڻ,"To worry, harass.."
4,worry,گِهِلَڻُ,"See گِهِل گيِنداڙَ . گِهِرَڻُ Harassment, worry."
4,years,سالَها,For years.
4,years,وِسانگَ ويساندَرَ,Many many years.
